specification,specification_label,outcome,outcome_label,event_time_month,estimand,estimate,std_error,conf_low,conf_high,p_value,clusters,observations,unit,switcher_households,figure_panel,family,benefit_direction,main_candidate,grain,untreated_reference_sd,standardised_effect,standardised_conf_low,standardised_conf_high,improvement_effect,improvement_conf_low,improvement_conf_high,evidence_type,q_value_family,main_outcome,conditional_question,direction,causal_interpretation_allowed,estimate_raw,std_error_raw,conf_low_raw,conf_high_raw,q_value,adopter_n,nonadopter_n,adopter_mean_raw,nonadopter_mean_raw,adjusted_mean_adopter_raw,adjusted_mean_nonadopter_raw,standardized_difference,standardized_conf_low,standardized_conf_high,model_rank,model_r2,variable,service,count,denominator,share,percentage,conf_low_percentage,conf_high_percentage,raw_code,label,heat_column,heat_definition,households,y_base,rmb_per_usd_used_for_figure,sample,event_time,heat_state,legend_label,colour_name,offset
main,All switchers + never-treated; not-yet/never first stage,electricity_bill_rmb,Actual monthly electricity bill,-12.0,Withheld-lead placebo,1.4420493221794826,2.360806755193154,-3.3072812723294933,6.191379916688458,0.5442556220009124,48.0,88.0,RMB/month,450.0,a-c,,,,,,,,,,,,,,,,,,,,,,,,,,,,,,,,,,,,,,,,,,,,,,,,6.8,,,,,,
main,All switchers + never-treated; not-yet/never first stage,electricity_bill_rmb,Actual monthly electricity bill,-11.0,Withheld-lead placebo,1.63334835653042,2.144829649243547,-2.681492343901626,5.948189056962466,0.4501460120741792,48.0,91.0,RMB/month,450.0,a-c,,,,,,,,,,,,,,,,,,,,,,,,,,,,,,,,,,,,,,,,,,,,,,,,6.8,,,,,,
main,All switchers + never-treated; not-yet/never first stage,electricity_bill_rmb,Actual monthly electricity bill,-10.0,Withheld-lead placebo,2.4074966232002577,1.0662670741206155,0.2624439517357162,4.552549294664799,0.0286381392123789,48.0,97.0,RMB/month,450.0,a-c,,,,,,,,,,,,,,,,,,,,,,,,,,,,,,,,,,,,,,,,,,,,,,,,6.8,,,,,,
main,All switchers + never-treated; not-yet/never first stage,electricity_bill_rmb,Actual monthly electricity bill,-9.0,Withheld-lead placebo,4.626835291995488,1.896539782003754,0.8114893766383187,8.442181207352657,0.0185307508328429,48.0,97.0,RMB/month,450.0,a-c,,,,,,,,,,,,,,,,,,,,,,,,,,,,,,,,,,,,,,,,,,,,,,,,6.8,,,,,,
main,All switchers + never-treated; not-yet/never first stage,electricity_bill_rmb,Actual monthly electricity bill,-8.0,Withheld-lead placebo,4.368493573141153,2.208691019740204,-0.0723773600010098,8.809364506283316,0.0537002243594059,49.0,98.0,RMB/month,450.0,a-c,,,,,,,,,,,,,,,,,,,,,,,,,,,,,,,,,,,,,,,,,,,,,,,,6.8,,,,,,
main,All switchers + never-treated; not-yet/never first stage,electricity_bill_rmb,Actual monthly electricity bill,-7.0,Withheld-lead placebo,4.687082093814508,2.3625713078864017,-0.0631858951876322,9.437350082816646,0.0530027330414145,49.0,99.0,RMB/month,450.0,a-c,,,,,,,,,,,,,,,,,,,,,,,,,,,,,,,,,,,,,,,,,,,,,,,,6.8,,,,,,
main,All switchers + never-treated; not-yet/never first stage,electricity_bill_rmb,Actual monthly electricity bill,-6.0,Withheld-lead placebo,0.6729901105436307,1.9620284579126788,-3.2719325023834736,4.6179127234707344,0.733090681121409,49.0,99.0,RMB/month,450.0,a-c,,,,,,,,,,,,,,,,,,,,,,,,,,,,,,,,,,,,,,,,,,,,,,,,6.8,,,,,,
main,All switchers + never-treated; not-yet/never first stage,electricity_bill_rmb,Actual monthly electricity bill,-5.0,Withheld-lead placebo,-1.549305164259687,1.0454980763802315,-3.637309005749565,0.538698677230192,0.143203572291243,66.0,167.0,RMB/month,450.0,a-c,,,,,,,,,,,,,,,,,,,,,,,,,,,,,,,,,,,,,,,,,,,,,,,,6.8,,,,,,
main,All switchers + never-treated; not-yet/never first stage,electricity_bill_rmb,Actual monthly electricity bill,-4.0,Withheld-lead placebo,-1.6690372179068214,0.8268237845656659,-3.318505536027711,-0.0195688997859315,0.0474158834237993,70.0,242.0,RMB/month,450.0,a-c,,,,,,,,,,,,,,,,,,,,,,,,,,,,,,,,,,,,,,,,,,,,,,,,6.8,,,,,,
main,All switchers + never-treated; not-yet/never first stage,electricity_bill_rmb,Actual monthly electricity bill,-3.0,Withheld-lead placebo,-1.766930838442931,0.7129100789150274,-3.188433162165852,-0.3454285147200104,0.0155730614922308,72.0,303.0,RMB/month,450.0,a-c,,,,,,,,,,,,,,,,,,,,,,,,,,,,,,,,,,,,,,,,,,,,,,,,6.8,,,,,,
main,All switchers + never-treated; not-yet/never first stage,electricity_bill_rmb,Actual monthly electricity bill,-2.0,Withheld-lead placebo,-0.6325793033061928,0.4583291544904871,-1.546027990917261,0.2808693843048753,0.171741672232997,74.0,384.0,RMB/month,450.0,a-c,,,,,,,,,,,,,,,,,,,,,,,,,,,,,,,,,,,,,,,,,,,,,,,,6.8,,,,,,
main,All switchers + never-treated; not-yet/never first stage,electricity_bill_rmb,Actual monthly electricity bill,-1.0,Reference month,0.0,0.0,0.0,0.0,,,,RMB/month,450.0,a-c,,,,,,,,,,,,,,,,,,,,,,,,,,,,,,,,,,,,,,,,,,,,,,,,6.8,,,,,,
main,All switchers + never-treated; not-yet/never first stage,electricity_bill_rmb,Actual monthly electricity bill,0.0,Partial connection month,-12.039188782775812,0.7147710571137595,-13.463401203171433,-10.614976362380192,4.966450604406293e-27,75.0,450.0,RMB/month,450.0,a-c,,,,,,,,,,,,,,,,,,,,,,,,,,,,,,,,,,,,,,,,,,,,,,,,6.8,,,,,,
main,All switchers + never-treated; not-yet/never first stage,electricity_bill_rmb,Actual monthly electricity bill,1.0,Event-time effect,-21.70783098629857,1.055265576832806,-23.81049354710513,-19.60516842549201,2.4599444518251432e-32,75.0,449.0,RMB/month,450.0,a-c,,,,,,,,,,,,,,,,,,,,,,,,,,,,,,,,,,,,,,,,,,,,,,,,6.8,,,,,,
main,All switchers + never-treated; not-yet/never first stage,electricity_bill_rmb,Actual monthly electricity bill,2.0,Event-time effect,-22.787563508633475,1.0525312060685317,-24.88477771676027,-20.69034930050668,9.520582879121205e-34,75.0,448.0,RMB/month,450.0,a-c,,,,,,,,,,,,,,,,,,,,,,,,,,,,,,,,,,,,,,,,,,,,,,,,6.8,,,,,,
main,All switchers + never-treated; not-yet/never first stage,electricity_bill_rmb,Actual monthly electricity bill,3.0,Event-time effect,-22.062895222838385,0.9452315600821896,-23.94631021931988,-20.17948022635689,7.354930000924139e-36,75.0,448.0,RMB/month,450.0,a-c,,,,,,,,,,,,,,,,,,,,,,,,,,,,,,,,,,,,,,,,,,,,,,,,6.8,,,,,,
main,All switchers + never-treated; not-yet/never first stage,electricity_bill_rmb,Actual monthly electricity bill,4.0,Event-time effect,-22.301819474767807,1.013757524977956,-24.32177543685336,-20.28186351268226,3.4123210431966894e-34,75.0,445.0,RMB/month,450.0,a-c,,,,,,,,,,,,,,,,,,,,,,,,,,,,,,,,,,,,,,,,,,,,,,,,6.8,,,,,,
main,All switchers + never-treated; not-yet/never first stage,electricity_bill_rmb,Actual monthly electricity bill,5.0,Event-time effect,-20.87239426715944,0.9937566312597892,-22.852497578569043,-18.89229095574983,6.586606926480234e-33,75.0,443.0,RMB/month,450.0,a-c,,,,,,,,,,,,,,,,,,,,,,,,,,,,,,,,,,,,,,,,,,,,,,,,6.8,,,,,,
main,All switchers + never-treated; not-yet/never first stage,electricity_bill_rmb,Actual monthly electricity bill,6.0,Event-time effect,-18.63785361795612,0.9361895501458136,-20.503252016355525,-16.77245521955672,1.9249369987473667e-31,75.0,443.0,RMB/month,450.0,a-c,,,,,,,,,,,,,,,,,,,,,,,,,,,,,,,,,,,,,,,,,,,,,,,,6.8,,,,,,
main,All switchers + never-treated; not-yet/never first stage,electricity_bill_rmb,Actual monthly electricity bill,7.0,Event-time effect,-18.182237891834724,0.8242710399929588,-19.82463379083872,-16.53984199283073,2.86883474796658e-34,75.0,442.0,RMB/month,450.0,a-c,,,,,,,,,,,,,,,,,,,,,,,,,,,,,,,,,,,,,,,,,,,,,,,,6.8,,,,,,
main,All switchers + never-treated; not-yet/never first stage,electricity_bill_rmb,Actual monthly electricity bill,8.0,Event-time effect,-18.406215882680023,0.8831627044939913,-20.165955984705928,-16.646475780654125,1.0773417123493274e-32,75.0,438.0,RMB/month,450.0,a-c,,,,,,,,,,,,,,,,,,,,,,,,,,,,,,,,,,,,,,,,,,,,,,,,6.8,,,,,,
main,All switchers + never-treated; not-yet/never first stage,electricity_bill_rmb,Actual monthly electricity bill,9.0,Event-time effect,-18.189907254033034,0.8700277967968431,-19.92347548116718,-16.45633902689889,8.816015075672457e-33,75.0,438.0,RMB/month,450.0,a-c,,,,,,,,,,,,,,,,,,,,,,,,,,,,,,,,,,,,,,,,,,,,,,,,6.8,,,,,,
main,All switchers + never-treated; not-yet/never first stage,electricity_bill_rmb,Actual monthly electricity bill,10.0,Event-time effect,-17.131247994086202,0.7938725012209549,-18.713073482397032,-15.549422505775372,1.174526074596026e-33,75.0,436.0,RMB/month,450.0,a-c,,,,,,,,,,,,,,,,,,,,,,,,,,,,,,,,,,,,,,,,,,,,,,,,6.8,,,,,,
main,All switchers + never-treated; not-yet/never first stage,electricity_bill_rmb,Actual monthly electricity bill,11.0,Event-time effect,-16.34992838651899,0.7381142429078048,-17.820653119925336,-14.879203653112643,2.191952483513233e-34,75.0,433.0,RMB/month,450.0,a-c,,,,,,,,,,,,,,,,,,,,,,,,,,,,,,,,,,,,,,,,,,,,,,,,6.8,,,,,,
main,All switchers + never-treated; not-yet/never first stage,electricity_bill_rmb,Actual monthly electricity bill,12.0,Event-time effect,-17.634322755129034,0.938983738297766,-19.50528869495492,-15.763356815303146,7.131552389654001e-30,75.0,433.0,RMB/month,450.0,a-c,,,,,,,,,,,,,,,,,,,,,,,,,,,,,,,,,,,,,,,,,,,,,,,,6.8,,,,,,
main,All switchers + never-treated; not-yet/never first stage,electricity_bill_rmb,Actual monthly electricity bill,13.0,Event-time effect,-20.8058294179416,1.0897890484957038,-22.97728149764113,-18.634377338242068,2.5936988053382756e-30,75.0,430.0,RMB/month,450.0,a-c,,,,,,,,,,,,,,,,,,,,,,,,,,,,,,,,,,,,,,,,,,,,,,,,6.8,,,,,,
main,All switchers + never-treated; not-yet/never first stage,electricity_bill_rmb,Actual monthly electricity bill,14.0,Event-time effect,-23.73385229818904,1.1910579627356803,-26.10708709422148,-21.36061750215661,1.8163812819902288e-31,75.0,430.0,RMB/month,450.0,a-c,,,,,,,,,,,,,,,,,,,,,,,,,,,,,,,,,,,,,,,,,,,,,,,,6.8,,,,,,
main,All switchers + never-treated; not-yet/never first stage,electricity_bill_rmb,Actual monthly electricity bill,15.0,Event-time effect,-24.278151174145208,1.115894790980123,-26.50162008121893,-22.05468226707148,6.9534209426242976e-34,75.0,430.0,RMB/month,450.0,a-c,,,,,,,,,,,,,,,,,,,,,,,,,,,,,,,,,,,,,,,,,,,,,,,,6.8,,,,,,
main,All switchers + never-treated; not-yet/never first stage,electricity_bill_rmb,Actual monthly electricity bill,16.0,Event-time effect,-24.351966207542983,1.162899313452003,-26.669093670112147,-22.034838744973825,7.965419331969644e-33,75.0,428.0,RMB/month,450.0,a-c,,,,,,,,,,,,,,,,,,,,,,,,,,,,,,,,,,,,,,,,,,,,,,,,6.8,,,,,,
main,All switchers + never-treated; not-yet/never first stage,electricity_bill_rmb,Actual monthly electricity bill,17.0,Event-time effect,-23.32983091216233,1.214673813782683,-25.750121318581623,-20.909540505743028,1.7898993535396997e-30,75.0,426.0,RMB/month,450.0,a-c,,,,,,,,,,,,,,,,,,,,,,,,,,,,,,,,,,,,,,,,,,,,,,,,6.8,,,,,,
main,All switchers + never-treated; not-yet/never first stage,electricity_bill_rmb,Actual monthly electricity bill,18.0,Event-time effect,-20.259808004416907,1.029078815617997,-22.310292304505044,-18.20932370432877,3.861680829221918e-31,75.0,426.0,RMB/month,450.0,a-c,,,,,,,,,,,,,,,,,,,,,,,,,,,,,,,,,,,,,,,,,,,,,,,,6.8,,,,,,
main,All switchers + never-treated; not-yet/never first stage,electricity_bill_rmb,Actual monthly electricity bill,19.0,Event-time effect,-18.064184949868547,0.8970058898564746,-19.85150820084105,-16.276861698896045,9.373025229488395e-32,75.0,423.0,RMB/month,450.0,a-c,,,,,,,,,,,,,,,,,,,,,,,,,,,,,,,,,,,,,,,,,,,,,,,,6.8,,,,,,
main,All switchers + never-treated; not-yet/never first stage,electricity_bill_rmb,Actual monthly electricity bill,20.0,Event-time effect,-18.26326006447409,0.9441289011366448,-20.14447796504623,-16.382042163901946,1.1516896316668528e-30,75.0,419.0,RMB/month,450.0,a-c,,,,,,,,,,,,,,,,,,,,,,,,,,,,,,,,,,,,,,,,,,,,,,,,6.8,,,,,,
main,All switchers + never-treated; not-yet/never first stage,electricity_bill_rmb,Actual monthly electricity bill,21.0,Event-time effect,-18.004672261481304,0.969576057833222,-19.93659472860006,-16.072749794362547,1.4222672217121632e-29,75.0,415.0,RMB/month,450.0,a-c,,,,,,,,,,,,,,,,,,,,,,,,,,,,,,,,,,,,,,,,,,,,,,,,6.8,,,,,,
main,All switchers + never-treated; not-yet/never first stage,electricity_bill_rmb,Actual monthly electricity bill,22.0,Event-time effect,-16.77325544592841,0.8748432085738427,-18.516418590475435,-15.030092301381384,1.9956160534602144e-30,75.0,406.0,RMB/month,450.0,a-c,,,,,,,,,,,,,,,,,,,,,,,,,,,,,,,,,,,,,,,,,,,,,,,,6.8,,,,,,
main,All switchers + never-treated; not-yet/never first stage,electricity_bill_rmb,Actual monthly electricity bill,23.0,Event-time effect,-15.648829085247735,0.8566466238514298,-17.355734743271608,-13.941923427223864,3.863087417005868e-29,75.0,403.0,RMB/month,450.0,a-c,,,,,,,,,,,,,,,,,,,,,,,,,,,,,,,,,,,,,,,,,,,,,,,,6.8,,,,,,
main,All switchers + never-treated; not-yet/never first stage,electricity_bill_rmb,Actual monthly electricity bill,24.0,Event-time effect,-16.34759735304547,0.9329486167243024,-18.206538050637526,-14.488656655453411,4.7546295685669285e-28,75.0,398.0,RMB/month,450.0,a-c,,,,,,,,,,,,,,,,,,,,,,,,,,,,,,,,,,,,,,,,,,,,,,,,6.8,,,,,,
main,All switchers + never-treated; not-yet/never first stage,bill_income_ratio_current_pct,Electricity-bill-to-income ratio,-12.0,Withheld-lead placebo,0.0195799120424942,0.1435603284268472,-0.2693920412273344,0.3085518653123229,0.8921096885740769,47.0,83.0,percentage points,450.0,a-c,,,,,,,,,,,,,,,,,,,,,,,,,,,,,,,,,,,,,,,,,,,,,,,,6.8,,,,,,
main,All switchers + never-treated; not-yet/never first stage,bill_income_ratio_current_pct,Electricity-bill-to-income ratio,-11.0,Withheld-lead placebo,0.1570308024581849,0.1717816916505058,-0.1885493861521718,0.5026109910685417,0.3653144793290176,48.0,86.0,percentage points,450.0,a-c,,,,,,,,,,,,,,,,,,,,,,,,,,,,,,,,,,,,,,,,,,,,,,,,6.8,,,,,,
main,All switchers + never-treated; not-yet/never first stage,bill_income_ratio_current_pct,Electricity-bill-to-income ratio,-10.0,Withheld-lead placebo,0.4266687920567236,0.1556251834751528,0.1135913055031306,0.7397462786103166,0.0086197972737792,48.0,93.0,percentage points,450.0,a-c,,,,,,,,,,,,,,,,,,,,,,,,,,,,,,,,,,,,,,,,,,,,,,,,6.8,,,,,,
main,All switchers + never-treated; not-yet/never first stage,bill_income_ratio_current_pct,Electricity-bill-to-income ratio,-9.0,Withheld-lead placebo,0.4855841197821982,0.189563769494096,0.1042310047555944,0.8669372348088018,0.0136874318892356,48.0,93.0,percentage points,450.0,a-c,,,,,,,,,,,,,,,,,,,,,,,,,,,,,,,,,,,,,,,,,,,,,,,,6.8,,,,,,
main,All switchers + never-treated; not-yet/never first stage,bill_income_ratio_current_pct,Electricity-bill-to-income ratio,-8.0,Withheld-lead placebo,0.2893100960396844,0.111321099119462,0.0654840248931618,0.513136167186207,0.0123873605299234,49.0,94.0,percentage points,450.0,a-c,,,,,,,,,,,,,,,,,,,,,,,,,,,,,,,,,,,,,,,,,,,,,,,,6.8,,,,,,
main,All switchers + never-treated; not-yet/never first stage,bill_income_ratio_current_pct,Electricity-bill-to-income ratio,-7.0,Withheld-lead placebo,0.0891591554832007,0.1216222454672468,-0.155378758553552,0.3336970695199535,0.4670732625530094,49.0,96.0,percentage points,450.0,a-c,,,,,,,,,,,,,,,,,,,,,,,,,,,,,,,,,,,,,,,,,,,,,,,,6.8,,,,,,
main,All switchers + never-treated; not-yet/never first stage,bill_income_ratio_current_pct,Electricity-bill-to-income ratio,-6.0,Withheld-lead placebo,-0.194099580328306,0.0984709739390178,-0.392197628027856,0.003998467371244,0.0546126237291089,48.0,95.0,percentage points,450.0,a-c,,,,,,,,,,,,,,,,,,,,,,,,,,,,,,,,,,,,,,,,,,,,,,,,6.8,,,,,,
main,All switchers + never-treated; not-yet/never first stage,bill_income_ratio_current_pct,Electricity-bill-to-income ratio,-5.0,Withheld-lead placebo,-0.1950196138139419,0.0771503931290458,-0.3490995885793054,-0.0409396390485784,0.0139183203497962,66.0,159.0,percentage points,450.0,a-c,,,,,,,,,,,,,,,,,,,,,,,,,,,,,,,,,,,,,,,,,,,,,,,,6.8,,,,,,
main,All switchers + never-treated; not-yet/never first stage,bill_income_ratio_current_pct,Electricity-bill-to-income ratio,-4.0,Withheld-lead placebo,-0.0728680738507469,0.0507471484201694,-0.1741058649213305,0.0283697172198367,0.1555476608216025,70.0,234.0,percentage points,450.0,a-c,,,,,,,,,,,,,,,,,,,,,,,,,,,,,,,,,,,,,,,,,,,,,,,,6.8,,,,,,
main,All switchers + never-treated; not-yet/never first stage,bill_income_ratio_current_pct,Electricity-bill-to-income ratio,-3.0,Withheld-lead placebo,-0.0789522649039281,0.0493545468814737,-0.1773624363312686,0.0194579065234123,0.1141068872714104,72.0,293.0,percentage points,450.0,a-c,,,,,,,,,,,,,,,,,,,,,,,,,,,,,,,,,,,,,,,,,,,,,,,,6.8,,,,,,
main,All switchers + never-treated; not-yet/never first stage,bill_income_ratio_current_pct,Electricity-bill-to-income ratio,-2.0,Withheld-lead placebo,-0.0145699873529186,0.0392630429553095,-0.0928211191165404,0.0636811444107031,0.7116478379419116,74.0,373.0,percentage points,450.0,a-c,,,,,,,,,,,,,,,,,,,,,,,,,,,,,,,,,,,,,,,,,,,,,,,,6.8,,,,,,
main,All switchers + never-treated; not-yet/never first stage,bill_income_ratio_current_pct,Electricity-bill-to-income ratio,-1.0,Reference month,0.0,0.0,0.0,0.0,,,,percentage points,450.0,a-c,,,,,,,,,,,,,,,,,,,,,,,,,,,,,,,,,,,,,,,,,,,,,,,,6.8,,,,,,
main,All switchers + never-treated; not-yet/never first stage,bill_income_ratio_current_pct,Electricity-bill-to-income ratio,0.0,Partial connection month,-0.6527004865923952,0.0532078937976011,-0.7587195292710832,-0.5466814439137072,1.652021167715532e-19,75.0,437.0,percentage points,450.0,a-c,,,,,,,,,,,,,,,,,,,,,,,,,,,,,,,,,,,,,,,,,,,,,,,,6.8,,,,,,
main,All switchers + never-treated; not-yet/never first stage,bill_income_ratio_current_pct,Electricity-bill-to-income ratio,1.0,Event-time effect,-1.2240538277584827,0.0753798252805562,-1.3742514082891302,-1.0738562472278352,4.211759088224799e-26,75.0,432.0,percentage points,450.0,a-c,,,,,,,,,,,,,,,,,,,,,,,,,,,,,,,,,,,,,,,,,,,,,,,,6.8,,,,,,
main,All switchers + never-treated; not-yet/never first stage,bill_income_ratio_current_pct,Electricity-bill-to-income ratio,2.0,Event-time effect,-1.3474570590100403,0.0786076981297324,-1.504086316589585,-1.1908278014304956,1.760872676273592e-27,75.0,428.0,percentage points,450.0,a-c,,,,,,,,,,,,,,,,,,,,,,,,,,,,,,,,,,,,,,,,,,,,,,,,6.8,,,,,,
main,All switchers + never-treated; not-yet/never first stage,bill_income_ratio_current_pct,Electricity-bill-to-income ratio,3.0,Event-time effect,-1.3668233380100667,0.0779344614095456,-1.5221111421420863,-1.2115355338780471,4.508013723403964e-28,75.0,430.0,percentage points,450.0,a-c,,,,,,,,,,,,,,,,,,,,,,,,,,,,,,,,,,,,,,,,,,,,,,,,6.8,,,,,,
main,All switchers + never-treated; not-yet/never first stage,bill_income_ratio_current_pct,Electricity-bill-to-income ratio,4.0,Event-time effect,-1.421034906324118,0.0805245834104812,-1.5814836412008269,-1.2605861714474094,3.109060611327609e-28,75.0,426.0,percentage points,450.0,a-c,,,,,,,,,,,,,,,,,,,,,,,,,,,,,,,,,,,,,,,,,,,,,,,,6.8,,,,,,
main,All switchers + never-treated; not-yet/never first stage,bill_income_ratio_current_pct,Electricity-bill-to-income ratio,5.0,Event-time effect,-1.3664615366668569,0.0791471195187179,-1.5242015183901223,-1.2087215549435908,1.741457892973177e-27,74.0,419.0,percentage points,450.0,a-c,,,,,,,,,,,,,,,,,,,,,,,,,,,,,,,,,,,,,,,,,,,,,,,,6.8,,,,,,
main,All switchers + never-treated; not-yet/never first stage,bill_income_ratio_current_pct,Electricity-bill-to-income ratio,6.0,Event-time effect,-1.1934193524445331,0.0679491092265809,-1.328841731839885,-1.0579969730491816,6.329464682118361e-28,74.0,418.0,percentage points,450.0,a-c,,,,,,,,,,,,,,,,,,,,,,,,,,,,,,,,,,,,,,,,,,,,,,,,6.8,,,,,,
main,All switchers + never-treated; not-yet/never first stage,bill_income_ratio_current_pct,Electricity-bill-to-income ratio,7.0,Event-time effect,-1.100513261165994,0.0704357060232226,-1.2408914208302997,-0.9601351015016886,5.501322500647465e-25,74.0,420.0,percentage points,450.0,a-c,,,,,,,,,,,,,,,,,,,,,,,,,,,,,,,,,,,,,,,,,,,,,,,,6.8,,,,,,
main,All switchers + never-treated; not-yet/never first stage,bill_income_ratio_current_pct,Electricity-bill-to-income ratio,8.0,Event-time effect,-1.1143605791321352,0.0811112935032635,-1.276015153961348,-0.9527060043029224,6.251005026453041e-22,74.0,417.0,percentage points,450.0,a-c,,,,,,,,,,,,,,,,,,,,,,,,,,,,,,,,,,,,,,,,,,,,,,,,6.8,,,,,,
main,All switchers + never-treated; not-yet/never first stage,bill_income_ratio_current_pct,Electricity-bill-to-income ratio,9.0,Event-time effect,-1.0802071203937509,0.0798759404681858,-1.239399640174594,-0.9210146006129072,1.43544090296047e-21,74.0,415.0,percentage points,450.0,a-c,,,,,,,,,,,,,,,,,,,,,,,,,,,,,,,,,,,,,,,,,,,,,,,,6.8,,,,,,
main,All switchers + never-treated; not-yet/never first stage,bill_income_ratio_current_pct,Electricity-bill-to-income ratio,10.0,Event-time effect,-1.0044774665926632,0.0737397636918007,-1.1514406036942193,-0.8575143294911072,9.807803194760706e-22,74.0,411.0,percentage points,450.0,a-c,,,,,,,,,,,,,,,,,,,,,,,,,,,,,,,,,,,,,,,,,,,,,,,,6.8,,,,,,
main,All switchers + never-treated; not-yet/never first stage,bill_income_ratio_current_pct,Electricity-bill-to-income ratio,11.0,Event-time effect,-0.9625944003731248,0.0717846100266576,-1.1056283581358413,-0.8195604426104082,1.7094899163100204e-21,75.0,411.0,percentage points,450.0,a-c,,,,,,,,,,,,,,,,,,,,,,,,,,,,,,,,,,,,,,,,,,,,,,,,6.8,,,,,,
main,All switchers + never-treated; not-yet/never first stage,bill_income_ratio_current_pct,Electricity-bill-to-income ratio,12.0,Event-time effect,-1.0631054956140753,0.0853996403176178,-1.233267993419736,-0.8929429978084146,7.904535094378636e-20,75.0,412.0,percentage points,450.0,a-c,,,,,,,,,,,,,,,,,,,,,,,,,,,,,,,,,,,,,,,,,,,,,,,,6.8,,,,,,
main,All switchers + never-treated; not-yet/never first stage,bill_income_ratio_current_pct,Electricity-bill-to-income ratio,13.0,Event-time effect,-1.235684128253583,0.0923227430591919,-1.4196412093934367,-1.05172704711373,1.8867097169793265e-21,75.0,407.0,percentage points,450.0,a-c,,,,,,,,,,,,,,,,,,,,,,,,,,,,,,,,,,,,,,,,,,,,,,,,6.8,,,,,,
main,All switchers + never-treated; not-yet/never first stage,bill_income_ratio_current_pct,Electricity-bill-to-income ratio,14.0,Event-time effect,-1.4302050151584504,0.101105643525045,-1.6316624074903612,-1.2287476228265397,9.7965567573479e-23,75.0,405.0,percentage points,450.0,a-c,,,,,,,,,,,,,,,,,,,,,,,,,,,,,,,,,,,,,,,,,,,,,,,,6.8,,,,,,
main,All switchers + never-treated; not-yet/never first stage,bill_income_ratio_current_pct,Electricity-bill-to-income ratio,15.0,Event-time effect,-1.4714365287525086,0.0968052894955111,-1.6643252786358962,-1.278547778869121,1.839994546579465e-24,75.0,402.0,percentage points,450.0,a-c,,,,,,,,,,,,,,,,,,,,,,,,,,,,,,,,,,,,,,,,,,,,,,,,6.8,,,,,,
main,All switchers + never-treated; not-yet/never first stage,bill_income_ratio_current_pct,Electricity-bill-to-income ratio,16.0,Event-time effect,-1.5434170878534916,0.0956535903426014,-1.7340110270813438,-1.3528231486256397,6.088445623978269e-26,75.0,400.0,percentage points,450.0,a-c,,,,,,,,,,,,,,,,,,,,,,,,,,,,,,,,,,,,,,,,,,,,,,,,6.8,,,,,,
main,All switchers + never-treated; not-yet/never first stage,bill_income_ratio_current_pct,Electricity-bill-to-income ratio,17.0,Event-time effect,-1.4807114515660156,0.1007629608666262,-1.6814860337959825,-1.2799368693360489,1.213153358089288e-23,75.0,398.0,percentage points,450.0,a-c,,,,,,,,,,,,,,,,,,,,,,,,,,,,,,,,,,,,,,,,,,,,,,,,6.8,,,,,,
main,All switchers + never-treated; not-yet/never first stage,bill_income_ratio_current_pct,Electricity-bill-to-income ratio,18.0,Event-time effect,-1.293292836472225,0.0822900476582093,-1.457259335651719,-1.129326337292731,2.7662455822686545e-25,75.0,397.0,percentage points,450.0,a-c,,,,,,,,,,,,,,,,,,,,,,,,,,,,,,,,,,,,,,,,,,,,,,,,6.8,,,,,,
main,All switchers + never-treated; not-yet/never first stage,bill_income_ratio_current_pct,Electricity-bill-to-income ratio,19.0,Event-time effect,-1.080628956463619,0.0808910059667094,-1.2418078042212275,-0.91945010870601,2.084398796933748e-21,75.0,397.0,percentage points,450.0,a-c,,,,,,,,,,,,,,,,,,,,,,,,,,,,,,,,,,,,,,,,,,,,,,,,6.8,,,,,,
main,All switchers + never-treated; not-yet/never first stage,bill_income_ratio_current_pct,Electricity-bill-to-income ratio,20.0,Event-time effect,-1.0815814323267787,0.0773622457536639,-1.2357290718758305,-0.927433792777727,1.8478066494184781e-22,75.0,391.0,percentage points,450.0,a-c,,,,,,,,,,,,,,,,,,,,,,,,,,,,,,,,,,,,,,,,,,,,,,,,6.8,,,,,,
main,All switchers + never-treated; not-yet/never first stage,bill_income_ratio_current_pct,Electricity-bill-to-income ratio,21.0,Event-time effect,-1.0390401411209165,0.0737347170723612,-1.1859597719924562,-0.8921205102493767,1.2056770794792262e-22,75.0,391.0,percentage points,450.0,a-c,,,,,,,,,,,,,,,,,,,,,,,,,,,,,,,,,,,,,,,,,,,,,,,,6.8,,,,,,
main,All switchers + never-treated; not-yet/never first stage,bill_income_ratio_current_pct,Electricity-bill-to-income ratio,22.0,Event-time effect,-0.9928693714517788,0.0757937006351303,-1.1438916166279989,-0.841847126275559,5.812819709694874e-21,75.0,380.0,percentage points,450.0,a-c,,,,,,,,,,,,,,,,,,,,,,,,,,,,,,,,,,,,,,,,,,,,,,,,6.8,,,,,,
main,All switchers + never-treated; not-yet/never first stage,bill_income_ratio_current_pct,Electricity-bill-to-income ratio,23.0,Event-time effect,-0.892868675822335,0.0713582411230938,-1.035053074999708,-0.750684276644962,6.104643171451904e-20,75.0,376.0,percentage points,450.0,a-c,,,,,,,,,,,,,,,,,,,,,,,,,,,,,,,,,,,,,,,,,,,,,,,,6.8,,,,,,
main,All switchers + never-treated; not-yet/never first stage,bill_income_ratio_current_pct,Electricity-bill-to-income ratio,24.0,Event-time effect,-0.9654541900007284,0.0786239185983521,-1.12211576756951,-0.8087926124319467,1.5706753439511992e-19,75.0,372.0,percentage points,450.0,a-c,,,,,,,,,,,,,,,,,,,,,,,,,,,,,,,,,,,,,,,,,,,,,,,,6.8,,,,,,
main,All switchers + never-treated; not-yet/never first stage,total_electricity_consumption_kwh,Total household electricity use,-12.0,Withheld-lead placebo,-0.32830155314466,2.762376390673965,-5.885486052434077,5.228882946144758,0.9059026906902922,48.0,88.0,kWh/month,450.0,a-c,,,,,,,,,,,,,,,,,,,,,,,,,,,,,,,,,,,,,,,,,,,,,,,,6.8,,,,,,
main,All switchers + never-treated; not-yet/never first stage,total_electricity_consumption_kwh,Total household electricity use,-11.0,Withheld-lead placebo,-0.0712878969302915,2.688855405677316,-5.480567252092632,5.3379914582320485,0.9789609291970598,48.0,91.0,kWh/month,450.0,a-c,,,,,,,,,,,,,,,,,,,,,,,,,,,,,,,,,,,,,,,,,,,,,,,,6.8,,,,,,
main,All switchers + never-treated; not-yet/never first stage,total_electricity_consumption_kwh,Total household electricity use,-10.0,Withheld-lead placebo,5.363613238032173,1.761252925531693,1.820429372814992,8.906797103249353,0.0038023664641701,48.0,97.0,kWh/month,450.0,a-c,,,,,,,,,,,,,,,,,,,,,,,,,,,,,,,,,,,,,,,,,,,,,,,,6.8,,,,,,
main,All switchers + never-treated; not-yet/never first stage,total_electricity_consumption_kwh,Total household electricity use,-9.0,Withheld-lead placebo,6.27644626570788,2.109115148136638,2.033453874080249,10.51943865733551,0.0046039580659392,48.0,97.0,kWh/month,450.0,a-c,,,,,,,,,,,,,,,,,,,,,,,,,,,,,,,,,,,,,,,,,,,,,,,,6.8,,,,,,
main,All switchers + never-treated; not-yet/never first stage,total_electricity_consumption_kwh,Total household electricity use,-8.0,Withheld-lead placebo,4.013515614462642,2.2826409049484693,-0.5760415282015812,8.603072757126863,0.0850751739845004,49.0,98.0,kWh/month,450.0,a-c,,,,,,,,,,,,,,,,,,,,,,,,,,,,,,,,,,,,,,,,,,,,,,,,6.8,,,,,,
main,All switchers + never-treated; not-yet/never first stage,total_electricity_consumption_kwh,Total household electricity use,-7.0,Withheld-lead placebo,5.091278610306109,2.3841385813065714,0.2976467117381904,9.884910508874029,0.0378520120638191,49.0,99.0,kWh/month,450.0,a-c,,,,,,,,,,,,,,,,,,,,,,,,,,,,,,,,,,,,,,,,,,,,,,,,6.8,,,,,,
main,All switchers + never-treated; not-yet/never first stage,total_electricity_consumption_kwh,Total household electricity use,-6.0,Withheld-lead placebo,0.5645139241164651,2.0363140243885187,-3.529769830756768,4.658797678989698,0.7827990059803998,49.0,99.0,kWh/month,450.0,a-c,,,,,,,,,,,,,,,,,,,,,,,,,,,,,,,,,,,,,,,,,,,,,,,,6.8,,,,,,
main,All switchers + never-treated; not-yet/never first stage,total_electricity_consumption_kwh,Total household electricity use,-5.0,Withheld-lead placebo,-1.7098692719750714,1.7442069108013647,-5.193291013615787,1.773552469665644,0.3305662358813996,66.0,167.0,kWh/month,450.0,a-c,,,,,,,,,,,,,,,,,,,,,,,,,,,,,,,,,,,,,,,,,,,,,,,,6.8,,,,,,
main,All switchers + never-treated; not-yet/never first stage,total_electricity_consumption_kwh,Total household electricity use,-4.0,Withheld-lead placebo,-2.586606121841534,1.5153325324067768,-5.609611809729273,0.4363995660462052,0.0923270013940058,70.0,242.0,kWh/month,450.0,a-c,,,,,,,,,,,,,,,,,,,,,,,,,,,,,,,,,,,,,,,,,,,,,,,,6.8,,,,,,
main,All switchers + never-treated; not-yet/never first stage,total_electricity_consumption_kwh,Total household electricity use,-3.0,Withheld-lead placebo,-2.7444764628403457,1.2883607140754003,-5.313394764063844,-0.1755581616168471,0.0366206779665162,72.0,303.0,kWh/month,450.0,a-c,,,,,,,,,,,,,,,,,,,,,,,,,,,,,,,,,,,,,,,,,,,,,,,,6.8,,,,,,
main,All switchers + never-treated; not-yet/never first stage,total_electricity_consumption_kwh,Total household electricity use,-2.0,Withheld-lead placebo,-0.6783150533227205,0.8238613517419285,-2.3202683594761147,0.9636382528306736,0.4129983881583225,74.0,384.0,kWh/month,450.0,a-c,,,,,,,,,,,,,,,,,,,,,,,,,,,,,,,,,,,,,,,,,,,,,,,,6.8,,,,,,
main,All switchers + never-treated; not-yet/never first stage,total_electricity_consumption_kwh,Total household electricity use,-1.0,Reference month,0.0,0.0,0.0,0.0,,,,kWh/month,450.0,a-c,,,,,,,,,,,,,,,,,,,,,,,,,,,,,,,,,,,,,,,,,,,,,,,,6.8,,,,,,
main,All switchers + never-treated; not-yet/never first stage,total_electricity_consumption_kwh,Total household electricity use,0.0,Partial connection month,-2.746882909459604,0.9668193544009326,-4.67331252508621,-0.8204532938329978,0.0058034149001941,75.0,450.0,kWh/month,450.0,a-c,,,,,,,,,,,,,,,,,,,,,,,,,,,,,,,,,,,,,,,,,,,,,,,,6.8,,,,,,
main,All switchers + never-treated; not-yet/never first stage,total_electricity_consumption_kwh,Total household electricity use,1.0,Event-time effect,-2.4132339041929622,1.1892206550184965,-4.7828077846848736,-0.0436600237010504,0.0460291764425971,75.0,449.0,kWh/month,450.0,a-c,,,,,,,,,,,,,,,,,,,,,,,,,,,,,,,,,,,,,,,,,,,,,,,,6.8,,,,,,
main,All switchers + never-treated; not-yet/never first stage,total_electricity_consumption_kwh,Total household electricity use,2.0,Event-time effect,-0.0664537629217539,1.2907350257702022,-2.6382994425223627,2.505391916678855,0.9590776132432204,75.0,448.0,kWh/month,450.0,a-c,,,,,,,,,,,,,,,,,,,,,,,,,,,,,,,,,,,,,,,,,,,,,,,,6.8,,,,,,
main,All switchers + never-treated; not-yet/never first stage,total_electricity_consumption_kwh,Total household electricity use,3.0,Event-time effect,4.1043078955134975,1.3900725303552222,1.3345279173245013,6.874087873702494,0.004220685882032,75.0,448.0,kWh/month,450.0,a-c,,,,,,,,,,,,,,,,,,,,,,,,,,,,,,,,,,,,,,,,,,,,,,,,6.8,,,,,,
main,All switchers + never-treated; not-yet/never first stage,total_electricity_consumption_kwh,Total household electricity use,4.0,Event-time effect,4.532597172339599,1.4825944709367729,1.5784632032833166,7.486731141395881,0.0031079231998184,75.0,445.0,kWh/month,450.0,a-c,,,,,,,,,,,,,,,,,,,,,,,,,,,,,,,,,,,,,,,,,,,,,,,,6.8,,,,,,
main,All switchers + never-treated; not-yet/never first stage,total_electricity_consumption_kwh,Total household electricity use,5.0,Event-time effect,4.872961417824865,1.4421218788125718,1.9994708489387705,7.746451986710959,0.001163413017324,75.0,443.0,kWh/month,450.0,a-c,,,,,,,,,,,,,,,,,,,,,,,,,,,,,,,,,,,,,,,,,,,,,,,,6.8,,,,,,
main,All switchers + never-treated; not-yet/never first stage,total_electricity_consumption_kwh,Total household electricity use,6.0,Event-time effect,5.991157184823619,1.1923542825727655,3.615339415132128,8.36697495451511,3.3940691617919488e-06,75.0,443.0,kWh/month,450.0,a-c,,,,,,,,,,,,,,,,,,,,,,,,,,,,,,,,,,,,,,,,,,,,,,,,6.8,,,,,,
main,All switchers + never-treated; not-yet/never first stage,total_electricity_consumption_kwh,Total household electricity use,7.0,Event-time effect,7.332610329671851,1.024271031251392,5.291705749049624,9.373514910294077,4.96471685996151e-10,75.0,442.0,kWh/month,450.0,a-c,,,,,,,,,,,,,,,,,,,,,,,,,,,,,,,,,,,,,,,,,,,,,,,,6.8,,,,,,
main,All switchers + never-treated; not-yet/never first stage,total_electricity_consumption_kwh,Total household electricity use,8.0,Event-time effect,7.607044774897925,1.1814692295191118,5.252915946863192,9.96117360293266,1.073403894751416e-08,75.0,438.0,kWh/month,450.0,a-c,,,,,,,,,,,,,,,,,,,,,,,,,,,,,,,,,,,,,,,,,,,,,,,,6.8,,,,,,
main,All switchers + never-treated; not-yet/never first stage,total_electricity_consumption_kwh,Total household electricity use,9.0,Event-time effect,7.801192931050259,1.2367573379269594,5.33690014224661,10.265485719853906,1.861921309500156e-08,75.0,438.0,kWh/month,450.0,a-c,,,,,,,,,,,,,,,,,,,,,,,,,,,,,,,,,,,,,,,,,,,,,,,,6.8,,,,,,
main,All switchers + never-treated; not-yet/never first stage,total_electricity_consumption_kwh,Total household electricity use,10.0,Event-time effect,9.323242293577534,1.194724139969547,6.942702479945581,11.703782107209488,3.043049852236041e-11,75.0,436.0,kWh/month,450.0,a-c,,,,,,,,,,,,,,,,,,,,,,,,,,,,,,,,,,,,,,,,,,,,,,,,6.8,,,,,,
main,All switchers + never-treated; not-yet/never first stage,total_electricity_consumption_kwh,Total household electricity use,11.0,Event-time effect,10.00338425867891,1.1356029881146532,7.740645911603028,12.266122605754791,3.820203535200084e-13,75.0,433.0,kWh/month,450.0,a-c,,,,,,,,,,,,,,,,,,,,,,,,,,,,,,,,,,,,,,,,,,,,,,,,6.8,,,,,,
main,All switchers + never-treated; not-yet/never first stage,total_electricity_consumption_kwh,Total household electricity use,12.0,Event-time effect,8.498387219169611,1.2570045628502788,5.9937509540495375,11.003023484289685,2.735398456157679e-09,75.0,433.0,kWh/month,450.0,a-c,,,,,,,,,,,,,,,,,,,,,,,,,,,,,,,,,,,,,,,,,,,,,,,,6.8,,,,,,
main,All switchers + never-treated; not-yet/never first stage,total_electricity_consumption_kwh,Total household electricity use,13.0,Event-time effect,5.791776974073574,1.5996363491495302,2.604431971920704,8.979121976226445,0.0005351059366981,75.0,430.0,kWh/month,450.0,a-c,,,,,,,,,,,,,,,,,,,,,,,,,,,,,,,,,,,,,,,,,,,,,,,,6.8,,,,,,
main,All switchers + never-treated; not-yet/never first stage,total_electricity_consumption_kwh,Total household electricity use,14.0,Event-time effect,6.804216849789917,1.9795701163851724,2.8598372911320817,10.748596408447751,0.000967799186977,75.0,430.0,kWh/month,450.0,a-c,,,,,,,,,,,,,,,,,,,,,,,,,,,,,,,,,,,,,,,,,,,,,,,,6.8,,,,,,
main,All switchers + never-treated; not-yet/never first stage,total_electricity_consumption_kwh,Total household electricity use,15.0,Event-time effect,8.370029800865012,1.9330235864910168,4.518396227571021,12.221663374159004,4.6121797464092856e-05,75.0,430.0,kWh/month,450.0,a-c,,,,,,,,,,,,,,,,,,,,,,,,,,,,,,,,,,,,,,,,,,,,,,,,6.8,,,,,,
main,All switchers + never-treated; not-yet/never first stage,total_electricity_consumption_kwh,Total household electricity use,16.0,Event-time effect,8.638708195503659,2.081074713233693,4.49207631266434,12.785340078342978,8.752916858211923e-05,75.0,428.0,kWh/month,450.0,a-c,,,,,,,,,,,,,,,,,,,,,,,,,,,,,,,,,,,,,,,,,,,,,,,,6.8,,,,,,
main,All switchers + never-treated; not-yet/never first stage,total_electricity_consumption_kwh,Total household electricity use,17.0,Event-time effect,7.9296384426692175,2.10685333254473,3.7316415396069473,12.127635345731488,0.0003329442466574,75.0,426.0,kWh/month,450.0,a-c,,,,,,,,,,,,,,,,,,,,,,,,,,,,,,,,,,,,,,,,,,,,,,,,6.8,,,,,,
main,All switchers + never-treated; not-yet/never first stage,total_electricity_consumption_kwh,Total household electricity use,18.0,Event-time effect,8.091925989817323,1.7405948728703236,4.623714998134279,11.560136981500367,1.4239109612995098e-05,75.0,426.0,kWh/month,450.0,a-c,,,,,,,,,,,,,,,,,,,,,,,,,,,,,,,,,,,,,,,,,,,,,,,,6.8,,,,,,
main,All switchers + never-treated; not-yet/never first stage,total_electricity_consumption_kwh,Total household electricity use,19.0,Event-time effect,7.987097846021783,1.2944463739494056,5.40785714374835,10.566338548295215,3.3108508639475244e-08,75.0,423.0,kWh/month,450.0,a-c,,,,,,,,,,,,,,,,,,,,,,,,,,,,,,,,,,,,,,,,,,,,,,,,6.8,,,,,,
main,All switchers + never-treated; not-yet/never first stage,total_electricity_consumption_kwh,Total household electricity use,20.0,Event-time effect,8.54774584575103,1.507836996662138,5.5433150462587335,11.552176645243325,2.615825010445124e-07,75.0,419.0,kWh/month,450.0,a-c,,,,,,,,,,,,,,,,,,,,,,,,,,,,,,,,,,,,,,,,,,,,,,,,6.8,,,,,,
main,All switchers + never-treated; not-yet/never first stage,total_electricity_consumption_kwh,Total household electricity use,21.0,Event-time effect,8.936775131212029,1.5959842935447308,5.756707008698541,12.116843253725516,3.465745966406964e-07,75.0,415.0,kWh/month,450.0,a-c,,,,,,,,,,,,,,,,,,,,,,,,,,,,,,,,,,,,,,,,,,,,,,,,6.8,,,,,,
main,All switchers + never-treated; not-yet/never first stage,total_electricity_consumption_kwh,Total household electricity use,22.0,Event-time effect,9.996881546079836,1.3861584426112847,7.23490055796459,12.758862534195082,3.949640358714555e-10,75.0,406.0,kWh/month,450.0,a-c,,,,,,,,,,,,,,,,,,,,,,,,,,,,,,,,,,,,,,,,,,,,,,,,6.8,,,,,,
main,All switchers + never-treated; not-yet/never first stage,total_electricity_consumption_kwh,Total household electricity use,23.0,Event-time effect,9.847789267777491,1.355450765503026,7.146994661936423,12.54858387361856,3.137080593069901e-10,75.0,403.0,kWh/month,450.0,a-c,,,,,,,,,,,,,,,,,,,,,,,,,,,,,,,,,,,,,,,,,,,,,,,,6.8,,,,,,
main,All switchers + never-treated; not-yet/never first stage,total_electricity_consumption_kwh,Total household electricity use,24.0,Event-time effect,8.203504030039033,1.460367233010448,5.293658799328689,11.113349260749375,3.2234955822138054e-07,75.0,398.0,kWh/month,450.0,a-c,,,,,,,,,,,,,,,,,,,,,,,,,,,,,,,,,,,,,,,,,,,,,,,,6.8,,,,,,
main,All switchers + never-treated; not-yet/never first stage,grid_import_kwh,Public-grid purchases,-12.0,Withheld-lead placebo,-0.32830155314466,2.762376390673965,-5.885486052434077,5.228882946144758,0.9059026906902922,48.0,88.0,kWh/month,450.0,a-c,,,,,,,,,,,,,,,,,,,,,,,,,,,,,,,,,,,,,,,,,,,,,,,,6.8,,,,,,
main,All switchers + never-treated; not-yet/never first stage,grid_import_kwh,Public-grid purchases,-11.0,Withheld-lead placebo,-0.0712878969302915,2.688855405677316,-5.480567252092632,5.3379914582320485,0.9789609291970598,48.0,91.0,kWh/month,450.0,a-c,,,,,,,,,,,,,,,,,,,,,,,,,,,,,,,,,,,,,,,,,,,,,,,,6.8,,,,,,
main,All switchers + never-treated; not-yet/never first stage,grid_import_kwh,Public-grid purchases,-10.0,Withheld-lead placebo,5.363613238032173,1.761252925531693,1.820429372814992,8.906797103249353,0.0038023664641701,48.0,97.0,kWh/month,450.0,a-c,,,,,,,,,,,,,,,,,,,,,,,,,,,,,,,,,,,,,,,,,,,,,,,,6.8,,,,,,
main,All switchers + never-treated; not-yet/never first stage,grid_import_kwh,Public-grid purchases,-9.0,Withheld-lead placebo,6.27644626570788,2.109115148136638,2.033453874080249,10.51943865733551,0.0046039580659392,48.0,97.0,kWh/month,450.0,a-c,,,,,,,,,,,,,,,,,,,,,,,,,,,,,,,,,,,,,,,,,,,,,,,,6.8,,,,,,
main,All switchers + never-treated; not-yet/never first stage,grid_import_kwh,Public-grid purchases,-8.0,Withheld-lead placebo,4.013515614462642,2.2826409049484693,-0.5760415282015812,8.603072757126863,0.0850751739845004,49.0,98.0,kWh/month,450.0,a-c,,,,,,,,,,,,,,,,,,,,,,,,,,,,,,,,,,,,,,,,,,,,,,,,6.8,,,,,,
main,All switchers + never-treated; not-yet/never first stage,grid_import_kwh,Public-grid purchases,-7.0,Withheld-lead placebo,5.091278610306109,2.3841385813065714,0.2976467117381904,9.884910508874029,0.0378520120638191,49.0,99.0,kWh/month,450.0,a-c,,,,,,,,,,,,,,,,,,,,,,,,,,,,,,,,,,,,,,,,,,,,,,,,6.8,,,,,,
main,All switchers + never-treated; not-yet/never first stage,grid_import_kwh,Public-grid purchases,-6.0,Withheld-lead placebo,0.5645139241164651,2.0363140243885187,-3.529769830756768,4.658797678989698,0.7827990059803998,49.0,99.0,kWh/month,450.0,a-c,,,,,,,,,,,,,,,,,,,,,,,,,,,,,,,,,,,,,,,,,,,,,,,,6.8,,,,,,
main,All switchers + never-treated; not-yet/never first stage,grid_import_kwh,Public-grid purchases,-5.0,Withheld-lead placebo,-1.7098692719750714,1.7442069108013647,-5.193291013615787,1.773552469665644,0.3305662358813996,66.0,167.0,kWh/month,450.0,a-c,,,,,,,,,,,,,,,,,,,,,,,,,,,,,,,,,,,,,,,,,,,,,,,,6.8,,,,,,
main,All switchers + never-treated; not-yet/never first stage,grid_import_kwh,Public-grid purchases,-4.0,Withheld-lead placebo,-2.586606121841534,1.5153325324067768,-5.609611809729273,0.4363995660462052,0.0923270013940058,70.0,242.0,kWh/month,450.0,a-c,,,,,,,,,,,,,,,,,,,,,,,,,,,,,,,,,,,,,,,,,,,,,,,,6.8,,,,,,
main,All switchers + never-treated; not-yet/never first stage,grid_import_kwh,Public-grid purchases,-3.0,Withheld-lead placebo,-2.7444764628403457,1.2883607140754003,-5.313394764063844,-0.1755581616168471,0.0366206779665162,72.0,303.0,kWh/month,450.0,a-c,,,,,,,,,,,,,,,,,,,,,,,,,,,,,,,,,,,,,,,,,,,,,,,,6.8,,,,,,
main,All switchers + never-treated; not-yet/never first stage,grid_import_kwh,Public-grid purchases,-2.0,Withheld-lead placebo,-0.6783150533227205,0.8238613517419285,-2.3202683594761147,0.9636382528306736,0.4129983881583225,74.0,384.0,kWh/month,450.0,a-c,,,,,,,,,,,,,,,,,,,,,,,,,,,,,,,,,,,,,,,,,,,,,,,,6.8,,,,,,
main,All switchers + never-treated; not-yet/never first stage,grid_import_kwh,Public-grid purchases,-1.0,Reference month,0.0,0.0,0.0,0.0,,,,kWh/month,450.0,a-c,,,,,,,,,,,,,,,,,,,,,,,,,,,,,,,,,,,,,,,,,,,,,,,,6.8,,,,,,
main,All switchers + never-treated; not-yet/never first stage,grid_import_kwh,Public-grid purchases,0.0,Partial connection month,-23.624289455734424,1.4194090296436688,-26.452523684751995,-20.79605522671685,1.000701639027422e-26,75.0,450.0,kWh/month,450.0,a-c,,,,,,,,,,,,,,,,,,,,,,,,,,,,,,,,,,,,,,,,,,,,,,,,6.8,,,,,,
main,All switchers + never-treated; not-yet/never first stage,grid_import_kwh,Public-grid purchases,1.0,Event-time effect,-42.869915527418186,2.089766080439932,-47.033865337448525,-38.70596571738785,2.9284105480794376e-32,75.0,449.0,kWh/month,450.0,a-c,,,,,,,,,,,,,,,,,,,,,,,,,,,,,,,,,,,,,,,,,,,,,,,,6.8,,,,,,
main,All switchers + never-treated; not-yet/never first stage,grid_import_kwh,Public-grid purchases,2.0,Event-time effect,-44.7163844976413,2.0542629570647417,-48.8095927901318,-40.623176205150806,6.732861105686348e-34,75.0,448.0,kWh/month,450.0,a-c,,,,,,,,,,,,,,,,,,,,,,,,,,,,,,,,,,,,,,,,,,,,,,,,6.8,,,,,,
main,All switchers + never-treated; not-yet/never first stage,grid_import_kwh,Public-grid purchases,3.0,Event-time effect,-43.04527060342901,1.8552014354322168,-46.7418401558498,-39.34870105100822,1.0851636679436084e-35,75.0,448.0,kWh/month,450.0,a-c,,,,,,,,,,,,,,,,,,,,,,,,,,,,,,,,,,,,,,,,,,,,,,,,6.8,,,,,,
main,All switchers + never-treated; not-yet/never first stage,grid_import_kwh,Public-grid purchases,4.0,Event-time effect,-43.51151081128172,1.9438219880387968,-47.38466066933809,-39.638360953225344,1.1141257185614636e-34,75.0,445.0,kWh/month,450.0,a-c,,,,,,,,,,,,,,,,,,,,,,,,,,,,,,,,,,,,,,,,,,,,,,,,6.8,,,,,,
main,All switchers + never-treated; not-yet/never first stage,grid_import_kwh,Public-grid purchases,5.0,Event-time effect,-41.13769993770396,1.9917384019406248,-45.10632533459281,-37.1690745408151,1.9062956371551154e-32,75.0,443.0,kWh/month,450.0,a-c,,,,,,,,,,,,,,,,,,,,,,,,,,,,,,,,,,,,,,,,,,,,,,,,6.8,,,,,,
main,All switchers + never-treated; not-yet/never first stage,grid_import_kwh,Public-grid purchases,6.0,Event-time effect,-36.35511394041873,1.6574892417328848,-39.65773334736597,-33.052494533471496,4.1311789375901976e-34,75.0,443.0,kWh/month,450.0,a-c,,,,,,,,,,,,,,,,,,,,,,,,,,,,,,,,,,,,,,,,,,,,,,,,6.8,,,,,,
main,All switchers + never-treated; not-yet/never first stage,grid_import_kwh,Public-grid purchases,7.0,Event-time effect,-33.37353666789213,1.3840952806870108,-36.13140671613567,-30.615666619648604,8.751193122953975e-37,75.0,442.0,kWh/month,450.0,a-c,,,,,,,,,,,,,,,,,,,,,,,,,,,,,,,,,,,,,,,,,,,,,,,,6.8,,,,,,
main,All switchers + never-treated; not-yet/never first stage,grid_import_kwh,Public-grid purchases,8.0,Event-time effect,-33.99845051468254,1.479917496604136,-36.94725049594556,-31.04965053341952,2.0713031299996192e-35,75.0,438.0,kWh/month,450.0,a-c,,,,,,,,,,,,,,,,,,,,,,,,,,,,,,,,,,,,,,,,,,,,,,,,6.8,,,,,,
main,All switchers + never-treated; not-yet/never first stage,grid_import_kwh,Public-grid purchases,9.0,Event-time effect,-33.770197606316216,1.4957674103047156,-36.7505792300225,-30.789815982609927,6.400776535617785e-35,75.0,438.0,kWh/month,450.0,a-c,,,,,,,,,,,,,,,,,,,,,,,,,,,,,,,,,,,,,,,,,,,,,,,,6.8,,,,,,
main,All switchers + never-treated; not-yet/never first stage,grid_import_kwh,Public-grid purchases,10.0,Event-time effect,-32.49560622447908,1.432135929131965,-35.34919935428587,-29.64201309467228,4.6301921937729106e-35,75.0,436.0,kWh/month,450.0,a-c,,,,,,,,,,,,,,,,,,,,,,,,,,,,,,,,,,,,,,,,,,,,,,,,6.8,,,,,,
main,All switchers + never-treated; not-yet/never first stage,grid_import_kwh,Public-grid purchases,11.0,Event-time effect,-31.561502981953392,1.3738683706059882,-34.29899546703918,-28.824010496867604,2.0741171844550048e-35,75.0,433.0,kWh/month,450.0,a-c,,,,,,,,,,,,,,,,,,,,,,,,,,,,,,,,,,,,,,,,,,,,,,,,6.8,,,,,,
main,All switchers + never-treated; not-yet/never first stage,grid_import_kwh,Public-grid purchases,12.0,Event-time effect,-34.020802100044534,1.775708884761103,-37.55897928771026,-30.48262491237881,2.0868434483019488e-30,75.0,433.0,kWh/month,450.0,a-c,,,,,,,,,,,,,,,,,,,,,,,,,,,,,,,,,,,,,,,,,,,,,,,,6.8,,,,,,
main,All switchers + never-treated; not-yet/never first stage,grid_import_kwh,Public-grid purchases,13.0,Event-time effect,-40.31733512896726,2.0633348411368053,-44.42861954505458,-36.206050712879936,6.164411427729451e-31,75.0,430.0,kWh/month,450.0,a-c,,,,,,,,,,,,,,,,,,,,,,,,,,,,,,,,,,,,,,,,,,,,,,,,6.8,,,,,,
main,All switchers + never-treated; not-yet/never first stage,grid_import_kwh,Public-grid purchases,14.0,Event-time effect,-46.18645087260161,2.2421102552695777,-50.653953077217466,-41.71894866798576,2.2534734150695687e-32,75.0,430.0,kWh/month,450.0,a-c,,,,,,,,,,,,,,,,,,,,,,,,,,,,,,,,,,,,,,,,,,,,,,,,6.8,,,,,,
main,All switchers + never-treated; not-yet/never first stage,grid_import_kwh,Public-grid purchases,15.0,Event-time effect,-46.8188816526482,2.044389674977713,-50.8924170011401,-42.7453463041563,2.540466669830512e-35,75.0,430.0,kWh/month,450.0,a-c,,,,,,,,,,,,,,,,,,,,,,,,,,,,,,,,,,,,,,,,,,,,,,,,6.8,,,,,,
main,All switchers + never-treated; not-yet/never first stage,grid_import_kwh,Public-grid purchases,16.0,Event-time effect,-46.8698638548405,2.125141706973332,-51.10430113940792,-42.63542657027309,2.8993919803126277e-34,75.0,428.0,kWh/month,450.0,a-c,,,,,,,,,,,,,,,,,,,,,,,,,,,,,,,,,,,,,,,,,,,,,,,,6.8,,,,,,
main,All switchers + never-treated; not-yet/never first stage,grid_import_kwh,Public-grid purchases,17.0,Event-time effect,-44.319141022106194,2.2694513623423287,-48.841121571770906,-39.79716047244148,6.390409710631049e-31,75.0,426.0,kWh/month,450.0,a-c,,,,,,,,,,,,,,,,,,,,,,,,,,,,,,,,,,,,,,,,,,,,,,,,6.8,,,,,,
main,All switchers + never-treated; not-yet/never first stage,grid_import_kwh,Public-grid purchases,18.0,Event-time effect,-38.35411400474037,1.907450183400752,-42.15479146005722,-34.55343654942353,1.031676735398276e-31,75.0,426.0,kWh/month,450.0,a-c,,,,,,,,,,,,,,,,,,,,,,,,,,,,,,,,,,,,,,,,,,,,,,,,6.8,,,,,,
main,All switchers + never-treated; not-yet/never first stage,grid_import_kwh,Public-grid purchases,19.0,Event-time effect,-32.651015405792826,1.5433022624893216,-35.72611229001394,-29.575918521571715,4.1512801432937945e-33,75.0,423.0,kWh/month,450.0,a-c,,,,,,,,,,,,,,,,,,,,,,,,,,,,,,,,,,,,,,,,,,,,,,,,6.8,,,,,,
main,All switchers + never-treated; not-yet/never first stage,grid_import_kwh,Public-grid purchases,20.0,Event-time effect,-33.30178900608795,1.5832128500184317,-36.45640947187904,-30.14716854029686,6.00149748232913e-33,75.0,419.0,kWh/month,450.0,a-c,,,,,,,,,,,,,,,,,,,,,,,,,,,,,,,,,,,,,,,,,,,,,,,,6.8,,,,,,
main,All switchers + never-treated; not-yet/never first stage,grid_import_kwh,Public-grid purchases,21.0,Event-time effect,-33.27613560367699,1.680170968951988,-36.62394933865412,-29.928321868699864,2.661452501702485e-31,75.0,415.0,kWh/month,450.0,a-c,,,,,,,,,,,,,,,,,,,,,,,,,,,,,,,,,,,,,,,,,,,,,,,,6.8,,,,,,
main,All switchers + never-treated; not-yet/never first stage,grid_import_kwh,Public-grid purchases,22.0,Event-time effect,-31.534485629017706,1.581851097914028,-34.68639274451111,-28.38257851352429,1.768684363724533e-31,75.0,406.0,kWh/month,450.0,a-c,,,,,,,,,,,,,,,,,,,,,,,,,,,,,,,,,,,,,,,,,,,,,,,,6.8,,,,,,
main,All switchers + never-treated; not-yet/never first stage,grid_import_kwh,Public-grid purchases,23.0,Event-time effect,-30.1726825393758,1.611625166150522,-33.38391578085891,-26.96144929789269,8.629638374300045e-30,75.0,403.0,kWh/month,450.0,a-c,,,,,,,,,,,,,,,,,,,,,,,,,,,,,,,,,,,,,,,,,,,,,,,,6.8,,,,,,
main,All switchers + never-treated; not-yet/never first stage,grid_import_kwh,Public-grid purchases,24.0,Event-time effect,-31.63598096349784,1.810104979953948,-35.24269386689968,-28.029268060095983,5.546238697052147e-28,75.0,398.0,kWh/month,450.0,a-c,,,,,,,,,,,,,,,,,,,,,,,,,,,,,,,,,,,,,,,,,,,,,,,,6.8,,,,,,
complete_m6_p24,Complete −6 to +24 switcher support,electricity_bill_rmb,Actual monthly electricity bill,-12.0,Withheld-lead placebo,3.1750309985522427,2.7229151917191645,-2.347296966951927,8.697358964056413,0.2512650282614848,37.0,66.0,RMB/month,76.0,a-c,,,,,,,,,,,,,,,,,,,,,,,,,,,,,,,,,,,,,,,,,,,,,,,,6.8,,,,,,
complete_m6_p24,Complete −6 to +24 switcher support,electricity_bill_rmb,Actual monthly electricity bill,-11.0,Withheld-lead placebo,3.1494456568275604,2.5251040774351665,-1.9717027744699749,8.270594088125096,0.2203577928394522,37.0,69.0,RMB/month,76.0,a-c,,,,,,,,,,,,,,,,,,,,,,,,,,,,,,,,,,,,,,,,,,,,,,,,6.8,,,,,,
complete_m6_p24,Complete −6 to +24 switcher support,electricity_bill_rmb,Actual monthly electricity bill,-10.0,Withheld-lead placebo,3.0630056542284256,1.0164669468858143,1.0015151370543918,5.124496171402459,0.0047090200381544,37.0,74.0,RMB/month,76.0,a-c,,,,,,,,,,,,,,,,,,,,,,,,,,,,,,,,,,,,,,,,,,,,,,,,6.8,,,,,,
complete_m6_p24,Complete −6 to +24 switcher support,electricity_bill_rmb,Actual monthly electricity bill,-9.0,Withheld-lead placebo,5.3720436871988575,2.076884972652972,1.1599257334349184,9.584161640962796,0.0138827405780066,37.0,74.0,RMB/month,76.0,a-c,,,,,,,,,,,,,,,,,,,,,,,,,,,,,,,,,,,,,,,,,,,,,,,,6.8,,,,,,
complete_m6_p24,Complete −6 to +24 switcher support,electricity_bill_rmb,Actual monthly electricity bill,-8.0,Withheld-lead placebo,4.369557478223521,2.2020988360047644,-0.0923185861345077,8.83143354258155,0.0546802421505439,38.0,75.0,RMB/month,76.0,a-c,,,,,,,,,,,,,,,,,,,,,,,,,,,,,,,,,,,,,,,,,,,,,,,,6.8,,,,,,
complete_m6_p24,Complete −6 to +24 switcher support,electricity_bill_rmb,Actual monthly electricity bill,-7.0,Withheld-lead placebo,3.993917704567905,2.24222725882981,-0.5492662676714763,8.537101676807286,0.0830861099344886,38.0,76.0,RMB/month,76.0,a-c,,,,,,,,,,,,,,,,,,,,,,,,,,,,,,,,,,,,,,,,,,,,,,,,6.8,,,,,,
complete_m6_p24,Complete −6 to +24 switcher support,electricity_bill_rmb,Actual monthly electricity bill,-6.0,Withheld-lead placebo,1.4104659303040077,2.0196348047213304,-2.6817028890936188,5.502634749701634,0.4893080513080558,38.0,76.0,RMB/month,76.0,a-c,,,,,,,,,,,,,,,,,,,,,,,,,,,,,,,,,,,,,,,,,,,,,,,,6.8,,,,,,
complete_m6_p24,Complete −6 to +24 switcher support,electricity_bill_rmb,Actual monthly electricity bill,-5.0,Withheld-lead placebo,-3.9722464729255686,1.7059739930767812,-7.428878119821416,-0.5156148260297209,0.0254611020554211,38.0,76.0,RMB/month,76.0,a-c,,,,,,,,,,,,,,,,,,,,,,,,,,,,,,,,,,,,,,,,,,,,,,,,6.8,,,,,,
complete_m6_p24,Complete −6 to +24 switcher support,electricity_bill_rmb,Actual monthly electricity bill,-4.0,Withheld-lead placebo,-6.944386925068863,1.820827051158024,-10.63373297260477,-3.255040877532956,0.0005022710781376,38.0,76.0,RMB/month,76.0,a-c,,,,,,,,,,,,,,,,,,,,,,,,,,,,,,,,,,,,,,,,,,,,,,,,6.8,,,,,,
complete_m6_p24,Complete −6 to +24 switcher support,electricity_bill_rmb,Actual monthly electricity bill,-3.0,Withheld-lead placebo,-7.150679586695894,2.0109225178823693,-11.22519563616467,-3.076163537227118,0.0010515386367619,38.0,76.0,RMB/month,76.0,a-c,,,,,,,,,,,,,,,,,,,,,,,,,,,,,,,,,,,,,,,,,,,,,,,,6.8,,,,,,
complete_m6_p24,Complete −6 to +24 switcher support,electricity_bill_rmb,Actual monthly electricity bill,-2.0,Withheld-lead placebo,-4.775046067470365,1.4271787626986896,-7.666784919845659,-1.8833072150950705,0.0018918425354833,38.0,76.0,RMB/month,76.0,a-c,,,,,,,,,,,,,,,,,,,,,,,,,,,,,,,,,,,,,,,,,,,,,,,,6.8,,,,,,
complete_m6_p24,Complete −6 to +24 switcher support,electricity_bill_rmb,Actual monthly electricity bill,-1.0,Reference month,0.0,0.0,0.0,0.0,,,,RMB/month,76.0,a-c,,,,,,,,,,,,,,,,,,,,,,,,,,,,,,,,,,,,,,,,,,,,,,,,6.8,,,,,,
complete_m6_p24,Complete −6 to +24 switcher support,electricity_bill_rmb,Actual monthly electricity bill,0.0,Partial connection month,-17.337740161121307,1.8080816987770512,-21.00126167172424,-13.674218650518377,1.4221262560718699e-11,38.0,76.0,RMB/month,76.0,a-c,,,,,,,,,,,,,,,,,,,,,,,,,,,,,,,,,,,,,,,,,,,,,,,,6.8,,,,,,
complete_m6_p24,Complete −6 to +24 switcher support,electricity_bill_rmb,Actual monthly electricity bill,1.0,Event-time effect,-24.691170712274964,2.468408952525655,-29.692642327556023,-19.689699096993905,4.552385455892529e-12,38.0,76.0,RMB/month,76.0,a-c,,,,,,,,,,,,,,,,,,,,,,,,,,,,,,,,,,,,,,,,,,,,,,,,6.8,,,,,,
complete_m6_p24,Complete −6 to +24 switcher support,electricity_bill_rmb,Actual monthly electricity bill,2.0,Event-time effect,-23.81810438942984,2.355397650471757,-28.590593356252185,-19.045615422607497,3.382493295369297e-12,38.0,76.0,RMB/month,76.0,a-c,,,,,,,,,,,,,,,,,,,,,,,,,,,,,,,,,,,,,,,,,,,,,,,,6.8,,,,,,
complete_m6_p24,Complete −6 to +24 switcher support,electricity_bill_rmb,Actual monthly electricity bill,3.0,Event-time effect,-22.642174821408595,2.294333869144761,-27.290936814742125,-17.993412828075066,6.569307479047809e-12,38.0,76.0,RMB/month,76.0,a-c,,,,,,,,,,,,,,,,,,,,,,,,,,,,,,,,,,,,,,,,,,,,,,,,6.8,,,,,,
complete_m6_p24,Complete −6 to +24 switcher support,electricity_bill_rmb,Actual monthly electricity bill,4.0,Event-time effect,-22.973799566723525,2.4354739646327026,-27.90853855776593,-18.03906057568112,2.197655881383282e-11,38.0,76.0,RMB/month,76.0,a-c,,,,,,,,,,,,,,,,,,,,,,,,,,,,,,,,,,,,,,,,,,,,,,,,6.8,,,,,,
complete_m6_p24,Complete −6 to +24 switcher support,electricity_bill_rmb,Actual monthly electricity bill,5.0,Event-time effect,-22.85315943232707,2.3095391983662177,-27.532730349127,-18.17358851552715,6.111004599337983e-12,38.0,76.0,RMB/month,76.0,a-c,,,,,,,,,,,,,,,,,,,,,,,,,,,,,,,,,,,,,,,,,,,,,,,,6.8,,,,,,
complete_m6_p24,Complete −6 to +24 switcher support,electricity_bill_rmb,Actual monthly electricity bill,6.0,Event-time effect,-22.966479726313715,2.150521374958477,-27.32384992783758,-18.60910952478985,7.417997510153587e-13,38.0,76.0,RMB/month,76.0,a-c,,,,,,,,,,,,,,,,,,,,,,,,,,,,,,,,,,,,,,,,,,,,,,,,6.8,,,,,,
complete_m6_p24,Complete −6 to +24 switcher support,electricity_bill_rmb,Actual monthly electricity bill,7.0,Event-time effect,-25.721946375844112,2.4184034915864103,-30.62209730305978,-20.82179544862845,8.322415671091474e-13,38.0,76.0,RMB/month,76.0,a-c,,,,,,,,,,,,,,,,,,,,,,,,,,,,,,,,,,,,,,,,,,,,,,,,6.8,,,,,,
complete_m6_p24,Complete −6 to +24 switcher support,electricity_bill_rmb,Actual monthly electricity bill,8.0,Event-time effect,-27.656829008705024,2.7731371043149653,-33.27573850841438,-22.03791950899567,4.937161873189008e-12,38.0,76.0,RMB/month,76.0,a-c,,,,,,,,,,,,,,,,,,,,,,,,,,,,,,,,,,,,,,,,,,,,,,,,6.8,,,,,,
complete_m6_p24,Complete −6 to +24 switcher support,electricity_bill_rmb,Actual monthly electricity bill,9.0,Event-time effect,-27.357814352438883,2.591616966453436,-32.6089291169252,-22.10669958795257,1.0276679843967754e-12,38.0,76.0,RMB/month,76.0,a-c,,,,,,,,,,,,,,,,,,,,,,,,,,,,,,,,,,,,,,,,,,,,,,,,6.8,,,,,,
complete_m6_p24,Complete −6 to +24 switcher support,electricity_bill_rmb,Actual monthly electricity bill,10.0,Event-time effect,-24.071650358581373,2.301163859007398,-28.734251225897143,-19.4090494912656,1.3252933346329246e-12,38.0,76.0,RMB/month,76.0,a-c,,,,,,,,,,,,,,,,,,,,,,,,,,,,,,,,,,,,,,,,,,,,,,,,6.8,,,,,,
complete_m6_p24,Complete −6 to +24 switcher support,electricity_bill_rmb,Actual monthly electricity bill,11.0,Event-time effect,-22.863620984149183,2.302944102860535,-27.52982896814253,-18.19741300015584,5.58499876987172e-12,38.0,76.0,RMB/month,76.0,a-c,,,,,,,,,,,,,,,,,,,,,,,,,,,,,,,,,,,,,,,,,,,,,,,,6.8,,,,,,
complete_m6_p24,Complete −6 to +24 switcher support,electricity_bill_rmb,Actual monthly electricity bill,12.0,Event-time effect,-22.71810650323944,2.30105674543248,-27.38049033783702,-18.05572266864185,6.494678389252739e-12,38.0,76.0,RMB/month,76.0,a-c,,,,,,,,,,,,,,,,,,,,,,,,,,,,,,,,,,,,,,,,,,,,,,,,6.8,,,,,,
complete_m6_p24,Complete −6 to +24 switcher support,electricity_bill_rmb,Actual monthly electricity bill,13.0,Event-time effect,-23.58494397949997,2.3124240583787827,-28.27036017791425,-18.899527781085705,2.6723926691693432e-12,38.0,76.0,RMB/month,76.0,a-c,,,,,,,,,,,,,,,,,,,,,,,,,,,,,,,,,,,,,,,,,,,,,,,,6.8,,,,,,
complete_m6_p24,Complete −6 to +24 switcher support,electricity_bill_rmb,Actual monthly electricity bill,14.0,Event-time effect,-23.134195565455546,2.213203188624291,-27.618571185398075,-18.649819945513016,1.3532537486526517e-12,38.0,76.0,RMB/month,76.0,a-c,,,,,,,,,,,,,,,,,,,,,,,,,,,,,,,,,,,,,,,,,,,,,,,,6.8,,,,,,
complete_m6_p24,Complete −6 to +24 switcher support,electricity_bill_rmb,Actual monthly electricity bill,15.0,Event-time effect,-23.298430289326777,2.3438111792665,-28.047442835519927,-18.549417743133628,5.398686572386593e-12,38.0,76.0,RMB/month,76.0,a-c,,,,,,,,,,,,,,,,,,,,,,,,,,,,,,,,,,,,,,,,,,,,,,,,6.8,,,,,,
complete_m6_p24,Complete −6 to +24 switcher support,electricity_bill_rmb,Actual monthly electricity bill,16.0,Event-time effect,-23.18621496640376,2.353283898035082,-27.95442106397021,-18.418008868837312,6.864714156432335e-12,38.0,76.0,RMB/month,76.0,a-c,,,,,,,,,,,,,,,,,,,,,,,,,,,,,,,,,,,,,,,,,,,,,,,,6.8,,,,,,
complete_m6_p24,Complete −6 to +24 switcher support,electricity_bill_rmb,Actual monthly electricity bill,17.0,Event-time effect,-24.59854080413511,2.4238575231208417,-29.509742648938964,-19.687338959331253,3.065110665606942e-12,38.0,76.0,RMB/month,76.0,a-c,,,,,,,,,,,,,,,,,,,,,,,,,,,,,,,,,,,,,,,,,,,,,,,,6.8,,,,,,
complete_m6_p24,Complete −6 to +24 switcher support,electricity_bill_rmb,Actual monthly electricity bill,18.0,Event-time effect,-23.87068787318565,2.036870837445214,-27.99778021218093,-19.74359553419037,5.1233417084252014e-14,38.0,76.0,RMB/month,76.0,a-c,,,,,,,,,,,,,,,,,,,,,,,,,,,,,,,,,,,,,,,,,,,,,,,,6.8,,,,,,
complete_m6_p24,Complete −6 to +24 switcher support,electricity_bill_rmb,Actual monthly electricity bill,19.0,Event-time effect,-25.632685917664286,2.4515661012589627,-30.600030674652857,-20.66534116067572,1.343094386142755e-12,38.0,76.0,RMB/month,76.0,a-c,,,,,,,,,,,,,,,,,,,,,,,,,,,,,,,,,,,,,,,,,,,,,,,,6.8,,,,,,
complete_m6_p24,Complete −6 to +24 switcher support,electricity_bill_rmb,Actual monthly electricity bill,20.0,Event-time effect,-27.58127533204845,2.687949655835216,-33.02757866570345,-22.134971998393446,2.2619391741605586e-12,38.0,76.0,RMB/month,76.0,a-c,,,,,,,,,,,,,,,,,,,,,,,,,,,,,,,,,,,,,,,,,,,,,,,,6.8,,,,,,
complete_m6_p24,Complete −6 to +24 switcher support,electricity_bill_rmb,Actual monthly electricity bill,21.0,Event-time effect,-27.195081994413503,2.7235272468279685,-32.713472374790754,-21.67669161403625,4.776512672342665e-12,38.0,76.0,RMB/month,76.0,a-c,,,,,,,,,,,,,,,,,,,,,,,,,,,,,,,,,,,,,,,,,,,,,,,,6.8,,,,,,
complete_m6_p24,Complete −6 to +24 switcher support,electricity_bill_rmb,Actual monthly electricity bill,22.0,Event-time effect,-24.27291254229824,2.292511340286321,-28.91798174139514,-19.627843343201327,9.44971671603278e-13,38.0,76.0,RMB/month,76.0,a-c,,,,,,,,,,,,,,,,,,,,,,,,,,,,,,,,,,,,,,,,,,,,,,,,6.8,,,,,,
complete_m6_p24,Complete −6 to +24 switcher support,electricity_bill_rmb,Actual monthly electricity bill,23.0,Event-time effect,-21.926977593632547,2.2533063652999386,-26.4926099678988,-17.361345219366292,9.596387984424377e-12,38.0,76.0,RMB/month,76.0,a-c,,,,,,,,,,,,,,,,,,,,,,,,,,,,,,,,,,,,,,,,,,,,,,,,6.8,,,,,,
complete_m6_p24,Complete −6 to +24 switcher support,electricity_bill_rmb,Actual monthly electricity bill,24.0,Event-time effect,-22.8286724747466,2.491784886348713,-27.8775082309562,-17.779836718536984,4.7204378564058986e-11,38.0,76.0,RMB/month,76.0,a-c,,,,,,,,,,,,,,,,,,,,,,,,,,,,,,,,,,,,,,,,,,,,,,,,6.8,,,,,,
complete_m6_p24,Complete −6 to +24 switcher support,bill_income_ratio_current_pct,Electricity-bill-to-income ratio,-12.0,Withheld-lead placebo,0.2352919999920897,0.1732182505825425,-0.1160108948746932,0.5865948948588726,0.1828027506866173,37.0,63.0,percentage points,76.0,a-c,,,,,,,,,,,,,,,,,,,,,,,,,,,,,,,,,,,,,,,,,,,,,,,,6.8,,,,,,
complete_m6_p24,Complete −6 to +24 switcher support,bill_income_ratio_current_pct,Electricity-bill-to-income ratio,-11.0,Withheld-lead placebo,0.3722527965504102,0.2019903746191167,-0.0374026704704142,0.7819082635712347,0.0735866791809461,37.0,66.0,percentage points,76.0,a-c,,,,,,,,,,,,,,,,,,,,,,,,,,,,,,,,,,,,,,,,,,,,,,,,6.8,,,,,,
complete_m6_p24,Complete −6 to +24 switcher support,bill_income_ratio_current_pct,Electricity-bill-to-income ratio,-10.0,Withheld-lead placebo,0.5981658703568927,0.1860382489748679,0.2208628136580556,0.9754689270557296,0.0027515208234508,37.0,72.0,percentage points,76.0,a-c,,,,,,,,,,,,,,,,,,,,,,,,,,,,,,,,,,,,,,,,,,,,,,,,6.8,,,,,,
complete_m6_p24,Complete −6 to +24 switcher support,bill_income_ratio_current_pct,Electricity-bill-to-income ratio,-9.0,Withheld-lead placebo,0.624084955039046,0.2236940646147621,0.1704123645389136,1.0777575455391784,0.0083770608849088,37.0,72.0,percentage points,76.0,a-c,,,,,,,,,,,,,,,,,,,,,,,,,,,,,,,,,,,,,,,,,,,,,,,,6.8,,,,,,
complete_m6_p24,Complete −6 to +24 switcher support,bill_income_ratio_current_pct,Electricity-bill-to-income ratio,-8.0,Withheld-lead placebo,0.3354582532523006,0.1039036164051349,0.1249295288107485,0.5459869776938526,0.0026086927091721,38.0,73.0,percentage points,76.0,a-c,,,,,,,,,,,,,,,,,,,,,,,,,,,,,,,,,,,,,,,,,,,,,,,,6.8,,,,,,
complete_m6_p24,Complete −6 to +24 switcher support,bill_income_ratio_current_pct,Electricity-bill-to-income ratio,-7.0,Withheld-lead placebo,0.0804390911831585,0.1263883984211304,-0.1756481291120561,0.3365263114783732,0.5284052422873284,38.0,74.0,percentage points,76.0,a-c,,,,,,,,,,,,,,,,,,,,,,,,,,,,,,,,,,,,,,,,,,,,,,,,6.8,,,,,,
complete_m6_p24,Complete −6 to +24 switcher support,bill_income_ratio_current_pct,Electricity-bill-to-income ratio,-6.0,Withheld-lead placebo,-0.1553291005274627,0.1098928762386073,-0.3782021835774692,0.0675439825225438,0.1661098563734868,37.0,73.0,percentage points,76.0,a-c,,,,,,,,,,,,,,,,,,,,,,,,,,,,,,,,,,,,,,,,,,,,,,,,6.8,,,,,,
complete_m6_p24,Complete −6 to +24 switcher support,bill_income_ratio_current_pct,Electricity-bill-to-income ratio,-5.0,Withheld-lead placebo,-0.2471898153451924,0.1419178893605726,-0.5350126353891771,0.0406330046987922,0.0900865414615773,37.0,72.0,percentage points,76.0,a-c,,,,,,,,,,,,,,,,,,,,,,,,,,,,,,,,,,,,,,,,,,,,,,,,6.8,,,,,,
complete_m6_p24,Complete −6 to +24 switcher support,bill_income_ratio_current_pct,Electricity-bill-to-income ratio,-4.0,Withheld-lead placebo,-0.2526251316804852,0.1351904580371964,-0.5268040886155227,0.0215538252545522,0.0698241995101286,37.0,73.0,percentage points,76.0,a-c,,,,,,,,,,,,,,,,,,,,,,,,,,,,,,,,,,,,,,,,,,,,,,,,6.8,,,,,,
complete_m6_p24,Complete −6 to +24 switcher support,bill_income_ratio_current_pct,Electricity-bill-to-income ratio,-3.0,Withheld-lead placebo,-0.2729553099532711,0.135870867557333,-0.5485142013543076,0.0026035814477652,0.0520890309960897,37.0,72.0,percentage points,76.0,a-c,,,,,,,,,,,,,,,,,,,,,,,,,,,,,,,,,,,,,,,,,,,,,,,,6.8,,,,,,
complete_m6_p24,Complete −6 to +24 switcher support,bill_income_ratio_current_pct,Electricity-bill-to-income ratio,-2.0,Withheld-lead placebo,-0.2687325343717627,0.1174180028628195,-0.5068672815849523,-0.0305977871585731,0.0280715436124663,37.0,72.0,percentage points,76.0,a-c,,,,,,,,,,,,,,,,,,,,,,,,,,,,,,,,,,,,,,,,,,,,,,,,6.8,,,,,,
complete_m6_p24,Complete −6 to +24 switcher support,bill_income_ratio_current_pct,Electricity-bill-to-income ratio,-1.0,Reference month,0.0,0.0,0.0,0.0,,,,percentage points,76.0,a-c,,,,,,,,,,,,,,,,,,,,,,,,,,,,,,,,,,,,,,,,,,,,,,,,6.8,,,,,,
complete_m6_p24,Complete −6 to +24 switcher support,bill_income_ratio_current_pct,Electricity-bill-to-income ratio,0.0,Partial connection month,-0.8514301778317358,0.1582087714704078,-1.171991598170171,-0.5308687574933008,4.316193216156653e-06,38.0,73.0,percentage points,76.0,a-c,,,,,,,,,,,,,,,,,,,,,,,,,,,,,,,,,,,,,,,,,,,,,,,,6.8,,,,,,
complete_m6_p24,Complete −6 to +24 switcher support,bill_income_ratio_current_pct,Electricity-bill-to-income ratio,1.0,Event-time effect,-1.1775385958256324,0.1954923647684456,-1.573643751899194,-0.7814334397520705,5.83602849240106e-07,38.0,73.0,percentage points,76.0,a-c,,,,,,,,,,,,,,,,,,,,,,,,,,,,,,,,,,,,,,,,,,,,,,,,6.8,,,,,,
complete_m6_p24,Complete −6 to +24 switcher support,bill_income_ratio_current_pct,Electricity-bill-to-income ratio,2.0,Event-time effect,-1.2370030582752678,0.190916679679501,-1.6238369957084156,-0.8501691208421202,1.413691251958642e-07,38.0,73.0,percentage points,76.0,a-c,,,,,,,,,,,,,,,,,,,,,,,,,,,,,,,,,,,,,,,,,,,,,,,,6.8,,,,,,
complete_m6_p24,Complete −6 to +24 switcher support,bill_income_ratio_current_pct,Electricity-bill-to-income ratio,3.0,Event-time effect,-1.17532171309291,0.1985367601664968,-1.5775954001764836,-0.7730480260093362,8.059682815988664e-07,38.0,75.0,percentage points,76.0,a-c,,,,,,,,,,,,,,,,,,,,,,,,,,,,,,,,,,,,,,,,,,,,,,,,6.8,,,,,,
complete_m6_p24,Complete −6 to +24 switcher support,bill_income_ratio_current_pct,Electricity-bill-to-income ratio,4.0,Event-time effect,-1.2904150927024505,0.2018763141902278,-1.6994553589787862,-0.8813748264261143,1.8528818199634922e-07,38.0,75.0,percentage points,76.0,a-c,,,,,,,,,,,,,,,,,,,,,,,,,,,,,,,,,,,,,,,,,,,,,,,,6.8,,,,,,
complete_m6_p24,Complete −6 to +24 switcher support,bill_income_ratio_current_pct,Electricity-bill-to-income ratio,5.0,Event-time effect,-1.4278711175966003,0.2131742563224753,-1.8598031890690352,-0.9959390461241656,7.180278034280169e-08,38.0,74.0,percentage points,76.0,a-c,,,,,,,,,,,,,,,,,,,,,,,,,,,,,,,,,,,,,,,,,,,,,,,,6.8,,,,,,
complete_m6_p24,Complete −6 to +24 switcher support,bill_income_ratio_current_pct,Electricity-bill-to-income ratio,6.0,Event-time effect,-1.4685197479281522,0.2004525054399104,-1.8746751036458005,-1.0623643922105042,1.0471048968438033e-08,38.0,73.0,percentage points,76.0,a-c,,,,,,,,,,,,,,,,,,,,,,,,,,,,,,,,,,,,,,,,,,,,,,,,6.8,,,,,,
complete_m6_p24,Complete −6 to +24 switcher support,bill_income_ratio_current_pct,Electricity-bill-to-income ratio,7.0,Event-time effect,-1.5657386993345077,0.2008134889237756,-1.972625477066441,-1.158851921602574,2.5271737024917964e-09,38.0,74.0,percentage points,76.0,a-c,,,,,,,,,,,,,,,,,,,,,,,,,,,,,,,,,,,,,,,,,,,,,,,,6.8,,,,,,
complete_m6_p24,Complete −6 to +24 switcher support,bill_income_ratio_current_pct,Electricity-bill-to-income ratio,8.0,Event-time effect,-1.69047001963459,0.2170877617170658,-2.130331606241568,-1.250608433027612,2.6035832910381268e-09,38.0,74.0,percentage points,76.0,a-c,,,,,,,,,,,,,,,,,,,,,,,,,,,,,,,,,,,,,,,,,,,,,,,,6.8,,,,,,
complete_m6_p24,Complete −6 to +24 switcher support,bill_income_ratio_current_pct,Electricity-bill-to-income ratio,9.0,Event-time effect,-1.5525768857953333,0.2231663931187026,-2.00475494953384,-1.1003988220568268,3.2343497792975473e-08,38.0,74.0,percentage points,76.0,a-c,,,,,,,,,,,,,,,,,,,,,,,,,,,,,,,,,,,,,,,,,,,,,,,,6.8,,,,,,
complete_m6_p24,Complete −6 to +24 switcher support,bill_income_ratio_current_pct,Electricity-bill-to-income ratio,10.0,Event-time effect,-1.3440559948973585,0.2010335571984121,-1.7513886733087125,-0.9367233164860044,7.460933863279712e-08,38.0,73.0,percentage points,76.0,a-c,,,,,,,,,,,,,,,,,,,,,,,,,,,,,,,,,,,,,,,,,,,,,,,,6.8,,,,,,
complete_m6_p24,Complete −6 to +24 switcher support,bill_income_ratio_current_pct,Electricity-bill-to-income ratio,11.0,Event-time effect,-1.327424445508982,0.2155496755593465,-1.7641695735356997,-0.8906793174822644,3.83365837224416e-07,38.0,74.0,percentage points,76.0,a-c,,,,,,,,,,,,,,,,,,,,,,,,,,,,,,,,,,,,,,,,,,,,,,,,6.8,,,,,,
complete_m6_p24,Complete −6 to +24 switcher support,bill_income_ratio_current_pct,Electricity-bill-to-income ratio,12.0,Event-time effect,-1.2665188998396923,0.2234024426836462,-1.7191752454275888,-0.8138625542517959,1.7617439363148857e-06,38.0,75.0,percentage points,76.0,a-c,,,,,,,,,,,,,,,,,,,,,,,,,,,,,,,,,,,,,,,,,,,,,,,,6.8,,,,,,
complete_m6_p24,Complete −6 to +24 switcher support,bill_income_ratio_current_pct,Electricity-bill-to-income ratio,13.0,Event-time effect,-1.2010680179775284,0.2015589254714204,-1.6094651936239663,-0.7926708423310903,7.137285267086951e-07,38.0,75.0,percentage points,76.0,a-c,,,,,,,,,,,,,,,,,,,,,,,,,,,,,,,,,,,,,,,,,,,,,,,,6.8,,,,,,
complete_m6_p24,Complete −6 to +24 switcher support,bill_income_ratio_current_pct,Electricity-bill-to-income ratio,14.0,Event-time effect,-1.1494226347288918,0.1881199546270616,-1.530589868939622,-0.7682554005181615,4.455635591845367e-07,38.0,74.0,percentage points,76.0,a-c,,,,,,,,,,,,,,,,,,,,,,,,,,,,,,,,,,,,,,,,,,,,,,,,6.8,,,,,,
complete_m6_p24,Complete −6 to +24 switcher support,bill_income_ratio_current_pct,Electricity-bill-to-income ratio,15.0,Event-time effect,-1.1657029293052432,0.1978497693377935,-1.566960859594588,-0.7644449990158984,9.692822955460284e-07,37.0,73.0,percentage points,76.0,a-c,,,,,,,,,,,,,,,,,,,,,,,,,,,,,,,,,,,,,,,,,,,,,,,,6.8,,,,,,
complete_m6_p24,Complete −6 to +24 switcher support,bill_income_ratio_current_pct,Electricity-bill-to-income ratio,16.0,Event-time effect,-1.2799930877891934,0.2140435017639991,-1.7140934296656083,-0.8458927459127783,7.389071978261969e-07,37.0,74.0,percentage points,76.0,a-c,,,,,,,,,,,,,,,,,,,,,,,,,,,,,,,,,,,,,,,,,,,,,,,,6.8,,,,,,
complete_m6_p24,Complete −6 to +24 switcher support,bill_income_ratio_current_pct,Electricity-bill-to-income ratio,17.0,Event-time effect,-1.4836902663618887,0.2340875558700498,-1.9584418341261127,-1.0089386985976647,2.4606489487562146e-07,37.0,72.0,percentage points,76.0,a-c,,,,,,,,,,,,,,,,,,,,,,,,,,,,,,,,,,,,,,,,,,,,,,,,6.8,,,,,,
complete_m6_p24,Complete −6 to +24 switcher support,bill_income_ratio_current_pct,Electricity-bill-to-income ratio,18.0,Event-time effect,-1.526237201335774,0.2036791041990866,-1.9393175706870136,-1.1131568319845342,7.478306172322941e-09,37.0,72.0,percentage points,76.0,a-c,,,,,,,,,,,,,,,,,,,,,,,,,,,,,,,,,,,,,,,,,,,,,,,,6.8,,,,,,
complete_m6_p24,Complete −6 to +24 switcher support,bill_income_ratio_current_pct,Electricity-bill-to-income ratio,19.0,Event-time effect,-1.6259874738851623,0.20950563240694,-2.0508845901412927,-1.2010903576290315,3.384068740323744e-09,37.0,72.0,percentage points,76.0,a-c,,,,,,,,,,,,,,,,,,,,,,,,,,,,,,,,,,,,,,,,,,,,,,,,6.8,,,,,,
complete_m6_p24,Complete −6 to +24 switcher support,bill_income_ratio_current_pct,Electricity-bill-to-income ratio,20.0,Event-time effect,-1.5774069876578378,0.183059218565332,-1.9490369586066307,-1.205777016709045,3.581059951533161e-10,36.0,71.0,percentage points,76.0,a-c,,,,,,,,,,,,,,,,,,,,,,,,,,,,,,,,,,,,,,,,,,,,,,,,6.8,,,,,,
complete_m6_p24,Complete −6 to +24 switcher support,bill_income_ratio_current_pct,Electricity-bill-to-income ratio,21.0,Event-time effect,-1.5471894954577654,0.2030901881294617,-1.9590754876611176,-1.135303503254413,5.1612528355807135e-09,37.0,71.0,percentage points,76.0,a-c,,,,,,,,,,,,,,,,,,,,,,,,,,,,,,,,,,,,,,,,,,,,,,,,6.8,,,,,,
complete_m6_p24,Complete −6 to +24 switcher support,bill_income_ratio_current_pct,Electricity-bill-to-income ratio,22.0,Event-time effect,-1.4155005482261456,0.2028071666948019,-1.827220985239252,-1.0037801112130391,4.059992875216608e-08,36.0,70.0,percentage points,76.0,a-c,,,,,,,,,,,,,,,,,,,,,,,,,,,,,,,,,,,,,,,,,,,,,,,,6.8,,,,,,
complete_m6_p24,Complete −6 to +24 switcher support,bill_income_ratio_current_pct,Electricity-bill-to-income ratio,23.0,Event-time effect,-1.2163192659648263,0.1932997381773726,-1.6087385969674262,-0.8238999349622269,3.1866577705865133e-07,36.0,71.0,percentage points,76.0,a-c,,,,,,,,,,,,,,,,,,,,,,,,,,,,,,,,,,,,,,,,,,,,,,,,6.8,,,,,,
complete_m6_p24,Complete −6 to +24 switcher support,bill_income_ratio_current_pct,Electricity-bill-to-income ratio,24.0,Event-time effect,-1.2370937471787644,0.2104651934683664,-1.6643608050596377,-0.8098266892978914,1.1182632919206296e-06,36.0,71.0,percentage points,76.0,a-c,,,,,,,,,,,,,,,,,,,,,,,,,,,,,,,,,,,,,,,,,,,,,,,,6.8,,,,,,
complete_m6_p24,Complete −6 to +24 switcher support,total_electricity_consumption_kwh,Total household electricity use,-12.0,Withheld-lead placebo,1.55886591833945,2.6336183818243804,-3.782359722710416,6.900091559389316,0.5576099370703288,37.0,66.0,kWh/month,76.0,a-c,,,,,,,,,,,,,,,,,,,,,,,,,,,,,,,,,,,,,,,,,,,,,,,,6.8,,,,,,
complete_m6_p24,Complete −6 to +24 switcher support,total_electricity_consumption_kwh,Total household electricity use,-11.0,Withheld-lead placebo,1.260947889860412,2.5720749215044094,-3.955461828514944,6.477357608235767,0.6269349830741671,37.0,69.0,kWh/month,76.0,a-c,,,,,,,,,,,,,,,,,,,,,,,,,,,,,,,,,,,,,,,,,,,,,,,,6.8,,,,,,
complete_m6_p24,Complete −6 to +24 switcher support,total_electricity_consumption_kwh,Total household electricity use,-10.0,Withheld-lead placebo,6.232824020007159,1.6090449658259791,2.9695295775076977,9.49611846250662,0.0004352189803695,37.0,74.0,kWh/month,76.0,a-c,,,,,,,,,,,,,,,,,,,,,,,,,,,,,,,,,,,,,,,,,,,,,,,,6.8,,,,,,
complete_m6_p24,Complete −6 to +24 switcher support,total_electricity_consumption_kwh,Total household electricity use,-9.0,Withheld-lead placebo,7.393729828204672,1.539835751933027,4.270798177214079,10.516661479195266,2.7502532791522664e-05,37.0,74.0,kWh/month,76.0,a-c,,,,,,,,,,,,,,,,,,,,,,,,,,,,,,,,,,,,,,,,,,,,,,,,6.8,,,,,,
complete_m6_p24,Complete −6 to +24 switcher support,total_electricity_consumption_kwh,Total household electricity use,-8.0,Withheld-lead placebo,5.411121737095777,2.181089487312488,0.9918146567111892,9.830428817480364,0.017775491115611,38.0,75.0,kWh/month,76.0,a-c,,,,,,,,,,,,,,,,,,,,,,,,,,,,,,,,,,,,,,,,,,,,,,,,6.8,,,,,,
complete_m6_p24,Complete −6 to +24 switcher support,total_electricity_consumption_kwh,Total household electricity use,-7.0,Withheld-lead placebo,6.039240047289148,2.3838307209983527,1.2091402072650386,10.869339887313258,0.0156641502730584,38.0,76.0,kWh/month,76.0,a-c,,,,,,,,,,,,,,,,,,,,,,,,,,,,,,,,,,,,,,,,,,,,,,,,6.8,,,,,,
complete_m6_p24,Complete −6 to +24 switcher support,total_electricity_consumption_kwh,Total household electricity use,-6.0,Withheld-lead placebo,1.2482919250931896,1.9158463834581565,-2.633581577391304,5.130165427577683,0.518710908629327,38.0,76.0,kWh/month,76.0,a-c,,,,,,,,,,,,,,,,,,,,,,,,,,,,,,,,,,,,,,,,,,,,,,,,6.8,,,,,,
complete_m6_p24,Complete −6 to +24 switcher support,total_electricity_consumption_kwh,Total household electricity use,-5.0,Withheld-lead placebo,-5.135978659608912,2.453853939071904,-10.107959016330696,-0.163998302887129,0.0432607927222014,38.0,76.0,kWh/month,76.0,a-c,,,,,,,,,,,,,,,,,,,,,,,,,,,,,,,,,,,,,,,,,,,,,,,,6.8,,,,,,
complete_m6_p24,Complete −6 to +24 switcher support,total_electricity_consumption_kwh,Total household electricity use,-4.0,Withheld-lead placebo,-11.42652872928029,3.063645085987856,-17.634063311905052,-5.218994146655529,0.0006404543382256,38.0,76.0,kWh/month,76.0,a-c,,,,,,,,,,,,,,,,,,,,,,,,,,,,,,,,,,,,,,,,,,,,,,,,6.8,,,,,,
complete_m6_p24,Complete −6 to +24 switcher support,total_electricity_consumption_kwh,Total household electricity use,-3.0,Withheld-lead placebo,-11.674328611021872,3.4292342039918235,-18.622617109111733,-4.726040112932012,0.0016085047378074,38.0,76.0,kWh/month,76.0,a-c,,,,,,,,,,,,,,,,,,,,,,,,,,,,,,,,,,,,,,,,,,,,,,,,6.8,,,,,,
complete_m6_p24,Complete −6 to +24 switcher support,total_electricity_consumption_kwh,Total household electricity use,-2.0,Withheld-lead placebo,-7.779920761162585,2.162836064319564,-12.162242893454426,-3.397598628870744,0.0009357333452291,38.0,76.0,kWh/month,76.0,a-c,,,,,,,,,,,,,,,,,,,,,,,,,,,,,,,,,,,,,,,,,,,,,,,,6.8,,,,,,
complete_m6_p24,Complete −6 to +24 switcher support,total_electricity_consumption_kwh,Total household electricity use,-1.0,Reference month,0.0,0.0,0.0,0.0,,,,kWh/month,76.0,a-c,,,,,,,,,,,,,,,,,,,,,,,,,,,,,,,,,,,,,,,,,,,,,,,,6.8,,,,,,
complete_m6_p24,Complete −6 to +24 switcher support,total_electricity_consumption_kwh,Total household electricity use,0.0,Partial connection month,-12.930540044945056,2.07849540885922,-17.141971776816213,-8.719108313073898,3.15304938827646e-07,38.0,76.0,kWh/month,76.0,a-c,,,,,,,,,,,,,,,,,,,,,,,,,,,,,,,,,,,,,,,,,,,,,,,,6.8,,,,,,
complete_m6_p24,Complete −6 to +24 switcher support,total_electricity_consumption_kwh,Total household electricity use,1.0,Event-time effect,-9.31018561047166,1.7795618337913603,-12.915920385593974,-5.704450835349345,6.879971939608196e-06,38.0,76.0,kWh/month,76.0,a-c,,,,,,,,,,,,,,,,,,,,,,,,,,,,,,,,,,,,,,,,,,,,,,,,6.8,,,,,,
complete_m6_p24,Complete −6 to +24 switcher support,total_electricity_consumption_kwh,Total household electricity use,2.0,Event-time effect,1.26948237496588,1.8456383871684008,-2.4701362145919346,5.009100964523695,0.4958505801339964,38.0,76.0,kWh/month,76.0,a-c,,,,,,,,,,,,,,,,,,,,,,,,,,,,,,,,,,,,,,,,,,,,,,,,6.8,,,,,,
complete_m6_p24,Complete −6 to +24 switcher support,total_electricity_consumption_kwh,Total household electricity use,3.0,Event-time effect,5.7736997540346255,2.841912115690564,0.0154388446312951,11.531960663437957,0.0494198455346695,38.0,76.0,kWh/month,76.0,a-c,,,,,,,,,,,,,,,,,,,,,,,,,,,,,,,,,,,,,,,,,,,,,,,,6.8,,,,,,
complete_m6_p24,Complete −6 to +24 switcher support,total_electricity_consumption_kwh,Total household electricity use,4.0,Event-time effect,8.150601750305094,3.247413945163068,1.5707160902800616,14.730487410330127,0.0165810144221508,38.0,76.0,kWh/month,76.0,a-c,,,,,,,,,,,,,,,,,,,,,,,,,,,,,,,,,,,,,,,,,,,,,,,,6.8,,,,,,
complete_m6_p24,Complete −6 to +24 switcher support,total_electricity_consumption_kwh,Total household electricity use,5.0,Event-time effect,5.292889700000626,2.7446653006749684,-0.2683304457645192,10.854109845765771,0.0615016886512579,38.0,76.0,kWh/month,76.0,a-c,,,,,,,,,,,,,,,,,,,,,,,,,,,,,,,,,,,,,,,,,,,,,,,,6.8,,,,,,
complete_m6_p24,Complete −6 to +24 switcher support,total_electricity_consumption_kwh,Total household electricity use,6.0,Event-time effect,3.3586885739310306,2.597188094886228,-1.9037143689963747,8.621091516858435,0.2039575089580321,38.0,76.0,kWh/month,76.0,a-c,,,,,,,,,,,,,,,,,,,,,,,,,,,,,,,,,,,,,,,,,,,,,,,,6.8,,,,,,
complete_m6_p24,Complete −6 to +24 switcher support,total_electricity_consumption_kwh,Total household electricity use,7.0,Event-time effect,-0.2772827645747043,2.57418218204459,-5.493071300297279,4.93850577114787,0.9148023115198736,38.0,76.0,kWh/month,76.0,a-c,,,,,,,,,,,,,,,,,,,,,,,,,,,,,,,,,,,,,,,,,,,,,,,,6.8,,,,,,
complete_m6_p24,Complete −6 to +24 switcher support,total_electricity_consumption_kwh,Total household electricity use,8.0,Event-time effect,-2.2511081339994825,3.703729258765267,-9.755576443210057,5.253360175211091,0.5470361853992192,38.0,76.0,kWh/month,76.0,a-c,,,,,,,,,,,,,,,,,,,,,,,,,,,,,,,,,,,,,,,,,,,,,,,,6.8,,,,,,
complete_m6_p24,Complete −6 to +24 switcher support,total_electricity_consumption_kwh,Total household electricity use,9.0,Event-time effect,-2.994171125285091,3.652936757485243,-10.395724051223684,4.407381800653502,0.4176580994884595,38.0,76.0,kWh/month,76.0,a-c,,,,,,,,,,,,,,,,,,,,,,,,,,,,,,,,,,,,,,,,,,,,,,,,6.8,,,,,,
complete_m6_p24,Complete −6 to +24 switcher support,total_electricity_consumption_kwh,Total household electricity use,10.0,Event-time effect,4.912654861568842,2.858349336996316,-0.8789110217573448,10.704220744895029,0.0940263886880886,38.0,76.0,kWh/month,76.0,a-c,,,,,,,,,,,,,,,,,,,,,,,,,,,,,,,,,,,,,,,,,,,,,,,,6.8,,,,,,
complete_m6_p24,Complete −6 to +24 switcher support,total_electricity_consumption_kwh,Total household electricity use,11.0,Event-time effect,6.346752213432573,2.848064063769407,0.5760262731989441,12.117478153666202,0.0320104336599119,38.0,76.0,kWh/month,76.0,a-c,,,,,,,,,,,,,,,,,,,,,,,,,,,,,,,,,,,,,,,,,,,,,,,,6.8,,,,,,
complete_m6_p24,Complete −6 to +24 switcher support,total_electricity_consumption_kwh,Total household electricity use,12.0,Event-time effect,2.448641955532911,2.540482097399186,-2.698863722677703,7.596147633743524,0.3413790355594021,38.0,76.0,kWh/month,76.0,a-c,,,,,,,,,,,,,,,,,,,,,,,,,,,,,,,,,,,,,,,,,,,,,,,,6.8,,,,,,
complete_m6_p24,Complete −6 to +24 switcher support,total_electricity_consumption_kwh,Total household electricity use,13.0,Event-time effect,0.4679522118089535,2.609429742511432,-4.819254665271699,5.755159088889607,0.8586561029738495,38.0,76.0,kWh/month,76.0,a-c,,,,,,,,,,,,,,,,,,,,,,,,,,,,,,,,,,,,,,,,,,,,,,,,6.8,,,,,,
complete_m6_p24,Complete −6 to +24 switcher support,total_electricity_consumption_kwh,Total household electricity use,14.0,Event-time effect,5.163335671052186,2.61096150273666,-0.1269748470519909,10.453646189156364,0.0554634458748512,38.0,76.0,kWh/month,76.0,a-c,,,,,,,,,,,,,,,,,,,,,,,,,,,,,,,,,,,,,,,,,,,,,,,,6.8,,,,,,
complete_m6_p24,Complete −6 to +24 switcher support,total_electricity_consumption_kwh,Total household electricity use,15.0,Event-time effect,7.427196571966732,2.519604133348818,2.3219936671583667,12.532399476775096,0.0055156062859945,38.0,76.0,kWh/month,76.0,a-c,,,,,,,,,,,,,,,,,,,,,,,,,,,,,,,,,,,,,,,,,,,,,,,,6.8,,,,,,
complete_m6_p24,Complete −6 to +24 switcher support,total_electricity_consumption_kwh,Total household electricity use,16.0,Event-time effect,8.126618426524782,3.0449294538343548,1.95700531671027,14.296231536339295,0.0112320186235282,38.0,76.0,kWh/month,76.0,a-c,,,,,,,,,,,,,,,,,,,,,,,,,,,,,,,,,,,,,,,,,,,,,,,,6.8,,,,,,
complete_m6_p24,Complete −6 to +24 switcher support,total_electricity_consumption_kwh,Total household electricity use,17.0,Event-time effect,6.141511931259726,3.263173698537895,-0.4703060222725801,12.75332988479203,0.0677104041530822,38.0,76.0,kWh/month,76.0,a-c,,,,,,,,,,,,,,,,,,,,,,,,,,,,,,,,,,,,,,,,,,,,,,,,6.8,,,,,,
complete_m6_p24,Complete −6 to +24 switcher support,total_electricity_consumption_kwh,Total household electricity use,18.0,Event-time effect,3.3961027384904585,2.929776651721329,-2.540188631585958,9.332394108566875,0.2538142383322909,38.0,76.0,kWh/month,76.0,a-c,,,,,,,,,,,,,,,,,,,,,,,,,,,,,,,,,,,,,,,,,,,,,,,,6.8,,,,,,
complete_m6_p24,Complete −6 to +24 switcher support,total_electricity_consumption_kwh,Total household electricity use,19.0,Event-time effect,0.1923874792636428,2.3975872710861066,-4.665585778865556,5.050360737392842,0.9364771520920392,38.0,76.0,kWh/month,76.0,a-c,,,,,,,,,,,,,,,,,,,,,,,,,,,,,,,,,,,,,,,,,,,,,,,,6.8,,,,,,
complete_m6_p24,Complete −6 to +24 switcher support,total_electricity_consumption_kwh,Total household electricity use,20.0,Event-time effect,-3.381524894556166,3.305422978903898,-10.07894802153447,3.315898232422139,0.3129392895264465,38.0,76.0,kWh/month,76.0,a-c,,,,,,,,,,,,,,,,,,,,,,,,,,,,,,,,,,,,,,,,,,,,,,,,6.8,,,,,,
complete_m6_p24,Complete −6 to +24 switcher support,total_electricity_consumption_kwh,Total household electricity use,21.0,Event-time effect,-0.8324329271302343,3.882458547657836,-8.699041174417484,7.034175320157015,0.8314056601539468,38.0,76.0,kWh/month,76.0,a-c,,,,,,,,,,,,,,,,,,,,,,,,,,,,,,,,,,,,,,,,,,,,,,,,6.8,,,,,,
complete_m6_p24,Complete −6 to +24 switcher support,total_electricity_consumption_kwh,Total household electricity use,22.0,Event-time effect,4.939679027232891,3.201904602976465,-1.5479959466562354,11.42735400112202,0.1314064506620844,38.0,76.0,kWh/month,76.0,a-c,,,,,,,,,,,,,,,,,,,,,,,,,,,,,,,,,,,,,,,,,,,,,,,,6.8,,,,,,
complete_m6_p24,Complete −6 to +24 switcher support,total_electricity_consumption_kwh,Total household electricity use,23.0,Event-time effect,6.724907781273164,2.8477596447366773,0.954798652589254,12.495016909957071,0.0235783482403495,38.0,76.0,kWh/month,76.0,a-c,,,,,,,,,,,,,,,,,,,,,,,,,,,,,,,,,,,,,,,,,,,,,,,,6.8,,,,,,
complete_m6_p24,Complete −6 to +24 switcher support,total_electricity_consumption_kwh,Total household electricity use,24.0,Event-time effect,3.5865666189410006,3.377961246854696,-3.2578329998403954,10.430966237722396,0.2952284150043449,38.0,76.0,kWh/month,76.0,a-c,,,,,,,,,,,,,,,,,,,,,,,,,,,,,,,,,,,,,,,,,,,,,,,,6.8,,,,,,
complete_m6_p24,Complete −6 to +24 switcher support,grid_import_kwh,Public-grid purchases,-12.0,Withheld-lead placebo,1.55886591833945,2.6336183818243804,-3.782359722710416,6.900091559389316,0.5576099370703288,37.0,66.0,kWh/month,76.0,a-c,,,,,,,,,,,,,,,,,,,,,,,,,,,,,,,,,,,,,,,,,,,,,,,,6.8,,,,,,
complete_m6_p24,Complete −6 to +24 switcher support,grid_import_kwh,Public-grid purchases,-11.0,Withheld-lead placebo,1.260947889860412,2.5720749215044094,-3.955461828514944,6.477357608235767,0.6269349830741671,37.0,69.0,kWh/month,76.0,a-c,,,,,,,,,,,,,,,,,,,,,,,,,,,,,,,,,,,,,,,,,,,,,,,,6.8,,,,,,
complete_m6_p24,Complete −6 to +24 switcher support,grid_import_kwh,Public-grid purchases,-10.0,Withheld-lead placebo,6.232824020007159,1.6090449658259791,2.9695295775076977,9.49611846250662,0.0004352189803695,37.0,74.0,kWh/month,76.0,a-c,,,,,,,,,,,,,,,,,,,,,,,,,,,,,,,,,,,,,,,,,,,,,,,,6.8,,,,,,
complete_m6_p24,Complete −6 to +24 switcher support,grid_import_kwh,Public-grid purchases,-9.0,Withheld-lead placebo,7.393729828204672,1.539835751933027,4.270798177214079,10.516661479195266,2.7502532791522664e-05,37.0,74.0,kWh/month,76.0,a-c,,,,,,,,,,,,,,,,,,,,,,,,,,,,,,,,,,,,,,,,,,,,,,,,6.8,,,,,,
complete_m6_p24,Complete −6 to +24 switcher support,grid_import_kwh,Public-grid purchases,-8.0,Withheld-lead placebo,5.411121737095777,2.181089487312488,0.9918146567111892,9.830428817480364,0.017775491115611,38.0,75.0,kWh/month,76.0,a-c,,,,,,,,,,,,,,,,,,,,,,,,,,,,,,,,,,,,,,,,,,,,,,,,6.8,,,,,,
complete_m6_p24,Complete −6 to +24 switcher support,grid_import_kwh,Public-grid purchases,-7.0,Withheld-lead placebo,6.039240047289148,2.3838307209983527,1.2091402072650386,10.869339887313258,0.0156641502730584,38.0,76.0,kWh/month,76.0,a-c,,,,,,,,,,,,,,,,,,,,,,,,,,,,,,,,,,,,,,,,,,,,,,,,6.8,,,,,,
complete_m6_p24,Complete −6 to +24 switcher support,grid_import_kwh,Public-grid purchases,-6.0,Withheld-lead placebo,1.2482919250931896,1.9158463834581565,-2.633581577391304,5.130165427577683,0.518710908629327,38.0,76.0,kWh/month,76.0,a-c,,,,,,,,,,,,,,,,,,,,,,,,,,,,,,,,,,,,,,,,,,,,,,,,6.8,,,,,,
complete_m6_p24,Complete −6 to +24 switcher support,grid_import_kwh,Public-grid purchases,-5.0,Withheld-lead placebo,-5.135978659608912,2.453853939071904,-10.107959016330696,-0.163998302887129,0.0432607927222014,38.0,76.0,kWh/month,76.0,a-c,,,,,,,,,,,,,,,,,,,,,,,,,,,,,,,,,,,,,,,,,,,,,,,,6.8,,,,,,
complete_m6_p24,Complete −6 to +24 switcher support,grid_import_kwh,Public-grid purchases,-4.0,Withheld-lead placebo,-11.42652872928029,3.063645085987856,-17.634063311905052,-5.218994146655529,0.0006404543382256,38.0,76.0,kWh/month,76.0,a-c,,,,,,,,,,,,,,,,,,,,,,,,,,,,,,,,,,,,,,,,,,,,,,,,6.8,,,,,,
complete_m6_p24,Complete −6 to +24 switcher support,grid_import_kwh,Public-grid purchases,-3.0,Withheld-lead placebo,-11.674328611021872,3.4292342039918235,-18.622617109111733,-4.726040112932012,0.0016085047378074,38.0,76.0,kWh/month,76.0,a-c,,,,,,,,,,,,,,,,,,,,,,,,,,,,,,,,,,,,,,,,,,,,,,,,6.8,,,,,,
complete_m6_p24,Complete −6 to +24 switcher support,grid_import_kwh,Public-grid purchases,-2.0,Withheld-lead placebo,-7.779920761162585,2.162836064319564,-12.162242893454426,-3.397598628870744,0.0009357333452291,38.0,76.0,kWh/month,76.0,a-c,,,,,,,,,,,,,,,,,,,,,,,,,,,,,,,,,,,,,,,,,,,,,,,,6.8,,,,,,
complete_m6_p24,Complete −6 to +24 switcher support,grid_import_kwh,Public-grid purchases,-1.0,Reference month,0.0,0.0,0.0,0.0,,,,kWh/month,76.0,a-c,,,,,,,,,,,,,,,,,,,,,,,,,,,,,,,,,,,,,,,,,,,,,,,,6.8,,,,,,
complete_m6_p24,Complete −6 to +24 switcher support,grid_import_kwh,Public-grid purchases,0.0,Partial connection month,-34.78632907893521,3.3578345696689653,-41.58994817609706,-27.98270998177336,1.735433634303322e-12,38.0,76.0,kWh/month,76.0,a-c,,,,,,,,,,,,,,,,,,,,,,,,,,,,,,,,,,,,,,,,,,,,,,,,6.8,,,,,,
complete_m6_p24,Complete −6 to +24 switcher support,grid_import_kwh,Public-grid purchases,1.0,Event-time effect,-50.41750258129686,4.399675937615305,-59.33209280586352,-41.5029123567302,9.864662210401473e-14,38.0,76.0,kWh/month,76.0,a-c,,,,,,,,,,,,,,,,,,,,,,,,,,,,,,,,,,,,,,,,,,,,,,,,6.8,,,,,,
complete_m6_p24,Complete −6 to +24 switcher support,grid_import_kwh,Public-grid purchases,2.0,Event-time effect,-46.20485998377387,4.2695394857944,-54.85576871049567,-37.55395125705208,5.101040528946449e-13,38.0,76.0,kWh/month,76.0,a-c,,,,,,,,,,,,,,,,,,,,,,,,,,,,,,,,,,,,,,,,,,,,,,,,6.8,,,,,,
complete_m6_p24,Complete −6 to +24 switcher support,grid_import_kwh,Public-grid purchases,3.0,Event-time effect,-43.320392389174735,4.27884854198216,-51.99016305538208,-34.65062172296739,3.272704680218173e-12,38.0,76.0,kWh/month,76.0,a-c,,,,,,,,,,,,,,,,,,,,,,,,,,,,,,,,,,,,,,,,,,,,,,,,6.8,,,,,,
complete_m6_p24,Complete −6 to +24 switcher support,grid_import_kwh,Public-grid purchases,4.0,Event-time effect,-43.94222765281926,4.56666756661041,-53.19517505744476,-34.68928024819377,1.2962958152752084e-11,38.0,76.0,kWh/month,76.0,a-c,,,,,,,,,,,,,,,,,,,,,,,,,,,,,,,,,,,,,,,,,,,,,,,,6.8,,,,,,
complete_m6_p24,Complete −6 to +24 switcher support,grid_import_kwh,Public-grid purchases,5.0,Event-time effect,-44.99007032588711,4.481286518470474,-54.07001929428594,-35.91012135748828,4.119701105151403e-12,38.0,76.0,kWh/month,76.0,a-c,,,,,,,,,,,,,,,,,,,,,,,,,,,,,,,,,,,,,,,,,,,,,,,,6.8,,,,,,
complete_m6_p24,Complete −6 to +24 switcher support,grid_import_kwh,Public-grid purchases,6.0,Event-time effect,-44.80977276140174,4.232634844206683,-53.385905581487705,-36.23363994131577,9.479339240513965e-13,38.0,76.0,kWh/month,76.0,a-c,,,,,,,,,,,,,,,,,,,,,,,,,,,,,,,,,,,,,,,,,,,,,,,,6.8,,,,,,
complete_m6_p24,Complete −6 to +24 switcher support,grid_import_kwh,Public-grid purchases,7.0,Event-time effect,-47.12134873193374,4.039491536561544,-55.30613603778462,-38.93656142608287,5.868082174660128e-14,38.0,76.0,kWh/month,76.0,a-c,,,,,,,,,,,,,,,,,,,,,,,,,,,,,,,,,,,,,,,,,,,,,,,,6.8,,,,,,
complete_m6_p24,Complete −6 to +24 switcher support,grid_import_kwh,Public-grid purchases,8.0,Event-time effect,-51.23027958576886,4.791472731586413,-60.93872552131875,-41.52183365021897,7.177970104087022e-13,38.0,76.0,kWh/month,76.0,a-c,,,,,,,,,,,,,,,,,,,,,,,,,,,,,,,,,,,,,,,,,,,,,,,,6.8,,,,,,
complete_m6_p24,Complete −6 to +24 switcher support,grid_import_kwh,Public-grid purchases,9.0,Event-time effect,-50.74944722805384,4.647933737803542,-60.16705553625009,-41.33183891985759,3.961866726685264e-13,38.0,76.0,kWh/month,76.0,a-c,,,,,,,,,,,,,,,,,,,,,,,,,,,,,,,,,,,,,,,,,,,,,,,,6.8,,,,,,
complete_m6_p24,Complete −6 to +24 switcher support,grid_import_kwh,Public-grid purchases,10.0,Event-time effect,-44.51938416087684,4.0461934626655385,-52.717750858887406,-36.32101746286627,3.183731150879325e-13,38.0,76.0,kWh/month,76.0,a-c,,,,,,,,,,,,,,,,,,,,,,,,,,,,,,,,,,,,,,,,,,,,,,,,6.8,,,,,,
complete_m6_p24,Complete −6 to +24 switcher support,grid_import_kwh,Public-grid purchases,11.0,Event-time effect,-42.68291910422008,3.926790054646878,-50.63935151684325,-34.72648669159692,4.502739094050687e-13,38.0,76.0,kWh/month,76.0,a-c,,,,,,,,,,,,,,,,,,,,,,,,,,,,,,,,,,,,,,,,,,,,,,,,6.8,,,,,,
complete_m6_p24,Complete −6 to +24 switcher support,grid_import_kwh,Public-grid purchases,12.0,Event-time effect,-42.54501569616756,3.9673096667405647,-50.58354864141982,-34.5064827509153,6.599094740135044e-13,38.0,76.0,kWh/month,76.0,a-c,,,,,,,,,,,,,,,,,,,,,,,,,,,,,,,,,,,,,,,,,,,,,,,,6.8,,,,,,
complete_m6_p24,Complete −6 to +24 switcher support,grid_import_kwh,Public-grid purchases,13.0,Event-time effect,-45.161035225991405,4.02482176838594,-53.31609875813049,-37.00597169385232,1.8142716375249394e-13,38.0,76.0,kWh/month,76.0,a-c,,,,,,,,,,,,,,,,,,,,,,,,,,,,,,,,,,,,,,,,,,,,,,,,6.8,,,,,,
complete_m6_p24,Complete −6 to +24 switcher support,grid_import_kwh,Public-grid purchases,14.0,Event-time effect,-44.306020075267234,3.989254303999189,-52.38901707913683,-36.22302307139764,2.435022634518129e-13,38.0,76.0,kWh/month,76.0,a-c,,,,,,,,,,,,,,,,,,,,,,,,,,,,,,,,,,,,,,,,,,,,,,,,6.8,,,,,,
complete_m6_p24,Complete −6 to +24 switcher support,grid_import_kwh,Public-grid purchases,15.0,Event-time effect,-44.28138311886611,4.345965694479621,-53.08714605360379,-35.47562018412843,2.746671829471121e-12,38.0,76.0,kWh/month,76.0,a-c,,,,,,,,,,,,,,,,,,,,,,,,,,,,,,,,,,,,,,,,,,,,,,,,6.8,,,,,,
complete_m6_p24,Complete −6 to +24 switcher support,grid_import_kwh,Public-grid purchases,16.0,Event-time effect,-44.06852559937822,4.33085131750702,-52.84366389741063,-35.29338730134581,2.849410061753443e-12,38.0,76.0,kWh/month,76.0,a-c,,,,,,,,,,,,,,,,,,,,,,,,,,,,,,,,,,,,,,,,,,,,,,,,6.8,,,,,,
complete_m6_p24,Complete −6 to +24 switcher support,grid_import_kwh,Public-grid purchases,17.0,Event-time effect,-45.64488238877651,4.423215149329828,-54.60716758670478,-36.68259719084824,1.9338056506337978e-12,38.0,76.0,kWh/month,76.0,a-c,,,,,,,,,,,,,,,,,,,,,,,,,,,,,,,,,,,,,,,,,,,,,,,,6.8,,,,,,
complete_m6_p24,Complete −6 to +24 switcher support,grid_import_kwh,Public-grid purchases,18.0,Event-time effect,-45.47730482617468,4.076695632814752,-53.73747479144762,-37.217134860901744,2.1454484440887665e-13,38.0,76.0,kWh/month,76.0,a-c,,,,,,,,,,,,,,,,,,,,,,,,,,,,,,,,,,,,,,,,,,,,,,,,6.8,,,,,,
complete_m6_p24,Complete −6 to +24 switcher support,grid_import_kwh,Public-grid purchases,19.0,Event-time effect,-46.792993847913706,4.168179832676376,-55.23852840943251,-38.3474592863949,1.788322436972056e-13,38.0,76.0,kWh/month,76.0,a-c,,,,,,,,,,,,,,,,,,,,,,,,,,,,,,,,,,,,,,,,,,,,,,,,6.8,,,,,,
complete_m6_p24,Complete −6 to +24 switcher support,grid_import_kwh,Public-grid purchases,20.0,Event-time effect,-50.78926117088159,4.586389050600606,-60.08216809772777,-41.49635424403541,2.647897222732605e-13,38.0,76.0,kWh/month,76.0,a-c,,,,,,,,,,,,,,,,,,,,,,,,,,,,,,,,,,,,,,,,,,,,,,,,6.8,,,,,,
complete_m6_p24,Complete −6 to +24 switcher support,grid_import_kwh,Public-grid purchases,21.0,Event-time effect,-50.28528776123508,4.941799052698589,-60.29832375561735,-40.2722517668528,2.849299694209317e-12,38.0,76.0,kWh/month,76.0,a-c,,,,,,,,,,,,,,,,,,,,,,,,,,,,,,,,,,,,,,,,,,,,,,,,6.8,,,,,,
complete_m6_p24,Complete −6 to +24 switcher support,grid_import_kwh,Public-grid purchases,22.0,Event-time effect,-44.69429391873333,3.9889030123966784,-52.77657913820559,-36.61200869926107,1.8902478127937664e-13,38.0,76.0,kWh/month,76.0,a-c,,,,,,,,,,,,,,,,,,,,,,,,,,,,,,,,,,,,,,,,,,,,,,,,6.8,,,,,,
complete_m6_p24,Complete −6 to +24 switcher support,grid_import_kwh,Public-grid purchases,23.0,Event-time effect,-41.06234268733228,3.834463928974512,-48.83170459997743,-33.29298077468714,6.8674076069883e-13,38.0,76.0,kWh/month,76.0,a-c,,,,,,,,,,,,,,,,,,,,,,,,,,,,,,,,,,,,,,,,,,,,,,,,6.8,,,,,,
complete_m6_p24,Complete −6 to +24 switcher support,grid_import_kwh,Public-grid purchases,24.0,Event-time effect,-42.90977521186473,4.433950599955361,-51.893812498937685,-33.92573792479178,1.1125167513977032e-11,38.0,76.0,kWh/month,76.0,a-c,,,,,,,,,,,,,,,,,,,,,,,,,,,,,,,,,,,,,,,,,,,,,,,,6.8,,,,,,
complete_m12_p24,Complete −12 to +24 switcher support,electricity_bill_rmb,Actual monthly electricity bill,-12.0,Withheld-lead placebo,3.176190220839369,2.7228062686334904,-2.345916838408177,8.698297280086916,0.2510765538500052,37.0,66.0,RMB/month,66.0,a-c,,,,,,,,,,,,,,,,,,,,,,,,,,,,,,,,,,,,,,,,,,,,,,,,6.8,,,,,,
complete_m12_p24,Complete −12 to +24 switcher support,electricity_bill_rmb,Actual monthly electricity bill,-11.0,Withheld-lead placebo,3.330316977887655,2.623323013054433,-1.990028687522,8.65066264329731,0.2124073235718084,37.0,66.0,RMB/month,66.0,a-c,,,,,,,,,,,,,,,,,,,,,,,,,,,,,,,,,,,,,,,,,,,,,,,,6.8,,,,,,
complete_m12_p24,Complete −12 to +24 switcher support,electricity_bill_rmb,Actual monthly electricity bill,-10.0,Withheld-lead placebo,2.897546011190255,1.0566209642981996,0.7546193721868981,5.040472650193612,0.0094452523231888,37.0,66.0,RMB/month,66.0,a-c,,,,,,,,,,,,,,,,,,,,,,,,,,,,,,,,,,,,,,,,,,,,,,,,6.8,,,,,,
complete_m12_p24,Complete −12 to +24 switcher support,electricity_bill_rmb,Actual monthly electricity bill,-9.0,Withheld-lead placebo,5.30448535852902,2.3083361691612647,0.6229626216068649,9.986008095451174,0.0274810417049221,37.0,66.0,RMB/month,66.0,a-c,,,,,,,,,,,,,,,,,,,,,,,,,,,,,,,,,,,,,,,,,,,,,,,,6.8,,,,,,
complete_m12_p24,Complete −12 to +24 switcher support,electricity_bill_rmb,Actual monthly electricity bill,-8.0,Withheld-lead placebo,4.473694546927303,2.4528106294309207,-0.5008359761626293,9.448225070017234,0.0764766557704684,37.0,66.0,RMB/month,66.0,a-c,,,,,,,,,,,,,,,,,,,,,,,,,,,,,,,,,,,,,,,,,,,,,,,,6.8,,,,,,
complete_m12_p24,Complete −12 to +24 switcher support,electricity_bill_rmb,Actual monthly electricity bill,-7.0,Withheld-lead placebo,3.759668782893215,2.5638397294363977,-1.4400391918520836,8.959376757638514,0.1512151056064279,37.0,66.0,RMB/month,66.0,a-c,,,,,,,,,,,,,,,,,,,,,,,,,,,,,,,,,,,,,,,,,,,,,,,,6.8,,,,,,
complete_m12_p24,Complete −12 to +24 switcher support,electricity_bill_rmb,Actual monthly electricity bill,-6.0,Withheld-lead placebo,0.9522707806635494,2.2996957207476982,-3.7117283146652698,5.616269875992368,0.6812682993438679,37.0,66.0,RMB/month,66.0,a-c,,,,,,,,,,,,,,,,,,,,,,,,,,,,,,,,,,,,,,,,,,,,,,,,6.8,,,,,,
complete_m12_p24,Complete −12 to +24 switcher support,electricity_bill_rmb,Actual monthly electricity bill,-5.0,Withheld-lead placebo,-4.659821472667549,1.8867188561658648,-8.486264666394238,-0.8333782789408604,0.0183935146988033,37.0,66.0,RMB/month,66.0,a-c,,,,,,,,,,,,,,,,,,,,,,,,,,,,,,,,,,,,,,,,,,,,,,,,6.8,,,,,,
complete_m12_p24,Complete −12 to +24 switcher support,electricity_bill_rmb,Actual monthly electricity bill,-4.0,Withheld-lead placebo,-6.8090907963816045,1.954773893459093,-10.77355600297919,-2.84462558978402,0.0013189436043878,37.0,66.0,RMB/month,66.0,a-c,,,,,,,,,,,,,,,,,,,,,,,,,,,,,,,,,,,,,,,,,,,,,,,,6.8,,,,,,
complete_m12_p24,Complete −12 to +24 switcher support,electricity_bill_rmb,Actual monthly electricity bill,-3.0,Withheld-lead placebo,-7.155453412426422,2.1771963322446948,-11.571012232808528,-2.739894592044318,0.0022681889862775,37.0,66.0,RMB/month,66.0,a-c,,,,,,,,,,,,,,,,,,,,,,,,,,,,,,,,,,,,,,,,,,,,,,,,6.8,,,,,,
complete_m12_p24,Complete −12 to +24 switcher support,electricity_bill_rmb,Actual monthly electricity bill,-2.0,Withheld-lead placebo,-4.990123209239853,1.6214422079553965,-8.278560424130688,-1.7016859943490177,0.0039760323664703,37.0,66.0,RMB/month,66.0,a-c,,,,,,,,,,,,,,,,,,,,,,,,,,,,,,,,,,,,,,,,,,,,,,,,6.8,,,,,,
complete_m12_p24,Complete −12 to +24 switcher support,electricity_bill_rmb,Actual monthly electricity bill,-1.0,Reference month,0.0,0.0,0.0,0.0,,,,RMB/month,66.0,a-c,,,,,,,,,,,,,,,,,,,,,,,,,,,,,,,,,,,,,,,,,,,,,,,,6.8,,,,,,
complete_m12_p24,Complete −12 to +24 switcher support,electricity_bill_rmb,Actual monthly electricity bill,0.0,Partial connection month,-18.553370050344427,2.032186213621757,-22.67483471906589,-14.431905381622965,6.674167972327826e-11,37.0,66.0,RMB/month,66.0,a-c,,,,,,,,,,,,,,,,,,,,,,,,,,,,,,,,,,,,,,,,,,,,,,,,6.8,,,,,,
complete_m12_p24,Complete −12 to +24 switcher support,electricity_bill_rmb,Actual monthly electricity bill,1.0,Event-time effect,-26.532298575661475,2.8266092469720903,-32.26492783256144,-20.79966931876151,3.278088307771802e-11,37.0,66.0,RMB/month,66.0,a-c,,,,,,,,,,,,,,,,,,,,,,,,,,,,,,,,,,,,,,,,,,,,,,,,6.8,,,,,,
complete_m12_p24,Complete −12 to +24 switcher support,electricity_bill_rmb,Actual monthly electricity bill,2.0,Event-time effect,-26.169450245730765,2.5905052165122986,-31.42323833484792,-20.91566215661361,4.732930127225946e-12,37.0,66.0,RMB/month,66.0,a-c,,,,,,,,,,,,,,,,,,,,,,,,,,,,,,,,,,,,,,,,,,,,,,,,6.8,,,,,,
complete_m12_p24,Complete −12 to +24 switcher support,electricity_bill_rmb,Actual monthly electricity bill,3.0,Event-time effect,-24.994761067514027,2.5301012097363995,-30.1260441528538,-19.863477982174256,8.592584813618335e-12,37.0,66.0,RMB/month,66.0,a-c,,,,,,,,,,,,,,,,,,,,,,,,,,,,,,,,,,,,,,,,,,,,,,,,6.8,,,,,,
complete_m12_p24,Complete −12 to +24 switcher support,electricity_bill_rmb,Actual monthly electricity bill,4.0,Event-time effect,-25.321402141657607,2.5949979118986395,-30.58430183933603,-20.058502443979183,1.1911918421504492e-11,37.0,66.0,RMB/month,66.0,a-c,,,,,,,,,,,,,,,,,,,,,,,,,,,,,,,,,,,,,,,,,,,,,,,,6.8,,,,,,
complete_m12_p24,Complete −12 to +24 switcher support,electricity_bill_rmb,Actual monthly electricity bill,5.0,Event-time effect,-25.21970657934701,2.43102723445565,-30.15005832976661,-20.28935482892741,2.307611915007452e-12,37.0,66.0,RMB/month,66.0,a-c,,,,,,,,,,,,,,,,,,,,,,,,,,,,,,,,,,,,,,,,,,,,,,,,6.8,,,,,,
complete_m12_p24,Complete −12 to +24 switcher support,electricity_bill_rmb,Actual monthly electricity bill,6.0,Event-time effect,-25.04180757330024,2.252176311105844,-29.60943283900428,-20.47418230759619,3.3911294038722893e-13,37.0,66.0,RMB/month,66.0,a-c,,,,,,,,,,,,,,,,,,,,,,,,,,,,,,,,,,,,,,,,,,,,,,,,6.8,,,,,,
complete_m12_p24,Complete −12 to +24 switcher support,electricity_bill_rmb,Actual monthly electricity bill,7.0,Event-time effect,-26.5604347620533,2.680803653804989,-31.99735657014167,-21.123512953964934,7.955552078994975e-12,37.0,66.0,RMB/month,66.0,a-c,,,,,,,,,,,,,,,,,,,,,,,,,,,,,,,,,,,,,,,,,,,,,,,,6.8,,,,,,
complete_m12_p24,Complete −12 to +24 switcher support,electricity_bill_rmb,Actual monthly electricity bill,8.0,Event-time effect,-27.703007872401567,3.0312622504068942,-33.85069265785029,-21.555323086952846,6.502852503854942e-11,37.0,66.0,RMB/month,66.0,a-c,,,,,,,,,,,,,,,,,,,,,,,,,,,,,,,,,,,,,,,,,,,,,,,,6.8,,,,,,
complete_m12_p24,Complete −12 to +24 switcher support,electricity_bill_rmb,Actual monthly electricity bill,9.0,Event-time effect,-27.06237637481745,2.807034830997978,-32.755306876107625,-21.369445873527283,1.6351864407881895e-11,37.0,66.0,RMB/month,66.0,a-c,,,,,,,,,,,,,,,,,,,,,,,,,,,,,,,,,,,,,,,,,,,,,,,,6.8,,,,,,
complete_m12_p24,Complete −12 to +24 switcher support,electricity_bill_rmb,Actual monthly electricity bill,10.0,Event-time effect,-25.557661806472304,2.524703662157465,-30.67799815794724,-20.43732545499737,4.476434212584151e-12,37.0,66.0,RMB/month,66.0,a-c,,,,,,,,,,,,,,,,,,,,,,,,,,,,,,,,,,,,,,,,,,,,,,,,6.8,,,,,,
complete_m12_p24,Complete −12 to +24 switcher support,electricity_bill_rmb,Actual monthly electricity bill,11.0,Event-time effect,-24.23902677901636,2.555678812155716,-29.42218364638221,-19.055869911650504,2.506499998721469e-11,37.0,66.0,RMB/month,66.0,a-c,,,,,,,,,,,,,,,,,,,,,,,,,,,,,,,,,,,,,,,,,,,,,,,,6.8,,,,,,
complete_m12_p24,Complete −12 to +24 switcher support,electricity_bill_rmb,Actual monthly electricity bill,12.0,Event-time effect,-24.18013768417152,2.5915846457161216,-29.43611495718143,-18.92416041116161,3.8288057074811895e-11,37.0,66.0,RMB/month,66.0,a-c,,,,,,,,,,,,,,,,,,,,,,,,,,,,,,,,,,,,,,,,,,,,,,,,6.8,,,,,,
complete_m12_p24,Complete −12 to +24 switcher support,electricity_bill_rmb,Actual monthly electricity bill,13.0,Event-time effect,-25.23761806199435,2.6168218760239026,-30.544778810392835,-19.930457313595863,1.6198557144646424e-11,37.0,66.0,RMB/month,66.0,a-c,,,,,,,,,,,,,,,,,,,,,,,,,,,,,,,,,,,,,,,,,,,,,,,,6.8,,,,,,
complete_m12_p24,Complete −12 to +24 switcher support,electricity_bill_rmb,Actual monthly electricity bill,14.0,Event-time effect,-25.565069609574408,2.413713664031811,-30.460307811681865,-20.66983140746695,1.3084247534084144e-12,37.0,66.0,RMB/month,66.0,a-c,,,,,,,,,,,,,,,,,,,,,,,,,,,,,,,,,,,,,,,,,,,,,,,,6.8,,,,,,
complete_m12_p24,Complete −12 to +24 switcher support,electricity_bill_rmb,Actual monthly electricity bill,15.0,Event-time effect,-25.713317514479,2.5347493443052618,-30.85402745365363,-20.572607575304367,4.230497682369637e-12,37.0,66.0,RMB/month,66.0,a-c,,,,,,,,,,,,,,,,,,,,,,,,,,,,,,,,,,,,,,,,,,,,,,,,6.8,,,,,,
complete_m12_p24,Complete −12 to +24 switcher support,electricity_bill_rmb,Actual monthly electricity bill,16.0,Event-time effect,-25.526922272475712,2.479237391096792,-30.555048752365536,-20.498795792585888,2.8312174058645775e-12,37.0,66.0,RMB/month,66.0,a-c,,,,,,,,,,,,,,,,,,,,,,,,,,,,,,,,,,,,,,,,,,,,,,,,6.8,,,,,,
complete_m12_p24,Complete −12 to +24 switcher support,electricity_bill_rmb,Actual monthly electricity bill,17.0,Event-time effect,-27.22381883133,2.500017188724151,-32.29408869412946,-22.153548968530533,6.075945477158295e-13,37.0,66.0,RMB/month,66.0,a-c,,,,,,,,,,,,,,,,,,,,,,,,,,,,,,,,,,,,,,,,,,,,,,,,6.8,,,,,,
complete_m12_p24,Complete −12 to +24 switcher support,electricity_bill_rmb,Actual monthly electricity bill,18.0,Event-time effect,-25.89934710598263,2.1384465234694705,-30.236317671648564,-21.5623765403167,2.941250889778115e-14,37.0,66.0,RMB/month,66.0,a-c,,,,,,,,,,,,,,,,,,,,,,,,,,,,,,,,,,,,,,,,,,,,,,,,6.8,,,,,,
complete_m12_p24,Complete −12 to +24 switcher support,electricity_bill_rmb,Actual monthly electricity bill,19.0,Event-time effect,-27.11937481111876,2.682292832106888,-32.5593168127876,-21.67943280944992,4.6277515926346195e-12,37.0,66.0,RMB/month,66.0,a-c,,,,,,,,,,,,,,,,,,,,,,,,,,,,,,,,,,,,,,,,,,,,,,,,6.8,,,,,,
complete_m12_p24,Complete −12 to +24 switcher support,electricity_bill_rmb,Actual monthly electricity bill,20.0,Event-time effect,-27.97701770442303,2.988821877955858,-34.03862942510443,-21.915405983741632,3.521990522183134e-11,37.0,66.0,RMB/month,66.0,a-c,,,,,,,,,,,,,,,,,,,,,,,,,,,,,,,,,,,,,,,,,,,,,,,,6.8,,,,,,
complete_m12_p24,Complete −12 to +24 switcher support,electricity_bill_rmb,Actual monthly electricity bill,21.0,Event-time effect,-28.01026711691063,3.003123010173275,-34.100882878049404,-21.91965135577185,3.8628196306757486e-11,37.0,66.0,RMB/month,66.0,a-c,,,,,,,,,,,,,,,,,,,,,,,,,,,,,,,,,,,,,,,,,,,,,,,,6.8,,,,,,
complete_m12_p24,Complete −12 to +24 switcher support,electricity_bill_rmb,Actual monthly electricity bill,22.0,Event-time effect,-25.87551627590112,2.4978071561633235,-30.94130398492199,-20.80972856688024,2.3989960357208487e-12,37.0,66.0,RMB/month,66.0,a-c,,,,,,,,,,,,,,,,,,,,,,,,,,,,,,,,,,,,,,,,,,,,,,,,6.8,,,,,,
complete_m12_p24,Complete −12 to +24 switcher support,electricity_bill_rmb,Actual monthly electricity bill,23.0,Event-time effect,-23.59014732386317,2.432674286661431,-28.523839450980617,-18.65645519674573,1.4034347661139425e-11,37.0,66.0,RMB/month,66.0,a-c,,,,,,,,,,,,,,,,,,,,,,,,,,,,,,,,,,,,,,,,,,,,,,,,6.8,,,,,,
complete_m12_p24,Complete −12 to +24 switcher support,electricity_bill_rmb,Actual monthly electricity bill,24.0,Event-time effect,-24.611053527045847,2.7170028717777783,-30.12139075194501,-19.10071630214668,8.149268513120549e-11,37.0,66.0,RMB/month,66.0,a-c,,,,,,,,,,,,,,,,,,,,,,,,,,,,,,,,,,,,,,,,,,,,,,,,6.8,,,,,,
complete_m12_p24,Complete −12 to +24 switcher support,bill_income_ratio_current_pct,Electricity-bill-to-income ratio,-12.0,Withheld-lead placebo,0.2353536952516098,0.173203731471053,-0.1159197534922615,0.5866271439954812,0.1826550576550782,37.0,63.0,percentage points,66.0,a-c,,,,,,,,,,,,,,,,,,,,,,,,,,,,,,,,,,,,,,,,,,,,,,,,6.8,,,,,,
complete_m12_p24,Complete −12 to +24 switcher support,bill_income_ratio_current_pct,Electricity-bill-to-income ratio,-11.0,Withheld-lead placebo,0.3752459819227689,0.2119115013418427,-0.0545304626873829,0.8050224265329208,0.0850669498684496,37.0,63.0,percentage points,66.0,a-c,,,,,,,,,,,,,,,,,,,,,,,,,,,,,,,,,,,,,,,,,,,,,,,,6.8,,,,,,
complete_m12_p24,Complete −12 to +24 switcher support,bill_income_ratio_current_pct,Electricity-bill-to-income ratio,-10.0,Withheld-lead placebo,0.6435795479762129,0.2221137932150838,0.1931118964216891,1.0940471995307366,0.0063642854144324,37.0,64.0,percentage points,66.0,a-c,,,,,,,,,,,,,,,,,,,,,,,,,,,,,,,,,,,,,,,,,,,,,,,,6.8,,,,,,
complete_m12_p24,Complete −12 to +24 switcher support,bill_income_ratio_current_pct,Electricity-bill-to-income ratio,-9.0,Withheld-lead placebo,0.6698433329029435,0.2477563596696067,0.1673701461522593,1.1723165196536276,0.010403390411828,37.0,64.0,percentage points,66.0,a-c,,,,,,,,,,,,,,,,,,,,,,,,,,,,,,,,,,,,,,,,,,,,,,,,6.8,,,,,,
complete_m12_p24,Complete −12 to +24 switcher support,bill_income_ratio_current_pct,Electricity-bill-to-income ratio,-8.0,Withheld-lead placebo,0.3594146327907495,0.1130698666232069,0.1300983146005637,0.5887309509809352,0.003036320048371,37.0,64.0,percentage points,66.0,a-c,,,,,,,,,,,,,,,,,,,,,,,,,,,,,,,,,,,,,,,,,,,,,,,,6.8,,,,,,
complete_m12_p24,Complete −12 to +24 switcher support,bill_income_ratio_current_pct,Electricity-bill-to-income ratio,-7.0,Withheld-lead placebo,0.0666431894526248,0.1404228234982731,-0.2181474964849595,0.3514338753902092,0.6379460177203675,37.0,64.0,percentage points,66.0,a-c,,,,,,,,,,,,,,,,,,,,,,,,,,,,,,,,,,,,,,,,,,,,,,,,6.8,,,,,,
complete_m12_p24,Complete −12 to +24 switcher support,bill_income_ratio_current_pct,Electricity-bill-to-income ratio,-6.0,Withheld-lead placebo,-0.1747965847088376,0.1263396644824481,-0.4312797392271438,0.0816865698094685,0.1752593224419459,36.0,63.0,percentage points,66.0,a-c,,,,,,,,,,,,,,,,,,,,,,,,,,,,,,,,,,,,,,,,,,,,,,,,6.8,,,,,,
complete_m12_p24,Complete −12 to +24 switcher support,bill_income_ratio_current_pct,Electricity-bill-to-income ratio,-5.0,Withheld-lead placebo,-0.2502881038124305,0.1661339831561012,-0.5875580201694406,0.0869818125445795,0.1409009053006393,36.0,62.0,percentage points,66.0,a-c,,,,,,,,,,,,,,,,,,,,,,,,,,,,,,,,,,,,,,,,,,,,,,,,6.8,,,,,,
complete_m12_p24,Complete −12 to +24 switcher support,bill_income_ratio_current_pct,Electricity-bill-to-income ratio,-4.0,Withheld-lead placebo,-0.2753920957108586,0.1385546814030737,-0.556673052923439,0.0058888615017218,0.054723728676217,36.0,63.0,percentage points,66.0,a-c,,,,,,,,,,,,,,,,,,,,,,,,,,,,,,,,,,,,,,,,,,,,,,,,6.8,,,,,,
complete_m12_p24,Complete −12 to +24 switcher support,bill_income_ratio_current_pct,Electricity-bill-to-income ratio,-3.0,Withheld-lead placebo,-0.31395183035203,0.1436187308937739,-0.6055133545847329,-0.0223903061193271,0.0355925337888447,36.0,62.0,percentage points,66.0,a-c,,,,,,,,,,,,,,,,,,,,,,,,,,,,,,,,,,,,,,,,,,,,,,,,6.8,,,,,,
complete_m12_p24,Complete −12 to +24 switcher support,bill_income_ratio_current_pct,Electricity-bill-to-income ratio,-2.0,Withheld-lead placebo,-0.2975340336456249,0.1378253582454698,-0.5773343861336969,-0.0177336811575529,0.0378065414649029,36.0,62.0,percentage points,66.0,a-c,,,,,,,,,,,,,,,,,,,,,,,,,,,,,,,,,,,,,,,,,,,,,,,,6.8,,,,,,
complete_m12_p24,Complete −12 to +24 switcher support,bill_income_ratio_current_pct,Electricity-bill-to-income ratio,-1.0,Reference month,0.0,0.0,0.0,0.0,,,,percentage points,66.0,a-c,,,,,,,,,,,,,,,,,,,,,,,,,,,,,,,,,,,,,,,,,,,,,,,,6.8,,,,,,
complete_m12_p24,Complete −12 to +24 switcher support,bill_income_ratio_current_pct,Electricity-bill-to-income ratio,0.0,Partial connection month,-0.8794421522947072,0.1737467503231093,-1.2318168943148535,-0.5270674102745609,1.2443205820112312e-05,37.0,63.0,percentage points,66.0,a-c,,,,,,,,,,,,,,,,,,,,,,,,,,,,,,,,,,,,,,,,,,,,,,,,6.8,,,,,,
complete_m12_p24,Complete −12 to +24 switcher support,bill_income_ratio_current_pct,Electricity-bill-to-income ratio,1.0,Event-time effect,-1.2358329586076673,0.2216876155213895,-1.685436281738258,-0.7862296354770766,2.5738416662016086e-06,37.0,63.0,percentage points,66.0,a-c,,,,,,,,,,,,,,,,,,,,,,,,,,,,,,,,,,,,,,,,,,,,,,,,6.8,,,,,,
complete_m12_p24,Complete −12 to +24 switcher support,bill_income_ratio_current_pct,Electricity-bill-to-income ratio,2.0,Event-time effect,-1.315297116913598,0.2142867947773274,-1.7498908798908246,-0.8807033539363716,4.546916160043419e-07,37.0,63.0,percentage points,66.0,a-c,,,,,,,,,,,,,,,,,,,,,,,,,,,,,,,,,,,,,,,,,,,,,,,,6.8,,,,,,
complete_m12_p24,Complete −12 to +24 switcher support,bill_income_ratio_current_pct,Electricity-bill-to-income ratio,3.0,Event-time effect,-1.2503901734315617,0.2238407536603194,-1.7043602631049983,-0.796420083758125,2.484993590521636e-06,37.0,65.0,percentage points,66.0,a-c,,,,,,,,,,,,,,,,,,,,,,,,,,,,,,,,,,,,,,,,,,,,,,,,6.8,,,,,,
complete_m12_p24,Complete −12 to +24 switcher support,bill_income_ratio_current_pct,Electricity-bill-to-income ratio,4.0,Event-time effect,-1.3738291282502095,0.2256729394426833,-1.83151506291754,-0.916143193582879,5.307147798316914e-07,37.0,65.0,percentage points,66.0,a-c,,,,,,,,,,,,,,,,,,,,,,,,,,,,,,,,,,,,,,,,,,,,,,,,6.8,,,,,,
complete_m12_p24,Complete −12 to +24 switcher support,bill_income_ratio_current_pct,Electricity-bill-to-income ratio,5.0,Event-time effect,-1.5214772780162098,0.240195486357553,-2.0086163029605446,-1.034338253071875,2.489887543098294e-07,37.0,64.0,percentage points,66.0,a-c,,,,,,,,,,,,,,,,,,,,,,,,,,,,,,,,,,,,,,,,,,,,,,,,6.8,,,,,,
complete_m12_p24,Complete −12 to +24 switcher support,bill_income_ratio_current_pct,Electricity-bill-to-income ratio,6.0,Event-time effect,-1.5131601876605216,0.2307358631687675,-1.9815788928111229,-1.0447414825099204,1.4316886431049873e-07,36.0,63.0,percentage points,66.0,a-c,,,,,,,,,,,,,,,,,,,,,,,,,,,,,,,,,,,,,,,,,,,,,,,,6.8,,,,,,
complete_m12_p24,Complete −12 to +24 switcher support,bill_income_ratio_current_pct,Electricity-bill-to-income ratio,7.0,Event-time effect,-1.5174534446741446,0.2364406942753461,-1.9974535726835403,-1.0374533166647488,2.1822404623769893e-07,36.0,64.0,percentage points,66.0,a-c,,,,,,,,,,,,,,,,,,,,,,,,,,,,,,,,,,,,,,,,,,,,,,,,6.8,,,,,,
complete_m12_p24,Complete −12 to +24 switcher support,bill_income_ratio_current_pct,Electricity-bill-to-income ratio,8.0,Event-time effect,-1.618131260871715,0.2556282668819167,-2.137084232153589,-1.0991782895898414,2.8445371626454e-07,36.0,64.0,percentage points,66.0,a-c,,,,,,,,,,,,,,,,,,,,,,,,,,,,,,,,,,,,,,,,,,,,,,,,6.8,,,,,,
complete_m12_p24,Complete −12 to +24 switcher support,bill_income_ratio_current_pct,Electricity-bill-to-income ratio,9.0,Event-time effect,-1.5277169237407096,0.2412555016070642,-2.017491630287224,-1.037942217194195,2.824484168478609e-07,36.0,64.0,percentage points,66.0,a-c,,,,,,,,,,,,,,,,,,,,,,,,,,,,,,,,,,,,,,,,,,,,,,,,6.8,,,,,,
complete_m12_p24,Complete −12 to +24 switcher support,bill_income_ratio_current_pct,Electricity-bill-to-income ratio,10.0,Event-time effect,-1.382009434056262,0.2229476567352406,-1.8346172395793097,-0.9294016285332138,4.228505487220717e-07,36.0,63.0,percentage points,66.0,a-c,,,,,,,,,,,,,,,,,,,,,,,,,,,,,,,,,,,,,,,,,,,,,,,,6.8,,,,,,
complete_m12_p24,Complete −12 to +24 switcher support,bill_income_ratio_current_pct,Electricity-bill-to-income ratio,11.0,Event-time effect,-1.359422448526624,0.2385287407590353,-1.8436615362571125,-0.8751833607961357,1.9241249676699213e-06,36.0,64.0,percentage points,66.0,a-c,,,,,,,,,,,,,,,,,,,,,,,,,,,,,,,,,,,,,,,,,,,,,,,,6.8,,,,,,
complete_m12_p24,Complete −12 to +24 switcher support,bill_income_ratio_current_pct,Electricity-bill-to-income ratio,12.0,Event-time effect,-1.3060291901408108,0.2482497756522304,-1.809503070885842,-0.8025553093957796,6.754141874448246e-06,37.0,65.0,percentage points,66.0,a-c,,,,,,,,,,,,,,,,,,,,,,,,,,,,,,,,,,,,,,,,,,,,,,,,6.8,,,,,,
complete_m12_p24,Complete −12 to +24 switcher support,bill_income_ratio_current_pct,Electricity-bill-to-income ratio,13.0,Event-time effect,-1.2466617251370036,0.2220072639811887,-1.6969133253913355,-0.7964101248826716,2.270363076731372e-06,37.0,65.0,percentage points,66.0,a-c,,,,,,,,,,,,,,,,,,,,,,,,,,,,,,,,,,,,,,,,,,,,,,,,6.8,,,,,,
complete_m12_p24,Complete −12 to +24 switcher support,bill_income_ratio_current_pct,Electricity-bill-to-income ratio,14.0,Event-time effect,-1.223360985763801,0.2095908362689915,-1.6484309034614184,-0.7982910680661837,1.14793398133662e-06,37.0,65.0,percentage points,66.0,a-c,,,,,,,,,,,,,,,,,,,,,,,,,,,,,,,,,,,,,,,,,,,,,,,,6.8,,,,,,
complete_m12_p24,Complete −12 to +24 switcher support,bill_income_ratio_current_pct,Electricity-bill-to-income ratio,15.0,Event-time effect,-1.2338578118847376,0.2210471378141449,-1.6826073588782795,-0.7851082648911958,2.74811670440183e-06,36.0,64.0,percentage points,66.0,a-c,,,,,,,,,,,,,,,,,,,,,,,,,,,,,,,,,,,,,,,,,,,,,,,,6.8,,,,,,
complete_m12_p24,Complete −12 to +24 switcher support,bill_income_ratio_current_pct,Electricity-bill-to-income ratio,16.0,Event-time effect,-1.3530584867021105,0.2360583522764356,-1.8322824191882148,-0.8738345542160058,1.7422623759332194e-06,36.0,65.0,percentage points,66.0,a-c,,,,,,,,,,,,,,,,,,,,,,,,,,,,,,,,,,,,,,,,,,,,,,,,6.8,,,,,,
complete_m12_p24,Complete −12 to +24 switcher support,bill_income_ratio_current_pct,Electricity-bill-to-income ratio,17.0,Event-time effect,-1.585523159243351,0.257244571564017,-2.1077574034748245,-1.0632889150118774,4.705384945311904e-07,36.0,63.0,percentage points,66.0,a-c,,,,,,,,,,,,,,,,,,,,,,,,,,,,,,,,,,,,,,,,,,,,,,,,6.8,,,,,,
complete_m12_p24,Complete −12 to +24 switcher support,bill_income_ratio_current_pct,Electricity-bill-to-income ratio,18.0,Event-time effect,-1.590495418431198,0.226771247255118,-2.050865525383032,-1.130125311479364,3.6685894830187766e-08,36.0,63.0,percentage points,66.0,a-c,,,,,,,,,,,,,,,,,,,,,,,,,,,,,,,,,,,,,,,,,,,,,,,,6.8,,,,,,
complete_m12_p24,Complete −12 to +24 switcher support,bill_income_ratio_current_pct,Electricity-bill-to-income ratio,19.0,Event-time effect,-1.6541656534560245,0.234665906657442,-2.130562771051353,-1.1777685358606964,3.3029588792595595e-08,36.0,63.0,percentage points,66.0,a-c,,,,,,,,,,,,,,,,,,,,,,,,,,,,,,,,,,,,,,,,,,,,,,,,6.8,,,,,,
complete_m12_p24,Complete −12 to +24 switcher support,bill_income_ratio_current_pct,Electricity-bill-to-income ratio,20.0,Event-time effect,-1.5384022704106053,0.1995370468387243,-1.9439103382540752,-1.1328942025671354,5.7610947475885235e-09,35.0,62.0,percentage points,66.0,a-c,,,,,,,,,,,,,,,,,,,,,,,,,,,,,,,,,,,,,,,,,,,,,,,,6.8,,,,,,
complete_m12_p24,Complete −12 to +24 switcher support,bill_income_ratio_current_pct,Electricity-bill-to-income ratio,21.0,Event-time effect,-1.55662927963438,0.2116620838339578,-1.9863261541356867,-1.1269324051330736,1.3408887530420381e-08,36.0,62.0,percentage points,66.0,a-c,,,,,,,,,,,,,,,,,,,,,,,,,,,,,,,,,,,,,,,,,,,,,,,,6.8,,,,,,
complete_m12_p24,Complete −12 to +24 switcher support,bill_income_ratio_current_pct,Electricity-bill-to-income ratio,22.0,Event-time effect,-1.4795169780843085,0.2132541024501717,-1.912445822200313,-1.046588133968304,4.596532809703721e-08,36.0,62.0,percentage points,66.0,a-c,,,,,,,,,,,,,,,,,,,,,,,,,,,,,,,,,,,,,,,,,,,,,,,,6.8,,,,,,
complete_m12_p24,Complete −12 to +24 switcher support,bill_income_ratio_current_pct,Electricity-bill-to-income ratio,23.0,Event-time effect,-1.271336044609458,0.2022775288919771,-1.6819812597199484,-0.8606908294989675,3.257622903293765e-07,36.0,63.0,percentage points,66.0,a-c,,,,,,,,,,,,,,,,,,,,,,,,,,,,,,,,,,,,,,,,,,,,,,,,6.8,,,,,,
complete_m12_p24,Complete −12 to +24 switcher support,bill_income_ratio_current_pct,Electricity-bill-to-income ratio,24.0,Event-time effect,-1.2793374505440922,0.2198928292479382,-1.7257436265657304,-0.8329312745224539,1.341273700883804e-06,36.0,63.0,percentage points,66.0,a-c,,,,,,,,,,,,,,,,,,,,,,,,,,,,,,,,,,,,,,,,,,,,,,,,6.8,,,,,,
complete_m12_p24,Complete −12 to +24 switcher support,total_electricity_consumption_kwh,Total household electricity use,-12.0,Withheld-lead placebo,1.5616841474162353,2.6335448008553044,-3.779392264511662,6.902760559344133,0.5568903826244168,37.0,66.0,kWh/month,66.0,a-c,,,,,,,,,,,,,,,,,,,,,,,,,,,,,,,,,,,,,,,,,,,,,,,,6.8,,,,,,
complete_m12_p24,Complete −12 to +24 switcher support,total_electricity_consumption_kwh,Total household electricity use,-11.0,Withheld-lead placebo,1.4830784640024768,2.66705674657908,-3.925963324008992,6.892120252013946,0.581600930684193,37.0,66.0,kWh/month,66.0,a-c,,,,,,,,,,,,,,,,,,,,,,,,,,,,,,,,,,,,,,,,,,,,,,,,6.8,,,,,,
complete_m12_p24,Complete −12 to +24 switcher support,total_electricity_consumption_kwh,Total household electricity use,-10.0,Withheld-lead placebo,6.25427646781431,1.7074903519355935,2.7913255283217344,9.717227407306886,0.0007960473932713,37.0,66.0,kWh/month,66.0,a-c,,,,,,,,,,,,,,,,,,,,,,,,,,,,,,,,,,,,,,,,,,,,,,,,6.8,,,,,,
complete_m12_p24,Complete −12 to +24 switcher support,total_electricity_consumption_kwh,Total household electricity use,-9.0,Withheld-lead placebo,7.179834013398206,1.6423319518307418,3.8490304342717647,10.510637592524647,0.0001005323585078,37.0,66.0,kWh/month,66.0,a-c,,,,,,,,,,,,,,,,,,,,,,,,,,,,,,,,,,,,,,,,,,,,,,,,6.8,,,,,,
complete_m12_p24,Complete −12 to +24 switcher support,total_electricity_consumption_kwh,Total household electricity use,-8.0,Withheld-lead placebo,5.463704197196365,2.2956934972730108,0.8078219872871424,10.119586407105588,0.0227320009955836,37.0,66.0,kWh/month,66.0,a-c,,,,,,,,,,,,,,,,,,,,,,,,,,,,,,,,,,,,,,,,,,,,,,,,6.8,,,,,,
complete_m12_p24,Complete −12 to +24 switcher support,total_electricity_consumption_kwh,Total household electricity use,-7.0,Withheld-lead placebo,5.586719669627201,2.6789933769042795,0.1534692732612734,11.019970065993128,0.0441852526732206,37.0,66.0,kWh/month,66.0,a-c,,,,,,,,,,,,,,,,,,,,,,,,,,,,,,,,,,,,,,,,,,,,,,,,6.8,,,,,,
complete_m12_p24,Complete −12 to +24 switcher support,total_electricity_consumption_kwh,Total household electricity use,-6.0,Withheld-lead placebo,0.3543364191726419,2.0417027111614714,-3.786428601119459,4.495101439464744,0.8631917444758361,37.0,66.0,kWh/month,66.0,a-c,,,,,,,,,,,,,,,,,,,,,,,,,,,,,,,,,,,,,,,,,,,,,,,,6.8,,,,,,
complete_m12_p24,Complete −12 to +24 switcher support,total_electricity_consumption_kwh,Total household electricity use,-5.0,Withheld-lead placebo,-5.896503045692046,2.721951999673655,-11.416877567186926,-0.3761285241971652,0.0369890939212921,37.0,66.0,kWh/month,66.0,a-c,,,,,,,,,,,,,,,,,,,,,,,,,,,,,,,,,,,,,,,,,,,,,,,,6.8,,,,,,
complete_m12_p24,Complete −12 to +24 switcher support,total_electricity_consumption_kwh,Total household electricity use,-4.0,Withheld-lead placebo,-10.876995612622558,3.1124093014330976,-17.189254245454777,-4.5647369797903385,0.001277664523718,37.0,66.0,kWh/month,66.0,a-c,,,,,,,,,,,,,,,,,,,,,,,,,,,,,,,,,,,,,,,,,,,,,,,,6.8,,,,,,
complete_m12_p24,Complete −12 to +24 switcher support,total_electricity_consumption_kwh,Total household electricity use,-3.0,Withheld-lead placebo,-11.693121770877498,3.674483354308327,-19.14531941845274,-4.240924123302258,0.0030074730554938,37.0,66.0,kWh/month,66.0,a-c,,,,,,,,,,,,,,,,,,,,,,,,,,,,,,,,,,,,,,,,,,,,,,,,6.8,,,,,,
complete_m12_p24,Complete −12 to +24 switcher support,total_electricity_consumption_kwh,Total household electricity use,-2.0,Withheld-lead placebo,-8.615576861843671,2.459405221664851,-13.60348183788215,-3.627671885805192,0.0012480763737857,37.0,66.0,kWh/month,66.0,a-c,,,,,,,,,,,,,,,,,,,,,,,,,,,,,,,,,,,,,,,,,,,,,,,,6.8,,,,,,
complete_m12_p24,Complete −12 to +24 switcher support,total_electricity_consumption_kwh,Total household electricity use,-1.0,Reference month,0.0,0.0,0.0,0.0,,,,kWh/month,66.0,a-c,,,,,,,,,,,,,,,,,,,,,,,,,,,,,,,,,,,,,,,,,,,,,,,,6.8,,,,,,
complete_m12_p24,Complete −12 to +24 switcher support,total_electricity_consumption_kwh,Total household electricity use,0.0,Partial connection month,-14.64190068693433,2.3456527038623105,-19.39910486402105,-9.884696509847604,3.303032199827687e-07,37.0,66.0,kWh/month,66.0,a-c,,,,,,,,,,,,,,,,,,,,,,,,,,,,,,,,,,,,,,,,,,,,,,,,6.8,,,,,,
complete_m12_p24,Complete −12 to +24 switcher support,total_electricity_consumption_kwh,Total household electricity use,1.0,Event-time effect,-10.701836511346142,2.025970842214209,-14.810695822602092,-6.592977200090194,6.325000554314019e-06,37.0,66.0,kWh/month,66.0,a-c,,,,,,,,,,,,,,,,,,,,,,,,,,,,,,,,,,,,,,,,,,,,,,,,6.8,,,,,,
complete_m12_p24,Complete −12 to +24 switcher support,total_electricity_consumption_kwh,Total household electricity use,2.0,Event-time effect,1.012628940752504,2.0536738672195387,-3.1524147093257646,5.177672590830772,0.62494933117263,37.0,66.0,kWh/month,66.0,a-c,,,,,,,,,,,,,,,,,,,,,,,,,,,,,,,,,,,,,,,,,,,,,,,,6.8,,,,,,
complete_m12_p24,Complete −12 to +24 switcher support,total_electricity_consumption_kwh,Total household electricity use,3.0,Event-time effect,5.796097231990696,3.242836165338744,-0.7806793410952588,12.372873805076653,0.0823021163416003,37.0,66.0,kWh/month,66.0,a-c,,,,,,,,,,,,,,,,,,,,,,,,,,,,,,,,,,,,,,,,,,,,,,,,6.8,,,,,,
complete_m12_p24,Complete −12 to +24 switcher support,total_electricity_consumption_kwh,Total household electricity use,4.0,Event-time effect,8.485551234987676,3.660470725861477,1.0617725151034607,15.909329954871891,0.026235635445919,37.0,66.0,kWh/month,66.0,a-c,,,,,,,,,,,,,,,,,,,,,,,,,,,,,,,,,,,,,,,,,,,,,,,,6.8,,,,,,
complete_m12_p24,Complete −12 to +24 switcher support,total_electricity_consumption_kwh,Total household electricity use,5.0,Event-time effect,4.604958901024878,3.1139176818376644,-1.71035886905704,10.920276671106794,0.1478829147369035,37.0,66.0,kWh/month,66.0,a-c,,,,,,,,,,,,,,,,,,,,,,,,,,,,,,,,,,,,,,,,,,,,,,,,6.8,,,,,,
complete_m12_p24,Complete −12 to +24 switcher support,total_electricity_consumption_kwh,Total household electricity use,6.0,Event-time effect,1.5986873572005558,2.825247026047683,-4.131179187614608,7.32855390201572,0.5750010629144953,37.0,66.0,kWh/month,66.0,a-c,,,,,,,,,,,,,,,,,,,,,,,,,,,,,,,,,,,,,,,,,,,,,,,,6.8,,,,,,
complete_m12_p24,Complete −12 to +24 switcher support,total_electricity_consumption_kwh,Total household electricity use,7.0,Event-time effect,-1.356828707394038,2.453408861888441,-6.33257250214226,3.6189150873541847,0.5836555415198363,37.0,66.0,kWh/month,66.0,a-c,,,,,,,,,,,,,,,,,,,,,,,,,,,,,,,,,,,,,,,,,,,,,,,,6.8,,,,,,
complete_m12_p24,Complete −12 to +24 switcher support,total_electricity_consumption_kwh,Total household electricity use,8.0,Event-time effect,-4.228158876559338,2.839317441446652,-9.986561546436452,1.5302437933177782,0.1451580161617213,37.0,66.0,kWh/month,66.0,a-c,,,,,,,,,,,,,,,,,,,,,,,,,,,,,,,,,,,,,,,,,,,,,,,,6.8,,,,,,
complete_m12_p24,Complete −12 to +24 switcher support,total_electricity_consumption_kwh,Total household electricity use,9.0,Event-time effect,-2.1588879306782536,3.0706870227263177,-8.386529860358017,4.068753999001511,0.4865382980055639,37.0,66.0,kWh/month,66.0,a-c,,,,,,,,,,,,,,,,,,,,,,,,,,,,,,,,,,,,,,,,,,,,,,,,6.8,,,,,,
complete_m12_p24,Complete −12 to +24 switcher support,total_electricity_consumption_kwh,Total household electricity use,10.0,Event-time effect,3.71173758899907,3.139837140838485,-2.6561472803910706,10.07962245838921,0.2448984422769881,37.0,66.0,kWh/month,66.0,a-c,,,,,,,,,,,,,,,,,,,,,,,,,,,,,,,,,,,,,,,,,,,,,,,,6.8,,,,,,
complete_m12_p24,Complete −12 to +24 switcher support,total_electricity_consumption_kwh,Total household electricity use,11.0,Event-time effect,5.380673907634454,3.051579673127284,-0.8082165209488741,11.56956433621778,0.0863468982548058,37.0,66.0,kWh/month,66.0,a-c,,,,,,,,,,,,,,,,,,,,,,,,,,,,,,,,,,,,,,,,,,,,,,,,6.8,,,,,,
complete_m12_p24,Complete −12 to +24 switcher support,total_electricity_consumption_kwh,Total household electricity use,12.0,Event-time effect,2.446836369914696,2.913187525036212,-3.461381773342329,8.355054513171721,0.4064984381946684,37.0,66.0,kWh/month,66.0,a-c,,,,,,,,,,,,,,,,,,,,,,,,,,,,,,,,,,,,,,,,,,,,,,,,6.8,,,,,,
complete_m12_p24,Complete −12 to +24 switcher support,total_electricity_consumption_kwh,Total household electricity use,13.0,Event-time effect,0.1487452066191413,2.979339943766873,-5.893636260215886,6.191126673454169,0.9604576895484002,37.0,66.0,kWh/month,66.0,a-c,,,,,,,,,,,,,,,,,,,,,,,,,,,,,,,,,,,,,,,,,,,,,,,,6.8,,,,,,
complete_m12_p24,Complete −12 to +24 switcher support,total_electricity_consumption_kwh,Total household electricity use,14.0,Event-time effect,4.9600862578840434,2.8511639212999067,-0.8223421867161935,10.74251470248428,0.0904614049577373,37.0,66.0,kWh/month,66.0,a-c,,,,,,,,,,,,,,,,,,,,,,,,,,,,,,,,,,,,,,,,,,,,,,,,6.8,,,,,,
complete_m12_p24,Complete −12 to +24 switcher support,total_electricity_consumption_kwh,Total household electricity use,15.0,Event-time effect,7.717949642804169,2.840342369837924,1.95746832180528,13.478430963803058,0.0100557300994624,37.0,66.0,kWh/month,66.0,a-c,,,,,,,,,,,,,,,,,,,,,,,,,,,,,,,,,,,,,,,,,,,,,,,,6.8,,,,,,
complete_m12_p24,Complete −12 to +24 switcher support,total_electricity_consumption_kwh,Total household electricity use,16.0,Event-time effect,8.642936373473713,3.4004922311669223,1.7464184790634514,15.539454267883976,0.0154813937765213,37.0,66.0,kWh/month,66.0,a-c,,,,,,,,,,,,,,,,,,,,,,,,,,,,,,,,,,,,,,,,,,,,,,,,6.8,,,,,,
complete_m12_p24,Complete −12 to +24 switcher support,total_electricity_consumption_kwh,Total household electricity use,17.0,Event-time effect,5.66090689150646,3.648296852794756,-1.7381820694424412,13.05999585245536,0.1294920928249616,37.0,66.0,kWh/month,66.0,a-c,,,,,,,,,,,,,,,,,,,,,,,,,,,,,,,,,,,,,,,,,,,,,,,,6.8,,,,,,
complete_m12_p24,Complete −12 to +24 switcher support,total_electricity_consumption_kwh,Total household electricity use,18.0,Event-time effect,2.9265308803377943,3.2694638713286506,-3.70424918352616,9.557310944201747,0.3766741882092912,37.0,66.0,kWh/month,66.0,a-c,,,,,,,,,,,,,,,,,,,,,,,,,,,,,,,,,,,,,,,,,,,,,,,,6.8,,,,,,
complete_m12_p24,Complete −12 to +24 switcher support,total_electricity_consumption_kwh,Total household electricity use,19.0,Event-time effect,-1.1256641704360744,2.5647723500496804,-6.327263587452363,4.075935246580213,0.6633610500603009,37.0,66.0,kWh/month,66.0,a-c,,,,,,,,,,,,,,,,,,,,,,,,,,,,,,,,,,,,,,,,,,,,,,,,6.8,,,,,,
complete_m12_p24,Complete −12 to +24 switcher support,total_electricity_consumption_kwh,Total household electricity use,20.0,Event-time effect,-3.5053435351931,3.027904776473956,-9.64621904789998,2.63553197751378,0.2546181323800235,37.0,66.0,kWh/month,66.0,a-c,,,,,,,,,,,,,,,,,,,,,,,,,,,,,,,,,,,,,,,,,,,,,,,,6.8,,,,,,
complete_m12_p24,Complete −12 to +24 switcher support,total_electricity_consumption_kwh,Total household electricity use,21.0,Event-time effect,-0.7445055123596188,3.92927549565808,-8.713445573303256,7.224434548584019,0.8507836208905569,37.0,66.0,kWh/month,66.0,a-c,,,,,,,,,,,,,,,,,,,,,,,,,,,,,,,,,,,,,,,,,,,,,,,,6.8,,,,,,
complete_m12_p24,Complete −12 to +24 switcher support,total_electricity_consumption_kwh,Total household electricity use,22.0,Event-time effect,4.1748119189166655,3.6496378937500817,-3.226996799148801,11.576620636982131,0.2602155238846962,37.0,66.0,kWh/month,66.0,a-c,,,,,,,,,,,,,,,,,,,,,,,,,,,,,,,,,,,,,,,,,,,,,,,,6.8,,,,,,
complete_m12_p24,Complete −12 to +24 switcher support,total_electricity_consumption_kwh,Total household electricity use,23.0,Event-time effect,6.5564265045778,3.386356477472678,-0.3114227525658268,13.424275761721429,0.0607337439277992,37.0,66.0,kWh/month,66.0,a-c,,,,,,,,,,,,,,,,,,,,,,,,,,,,,,,,,,,,,,,,,,,,,,,,6.8,,,,,,
complete_m12_p24,Complete −12 to +24 switcher support,total_electricity_consumption_kwh,Total household electricity use,24.0,Event-time effect,3.345032057314457,3.877599814025774,-4.519104863714125,11.20916897834304,0.3940375981884041,37.0,66.0,kWh/month,66.0,a-c,,,,,,,,,,,,,,,,,,,,,,,,,,,,,,,,,,,,,,,,,,,,,,,,6.8,,,,,,
complete_m12_p24,Complete −12 to +24 switcher support,grid_import_kwh,Public-grid purchases,-12.0,Withheld-lead placebo,1.5616841474162353,2.6335448008553044,-3.779392264511662,6.902760559344133,0.5568903826244168,37.0,66.0,kWh/month,66.0,a-c,,,,,,,,,,,,,,,,,,,,,,,,,,,,,,,,,,,,,,,,,,,,,,,,6.8,,,,,,
complete_m12_p24,Complete −12 to +24 switcher support,grid_import_kwh,Public-grid purchases,-11.0,Withheld-lead placebo,1.4830784640024768,2.66705674657908,-3.925963324008992,6.892120252013946,0.581600930684193,37.0,66.0,kWh/month,66.0,a-c,,,,,,,,,,,,,,,,,,,,,,,,,,,,,,,,,,,,,,,,,,,,,,,,6.8,,,,,,
complete_m12_p24,Complete −12 to +24 switcher support,grid_import_kwh,Public-grid purchases,-10.0,Withheld-lead placebo,6.25427646781431,1.7074903519355935,2.7913255283217344,9.717227407306886,0.0007960473932713,37.0,66.0,kWh/month,66.0,a-c,,,,,,,,,,,,,,,,,,,,,,,,,,,,,,,,,,,,,,,,,,,,,,,,6.8,,,,,,
complete_m12_p24,Complete −12 to +24 switcher support,grid_import_kwh,Public-grid purchases,-9.0,Withheld-lead placebo,7.179834013398206,1.6423319518307418,3.8490304342717647,10.510637592524647,0.0001005323585078,37.0,66.0,kWh/month,66.0,a-c,,,,,,,,,,,,,,,,,,,,,,,,,,,,,,,,,,,,,,,,,,,,,,,,6.8,,,,,,
complete_m12_p24,Complete −12 to +24 switcher support,grid_import_kwh,Public-grid purchases,-8.0,Withheld-lead placebo,5.463704197196365,2.2956934972730108,0.8078219872871424,10.119586407105588,0.0227320009955836,37.0,66.0,kWh/month,66.0,a-c,,,,,,,,,,,,,,,,,,,,,,,,,,,,,,,,,,,,,,,,,,,,,,,,6.8,,,,,,
complete_m12_p24,Complete −12 to +24 switcher support,grid_import_kwh,Public-grid purchases,-7.0,Withheld-lead placebo,5.586719669627201,2.6789933769042795,0.1534692732612734,11.019970065993128,0.0441852526732206,37.0,66.0,kWh/month,66.0,a-c,,,,,,,,,,,,,,,,,,,,,,,,,,,,,,,,,,,,,,,,,,,,,,,,6.8,,,,,,
complete_m12_p24,Complete −12 to +24 switcher support,grid_import_kwh,Public-grid purchases,-6.0,Withheld-lead placebo,0.3543364191726419,2.0417027111614714,-3.786428601119459,4.495101439464744,0.8631917444758361,37.0,66.0,kWh/month,66.0,a-c,,,,,,,,,,,,,,,,,,,,,,,,,,,,,,,,,,,,,,,,,,,,,,,,6.8,,,,,,
complete_m12_p24,Complete −12 to +24 switcher support,grid_import_kwh,Public-grid purchases,-5.0,Withheld-lead placebo,-5.896503045692046,2.721951999673655,-11.416877567186926,-0.3761285241971652,0.0369890939212921,37.0,66.0,kWh/month,66.0,a-c,,,,,,,,,,,,,,,,,,,,,,,,,,,,,,,,,,,,,,,,,,,,,,,,6.8,,,,,,
complete_m12_p24,Complete −12 to +24 switcher support,grid_import_kwh,Public-grid purchases,-4.0,Withheld-lead placebo,-10.876995612622558,3.1124093014330976,-17.189254245454777,-4.5647369797903385,0.001277664523718,37.0,66.0,kWh/month,66.0,a-c,,,,,,,,,,,,,,,,,,,,,,,,,,,,,,,,,,,,,,,,,,,,,,,,6.8,,,,,,
complete_m12_p24,Complete −12 to +24 switcher support,grid_import_kwh,Public-grid purchases,-3.0,Withheld-lead placebo,-11.693121770877498,3.674483354308327,-19.14531941845274,-4.240924123302258,0.0030074730554938,37.0,66.0,kWh/month,66.0,a-c,,,,,,,,,,,,,,,,,,,,,,,,,,,,,,,,,,,,,,,,,,,,,,,,6.8,,,,,,
complete_m12_p24,Complete −12 to +24 switcher support,grid_import_kwh,Public-grid purchases,-2.0,Withheld-lead placebo,-8.615576861843671,2.459405221664851,-13.60348183788215,-3.627671885805192,0.0012480763737857,37.0,66.0,kWh/month,66.0,a-c,,,,,,,,,,,,,,,,,,,,,,,,,,,,,,,,,,,,,,,,,,,,,,,,6.8,,,,,,
complete_m12_p24,Complete −12 to +24 switcher support,grid_import_kwh,Public-grid purchases,-1.0,Reference month,0.0,0.0,0.0,0.0,,,,kWh/month,66.0,a-c,,,,,,,,,,,,,,,,,,,,,,,,,,,,,,,,,,,,,,,,,,,,,,,,6.8,,,,,,
complete_m12_p24,Complete −12 to +24 switcher support,grid_import_kwh,Public-grid purchases,0.0,Partial connection month,-37.96926381675241,3.615776182070643,-45.30239780049788,-30.63612983300694,1.6560009840406668e-12,37.0,66.0,kWh/month,66.0,a-c,,,,,,,,,,,,,,,,,,,,,,,,,,,,,,,,,,,,,,,,,,,,,,,,6.8,,,,,,
complete_m12_p24,Complete −12 to +24 switcher support,grid_import_kwh,Public-grid purchases,1.0,Event-time effect,-54.81050447743741,4.82975337745911,-64.6056983284773,-45.01531062639752,1.905062617246685e-13,37.0,66.0,kWh/month,66.0,a-c,,,,,,,,,,,,,,,,,,,,,,,,,,,,,,,,,,,,,,,,,,,,,,,,6.8,,,,,,
complete_m12_p24,Complete −12 to +24 switcher support,grid_import_kwh,Public-grid purchases,2.0,Event-time effect,-50.3629018079038,4.710765957001612,-59.916777985321694,-40.8090256304859,1.0115529747687699e-12,37.0,66.0,kWh/month,66.0,a-c,,,,,,,,,,,,,,,,,,,,,,,,,,,,,,,,,,,,,,,,,,,,,,,,6.8,,,,,,
complete_m12_p24,Complete −12 to +24 switcher support,grid_import_kwh,Public-grid purchases,3.0,Event-time effect,-47.40843310826181,4.731343552588342,-57.00404258384376,-37.81282363267985,5.888101561024581e-12,37.0,66.0,kWh/month,66.0,a-c,,,,,,,,,,,,,,,,,,,,,,,,,,,,,,,,,,,,,,,,,,,,,,,,6.8,,,,,,
complete_m12_p24,Complete −12 to +24 switcher support,grid_import_kwh,Public-grid purchases,4.0,Event-time effect,-48.09454008250703,4.941721822650129,-58.11681646553794,-38.072263699476125,1.276011152814056e-11,37.0,66.0,kWh/month,66.0,a-c,,,,,,,,,,,,,,,,,,,,,,,,,,,,,,,,,,,,,,,,,,,,,,,,6.8,,,,,,
complete_m12_p24,Complete −12 to +24 switcher support,grid_import_kwh,Public-grid purchases,5.0,Event-time effect,-49.47113130477457,4.724443455966142,-59.05274673579085,-39.8895158737583,1.7893164243536561e-12,37.0,66.0,kWh/month,66.0,a-c,,,,,,,,,,,,,,,,,,,,,,,,,,,,,,,,,,,,,,,,,,,,,,,,6.8,,,,,,
complete_m12_p24,Complete −12 to +24 switcher support,grid_import_kwh,Public-grid purchases,6.0,Event-time effect,-48.70175296868094,4.450955340929184,-57.72870879425132,-39.67479714311057,5.315081262147957e-13,37.0,66.0,kWh/month,66.0,a-c,,,,,,,,,,,,,,,,,,,,,,,,,,,,,,,,,,,,,,,,,,,,,,,,6.8,,,,,,
complete_m12_p24,Complete −12 to +24 switcher support,grid_import_kwh,Public-grid purchases,7.0,Event-time effect,-48.27373798302696,4.431510581716897,-57.26125800908838,-39.28621795696553,6.016620077490462e-13,37.0,66.0,kWh/month,66.0,a-c,,,,,,,,,,,,,,,,,,,,,,,,,,,,,,,,,,,,,,,,,,,,,,,,6.8,,,,,,
complete_m12_p24,Complete −12 to +24 switcher support,grid_import_kwh,Public-grid purchases,8.0,Event-time effect,-50.93905334561821,5.131458787683822,-61.34613412919818,-40.53197256203824,7.556620639947727e-12,37.0,66.0,kWh/month,66.0,a-c,,,,,,,,,,,,,,,,,,,,,,,,,,,,,,,,,,,,,,,,,,,,,,,,6.8,,,,,,
complete_m12_p24,Complete −12 to +24 switcher support,grid_import_kwh,Public-grid purchases,9.0,Event-time effect,-50.1585694323558,4.940765078308063,-60.17890544792608,-40.13823341678551,4.145405492754671e-12,37.0,66.0,kWh/month,66.0,a-c,,,,,,,,,,,,,,,,,,,,,,,,,,,,,,,,,,,,,,,,,,,,,,,,6.8,,,,,,
complete_m12_p24,Complete −12 to +24 switcher support,grid_import_kwh,Public-grid purchases,10.0,Event-time effect,-47.800322807599976,4.327391674295578,-56.57667990213159,-39.02396571306837,4.078817920273013e-13,37.0,66.0,kWh/month,66.0,a-c,,,,,,,,,,,,,,,,,,,,,,,,,,,,,,,,,,,,,,,,,,,,,,,,6.8,,,,,,
complete_m12_p24,Complete −12 to +24 switcher support,grid_import_kwh,Public-grid purchases,11.0,Event-time effect,-45.83711406617407,4.19747939209543,-54.34999684052188,-37.32423129182626,5.617743679851932e-13,37.0,66.0,kWh/month,66.0,a-c,,,,,,,,,,,,,,,,,,,,,,,,,,,,,,,,,,,,,,,,,,,,,,,,6.8,,,,,,
complete_m12_p24,Complete −12 to +24 switcher support,grid_import_kwh,Public-grid purchases,12.0,Event-time effect,-45.99046640734675,4.347144379465854,-54.806883844737335,-37.17404896995617,1.3502562313539305e-12,37.0,66.0,kWh/month,66.0,a-c,,,,,,,,,,,,,,,,,,,,,,,,,,,,,,,,,,,,,,,,,,,,,,,,6.8,,,,,,
complete_m12_p24,Complete −12 to +24 switcher support,grid_import_kwh,Public-grid purchases,13.0,Event-time effect,-48.79778594466112,4.451344020556288,-57.82553004905152,-39.77004184027071,5.043064806640896e-13,37.0,66.0,kWh/month,66.0,a-c,,,,,,,,,,,,,,,,,,,,,,,,,,,,,,,,,,,,,,,,,,,,,,,,6.8,,,,,,
complete_m12_p24,Complete −12 to +24 switcher support,grid_import_kwh,Public-grid purchases,14.0,Event-time effect,-48.59427778757697,4.393547165787255,-57.50480443753476,-39.68375113761918,3.932760854995778e-13,37.0,66.0,kWh/month,66.0,a-c,,,,,,,,,,,,,,,,,,,,,,,,,,,,,,,,,,,,,,,,,,,,,,,,6.8,,,,,,
complete_m12_p24,Complete −12 to +24 switcher support,grid_import_kwh,Public-grid purchases,15.0,Event-time effect,-48.507838878240015,4.719032116908703,-58.07847960497663,-38.9371981515034,2.961565608528065e-12,37.0,66.0,kWh/month,66.0,a-c,,,,,,,,,,,,,,,,,,,,,,,,,,,,,,,,,,,,,,,,,,,,,,,,6.8,,,,,,
complete_m12_p24,Complete −12 to +24 switcher support,grid_import_kwh,Public-grid purchases,16.0,Event-time effect,-48.21583555756766,4.624481174619708,-57.59471808546091,-38.836953029674405,2.01311690589617e-12,37.0,66.0,kWh/month,66.0,a-c,,,,,,,,,,,,,,,,,,,,,,,,,,,,,,,,,,,,,,,,,,,,,,,,6.8,,,,,,
complete_m12_p24,Complete −12 to +24 switcher support,grid_import_kwh,Public-grid purchases,17.0,Event-time effect,-50.2561987832372,4.639946770338093,-59.6664469930285,-40.84595057344589,7.052954422009629e-13,37.0,66.0,kWh/month,66.0,a-c,,,,,,,,,,,,,,,,,,,,,,,,,,,,,,,,,,,,,,,,,,,,,,,,6.8,,,,,,
complete_m12_p24,Complete −12 to +24 switcher support,grid_import_kwh,Public-grid purchases,18.0,Event-time effect,-49.124893030554574,4.346519435569778,-57.94004302297857,-40.30974303813058,2.139328868509895e-13,37.0,66.0,kWh/month,66.0,a-c,,,,,,,,,,,,,,,,,,,,,,,,,,,,,,,,,,,,,,,,,,,,,,,,6.8,,,,,,
complete_m12_p24,Complete −12 to +24 switcher support,grid_import_kwh,Public-grid purchases,19.0,Event-time effect,-49.169497411754286,4.511785280478651,-58.31982207280494,-40.01917275070363,5.944464869554281e-13,37.0,66.0,kWh/month,66.0,a-c,,,,,,,,,,,,,,,,,,,,,,,,,,,,,,,,,,,,,,,,,,,,,,,,6.8,,,,,,
complete_m12_p24,Complete −12 to +24 switcher support,grid_import_kwh,Public-grid purchases,20.0,Event-time effect,-51.356024984620845,5.018619805417379,-61.5342577051895,-41.17779226405219,3.344539809641996e-12,37.0,66.0,kWh/month,66.0,a-c,,,,,,,,,,,,,,,,,,,,,,,,,,,,,,,,,,,,,,,,,,,,,,,,6.8,,,,,,
complete_m12_p24,Complete −12 to +24 switcher support,grid_import_kwh,Public-grid purchases,21.0,Event-time effect,-51.94480801207294,5.399765364880707,-62.89603975528952,-40.993576268856366,1.7317055301243635e-11,37.0,66.0,kWh/month,66.0,a-c,,,,,,,,,,,,,,,,,,,,,,,,,,,,,,,,,,,,,,,,,,,,,,,,6.8,,,,,,
complete_m12_p24,Complete −12 to +24 switcher support,grid_import_kwh,Public-grid purchases,22.0,Event-time effect,-48.15191470554326,4.237150697949045,-56.74525461730385,-39.55857479378268,1.8317983425915694e-13,37.0,66.0,kWh/month,66.0,a-c,,,,,,,,,,,,,,,,,,,,,,,,,,,,,,,,,,,,,,,,,,,,,,,,6.8,,,,,,
complete_m12_p24,Complete −12 to +24 switcher support,grid_import_kwh,Public-grid purchases,23.0,Event-time effect,-44.53442244705092,3.956714135028151,-52.55901064789606,-36.50983424620577,2.405042034502035e-13,37.0,66.0,kWh/month,66.0,a-c,,,,,,,,,,,,,,,,,,,,,,,,,,,,,,,,,,,,,,,,,,,,,,,,6.8,,,,,,
complete_m12_p24,Complete −12 to +24 switcher support,grid_import_kwh,Public-grid purchases,24.0,Event-time effect,-46.86731595589873,4.674300592153348,-56.3472369456243,-37.38739496617316,5.786598123452838e-12,37.0,66.0,kWh/month,66.0,a-c,,,,,,,,,,,,,,,,,,,,,,,,,,,,,,,,,,,,,,,,,,,,,,,,6.8,,,,,,
later_cohorts,Exclude February–June 2021 adoption cohorts,electricity_bill_rmb,Actual monthly electricity bill,-12.0,Withheld-lead placebo,1.4404242638665634,2.360948163549368,-3.3091908075615883,6.190039335294715,0.5447315968643077,48.0,88.0,RMB/month,190.0,a-c,,,,,,,,,,,,,,,,,,,,,,,,,,,,,,,,,,,,,,,,,,,,,,,,6.8,,,,,,
later_cohorts,Exclude February–June 2021 adoption cohorts,electricity_bill_rmb,Actual monthly electricity bill,-11.0,Withheld-lead placebo,1.6410325191928177,2.144341631544481,-2.672826416262601,5.954891454648236,0.4479278368758308,48.0,91.0,RMB/month,190.0,a-c,,,,,,,,,,,,,,,,,,,,,,,,,,,,,,,,,,,,,,,,,,,,,,,,6.8,,,,,,
later_cohorts,Exclude February–June 2021 adoption cohorts,electricity_bill_rmb,Actual monthly electricity bill,-10.0,Withheld-lead placebo,2.4155580937875203,1.066252520078652,0.2705347012788359,4.560581486296204,0.0281332829681211,48.0,97.0,RMB/month,190.0,a-c,,,,,,,,,,,,,,,,,,,,,,,,,,,,,,,,,,,,,,,,,,,,,,,,6.8,,,,,,
later_cohorts,Exclude February–June 2021 adoption cohorts,electricity_bill_rmb,Actual monthly electricity bill,-9.0,Withheld-lead placebo,4.625073591226291,1.8956430488127487,0.8115316703594715,8.43861551209311,0.0185205559009719,48.0,97.0,RMB/month,190.0,a-c,,,,,,,,,,,,,,,,,,,,,,,,,,,,,,,,,,,,,,,,,,,,,,,,6.8,,,,,,
later_cohorts,Exclude February–June 2021 adoption cohorts,electricity_bill_rmb,Actual monthly electricity bill,-8.0,Withheld-lead placebo,4.365479263020529,2.2084929683131893,-0.0749934610386811,8.805951987079737,0.0538386301740444,49.0,98.0,RMB/month,190.0,a-c,,,,,,,,,,,,,,,,,,,,,,,,,,,,,,,,,,,,,,,,,,,,,,,,6.8,,,,,,
later_cohorts,Exclude February–June 2021 adoption cohorts,electricity_bill_rmb,Actual monthly electricity bill,-7.0,Withheld-lead placebo,4.692783339055834,2.3629008648556376,-0.0581472686432693,9.443713946754936,0.0527573160119637,49.0,99.0,RMB/month,190.0,a-c,,,,,,,,,,,,,,,,,,,,,,,,,,,,,,,,,,,,,,,,,,,,,,,,6.8,,,,,,
later_cohorts,Exclude February–June 2021 adoption cohorts,electricity_bill_rmb,Actual monthly electricity bill,-6.0,Withheld-lead placebo,0.6645284278034482,1.9621592517132884,-3.280657163685244,4.60971401929214,0.7363338993795785,49.0,99.0,RMB/month,190.0,a-c,,,,,,,,,,,,,,,,,,,,,,,,,,,,,,,,,,,,,,,,,,,,,,,,6.8,,,,,,
later_cohorts,Exclude February–June 2021 adoption cohorts,electricity_bill_rmb,Actual monthly electricity bill,-5.0,Withheld-lead placebo,-2.807791328573856,1.377973594604849,-5.568204142783459,-0.0473785143642517,0.0463228036902005,57.0,118.0,RMB/month,190.0,a-c,,,,,,,,,,,,,,,,,,,,,,,,,,,,,,,,,,,,,,,,,,,,,,,,6.8,,,,,,
later_cohorts,Exclude February–June 2021 adoption cohorts,electricity_bill_rmb,Actual monthly electricity bill,-4.0,Withheld-lead placebo,-3.811336269578248,1.2714762890739628,-6.353810244972387,-1.2688622941841086,0.0039328653045182,62.0,142.0,RMB/month,190.0,a-c,,,,,,,,,,,,,,,,,,,,,,,,,,,,,,,,,,,,,,,,,,,,,,,,6.8,,,,,,
later_cohorts,Exclude February–June 2021 adoption cohorts,electricity_bill_rmb,Actual monthly electricity bill,-3.0,Withheld-lead placebo,-3.7160158778871897,1.2564974759216432,-6.224694030815732,-1.2073377249586477,0.0043009885836819,67.0,157.0,RMB/month,190.0,a-c,,,,,,,,,,,,,,,,,,,,,,,,,,,,,,,,,,,,,,,,,,,,,,,,6.8,,,,,,
later_cohorts,Exclude February–June 2021 adoption cohorts,electricity_bill_rmb,Actual monthly electricity bill,-2.0,Withheld-lead placebo,-1.5730710311228164,0.9852870042449484,-3.539180636635195,0.3930385743895623,0.1150007719704304,69.0,176.0,RMB/month,190.0,a-c,,,,,,,,,,,,,,,,,,,,,,,,,,,,,,,,,,,,,,,,,,,,,,,,6.8,,,,,,
later_cohorts,Exclude February–June 2021 adoption cohorts,electricity_bill_rmb,Actual monthly electricity bill,-1.0,Reference month,0.0,0.0,0.0,0.0,,,,RMB/month,190.0,a-c,,,,,,,,,,,,,,,,,,,,,,,,,,,,,,,,,,,,,,,,,,,,,,,,6.8,,,,,,
later_cohorts,Exclude February–June 2021 adoption cohorts,electricity_bill_rmb,Actual monthly electricity bill,0.0,Partial connection month,-12.71709515263698,1.4229893543151233,-15.55377258621188,-9.88041771906208,2.737530508247632e-13,73.0,190.0,RMB/month,190.0,a-c,,,,,,,,,,,,,,,,,,,,,,,,,,,,,,,,,,,,,,,,,,,,,,,,6.8,,,,,,
later_cohorts,Exclude February–June 2021 adoption cohorts,electricity_bill_rmb,Actual monthly electricity bill,1.0,Event-time effect,-20.75655167409229,1.908018151068364,-24.560116342776617,-16.952987005407955,7.447974139446027e-17,73.0,189.0,RMB/month,190.0,a-c,,,,,,,,,,,,,,,,,,,,,,,,,,,,,,,,,,,,,,,,,,,,,,,,6.8,,,,,,
later_cohorts,Exclude February–June 2021 adoption cohorts,electricity_bill_rmb,Actual monthly electricity bill,2.0,Event-time effect,-19.77629979569546,1.7010091092478292,-23.167199481540973,-16.38540010984995,3.449067662162821e-18,73.0,189.0,RMB/month,190.0,a-c,,,,,,,,,,,,,,,,,,,,,,,,,,,,,,,,,,,,,,,,,,,,,,,,6.8,,,,,,
later_cohorts,Exclude February–June 2021 adoption cohorts,electricity_bill_rmb,Actual monthly electricity bill,3.0,Event-time effect,-18.2616185292258,1.5164492097536402,-21.28460477956287,-15.238632278888732,6.405250878979572e-19,73.0,189.0,RMB/month,190.0,a-c,,,,,,,,,,,,,,,,,,,,,,,,,,,,,,,,,,,,,,,,,,,,,,,,6.8,,,,,,
later_cohorts,Exclude February–June 2021 adoption cohorts,electricity_bill_rmb,Actual monthly electricity bill,4.0,Event-time effect,-17.57331970147688,1.5940903961713957,-20.751080828210146,-14.395558574743614,4.078099492135177e-17,73.0,188.0,RMB/month,190.0,a-c,,,,,,,,,,,,,,,,,,,,,,,,,,,,,,,,,,,,,,,,,,,,,,,,6.8,,,,,,
later_cohorts,Exclude February–June 2021 adoption cohorts,electricity_bill_rmb,Actual monthly electricity bill,5.0,Event-time effect,-16.498721244498423,1.5618218896842757,-19.612156279199024,-13.385286209797822,2.762498053900713e-16,73.0,186.0,RMB/month,190.0,a-c,,,,,,,,,,,,,,,,,,,,,,,,,,,,,,,,,,,,,,,,,,,,,,,,6.8,,,,,,
later_cohorts,Exclude February–June 2021 adoption cohorts,electricity_bill_rmb,Actual monthly electricity bill,6.0,Event-time effect,-17.159423719528476,1.5271860705559563,-20.203813510695284,-14.11503392836167,1.702133402890703e-17,73.0,186.0,RMB/month,190.0,a-c,,,,,,,,,,,,,,,,,,,,,,,,,,,,,,,,,,,,,,,,,,,,,,,,6.8,,,,,,
later_cohorts,Exclude February–June 2021 adoption cohorts,electricity_bill_rmb,Actual monthly electricity bill,7.0,Event-time effect,-19.17352823578417,1.507900084022848,-22.179472115450096,-16.167584356118248,4.392381828937445e-20,73.0,186.0,RMB/month,190.0,a-c,,,,,,,,,,,,,,,,,,,,,,,,,,,,,,,,,,,,,,,,,,,,,,,,6.8,,,,,,
later_cohorts,Exclude February–June 2021 adoption cohorts,electricity_bill_rmb,Actual monthly electricity bill,8.0,Event-time effect,-21.823740743468413,1.6577997101189836,-25.12850406641322,-18.518977420523605,7.581887724394666e-21,73.0,182.0,RMB/month,190.0,a-c,,,,,,,,,,,,,,,,,,,,,,,,,,,,,,,,,,,,,,,,,,,,,,,,6.8,,,,,,
later_cohorts,Exclude February–June 2021 adoption cohorts,electricity_bill_rmb,Actual monthly electricity bill,9.0,Event-time effect,-22.598338887243138,1.5699321760270042,-25.727941482283164,-19.46873629220311,7.006267334509654e-23,73.0,182.0,RMB/month,190.0,a-c,,,,,,,,,,,,,,,,,,,,,,,,,,,,,,,,,,,,,,,,,,,,,,,,6.8,,,,,,
later_cohorts,Exclude February–June 2021 adoption cohorts,electricity_bill_rmb,Actual monthly electricity bill,10.0,Event-time effect,-21.13871779602681,1.5080873611047818,-24.1457585878335,-18.13167700422012,3.8980009491509593e-22,72.0,180.0,RMB/month,190.0,a-c,,,,,,,,,,,,,,,,,,,,,,,,,,,,,,,,,,,,,,,,,,,,,,,,6.8,,,,,,
later_cohorts,Exclude February–June 2021 adoption cohorts,electricity_bill_rmb,Actual monthly electricity bill,11.0,Event-time effect,-19.868346911459845,1.467668606351359,-22.79479499528937,-16.94189882763032,2.376388850619814e-21,72.0,179.0,RMB/month,190.0,a-c,,,,,,,,,,,,,,,,,,,,,,,,,,,,,,,,,,,,,,,,,,,,,,,,6.8,,,,,,
later_cohorts,Exclude February–June 2021 adoption cohorts,electricity_bill_rmb,Actual monthly electricity bill,12.0,Event-time effect,-18.85740705309239,1.6954117234444075,-22.237962014822088,-15.476852091362693,3.281787296489471e-17,72.0,179.0,RMB/month,190.0,a-c,,,,,,,,,,,,,,,,,,,,,,,,,,,,,,,,,,,,,,,,,,,,,,,,6.8,,,,,,
later_cohorts,Exclude February–June 2021 adoption cohorts,electricity_bill_rmb,Actual monthly electricity bill,13.0,Event-time effect,-19.35549840528976,1.755426486163174,-22.85571940511537,-15.855277405464149,4.8712907583645905e-17,72.0,177.0,RMB/month,190.0,a-c,,,,,,,,,,,,,,,,,,,,,,,,,,,,,,,,,,,,,,,,,,,,,,,,6.8,,,,,,
later_cohorts,Exclude February–June 2021 adoption cohorts,electricity_bill_rmb,Actual monthly electricity bill,14.0,Event-time effect,-19.449098130871395,1.5712585810414958,-22.582098757709613,-16.316097504033177,2.11722378538302e-19,72.0,177.0,RMB/month,190.0,a-c,,,,,,,,,,,,,,,,,,,,,,,,,,,,,,,,,,,,,,,,,,,,,,,,6.8,,,,,,
later_cohorts,Exclude February–June 2021 adoption cohorts,electricity_bill_rmb,Actual monthly electricity bill,15.0,Event-time effect,-19.1927116067411,1.4940613750007956,-22.171785376578253,-16.213637836903946,3.388223659952681e-20,72.0,177.0,RMB/month,190.0,a-c,,,,,,,,,,,,,,,,,,,,,,,,,,,,,,,,,,,,,,,,,,,,,,,,6.8,,,,,,
later_cohorts,Exclude February–June 2021 adoption cohorts,electricity_bill_rmb,Actual monthly electricity bill,16.0,Event-time effect,-18.245907990988176,1.586523482754438,-21.40934596735773,-15.082470014618622,7.056078777204449e-18,72.0,176.0,RMB/month,190.0,a-c,,,,,,,,,,,,,,,,,,,,,,,,,,,,,,,,,,,,,,,,,,,,,,,,6.8,,,,,,
later_cohorts,Exclude February–June 2021 adoption cohorts,electricity_bill_rmb,Actual monthly electricity bill,17.0,Event-time effect,-17.777650875974288,1.7453554488676588,-21.257790797777183,-14.297510954171395,1.577707808579637e-15,72.0,175.0,RMB/month,190.0,a-c,,,,,,,,,,,,,,,,,,,,,,,,,,,,,,,,,,,,,,,,,,,,,,,,6.8,,,,,,
later_cohorts,Exclude February–June 2021 adoption cohorts,electricity_bill_rmb,Actual monthly electricity bill,18.0,Event-time effect,-17.46296387363653,1.5528455672597814,-20.55924999376265,-14.366677753510409,1.98530198434023e-17,72.0,175.0,RMB/month,190.0,a-c,,,,,,,,,,,,,,,,,,,,,,,,,,,,,,,,,,,,,,,,,,,,,,,,6.8,,,,,,
later_cohorts,Exclude February–June 2021 adoption cohorts,electricity_bill_rmb,Actual monthly electricity bill,19.0,Event-time effect,-19.250958367874528,1.5534138843463838,-22.348377680086312,-16.153539055662744,1.9984541742484264e-19,72.0,172.0,RMB/month,190.0,a-c,,,,,,,,,,,,,,,,,,,,,,,,,,,,,,,,,,,,,,,,,,,,,,,,6.8,,,,,,
later_cohorts,Exclude February–June 2021 adoption cohorts,electricity_bill_rmb,Actual monthly electricity bill,20.0,Event-time effect,-21.722695768023105,1.6767993194353974,-25.06613865021937,-18.37925288582684,2.220924753497084e-20,72.0,168.0,RMB/month,190.0,a-c,,,,,,,,,,,,,,,,,,,,,,,,,,,,,,,,,,,,,,,,,,,,,,,,6.8,,,,,,
later_cohorts,Exclude February–June 2021 adoption cohorts,electricity_bill_rmb,Actual monthly electricity bill,21.0,Event-time effect,-22.59966142142518,1.675687055070879,-25.940886511468527,-19.25843633138183,2.8801247752776546e-21,72.0,164.0,RMB/month,190.0,a-c,,,,,,,,,,,,,,,,,,,,,,,,,,,,,,,,,,,,,,,,,,,,,,,,6.8,,,,,,
later_cohorts,Exclude February–June 2021 adoption cohorts,electricity_bill_rmb,Actual monthly electricity bill,22.0,Event-time effect,-20.208451139455093,1.468572354904386,-23.137426345397607,-17.27947593351258,1.3680504365569917e-21,71.0,156.0,RMB/month,190.0,a-c,,,,,,,,,,,,,,,,,,,,,,,,,,,,,,,,,,,,,,,,,,,,,,,,6.8,,,,,,
later_cohorts,Exclude February–June 2021 adoption cohorts,electricity_bill_rmb,Actual monthly electricity bill,23.0,Event-time effect,-18.03205417761884,1.4134782673484834,-20.85114769070069,-15.21296066453699,6.172725007373992e-20,71.0,153.0,RMB/month,190.0,a-c,,,,,,,,,,,,,,,,,,,,,,,,,,,,,,,,,,,,,,,,,,,,,,,,6.8,,,,,,
later_cohorts,Exclude February–June 2021 adoption cohorts,electricity_bill_rmb,Actual monthly electricity bill,24.0,Event-time effect,-16.53763690448209,1.475100461352073,-19.480381806678977,-13.5948920022852,3.392635095011498e-17,70.0,148.0,RMB/month,190.0,a-c,,,,,,,,,,,,,,,,,,,,,,,,,,,,,,,,,,,,,,,,,,,,,,,,6.8,,,,,,
later_cohorts,Exclude February–June 2021 adoption cohorts,bill_income_ratio_current_pct,Electricity-bill-to-income ratio,-12.0,Withheld-lead placebo,0.0195342256096165,0.1435609889127604,-0.2694390571493998,0.3085075083686329,0.8923603396609476,47.0,83.0,percentage points,190.0,a-c,,,,,,,,,,,,,,,,,,,,,,,,,,,,,,,,,,,,,,,,,,,,,,,,6.8,,,,,,
later_cohorts,Exclude February–June 2021 adoption cohorts,bill_income_ratio_current_pct,Electricity-bill-to-income ratio,-11.0,Withheld-lead placebo,0.1574559718475003,0.1717699729778844,-0.1881006418343768,0.5030125855293774,0.363996654580372,48.0,86.0,percentage points,190.0,a-c,,,,,,,,,,,,,,,,,,,,,,,,,,,,,,,,,,,,,,,,,,,,,,,,6.8,,,,,,
later_cohorts,Exclude February–June 2021 adoption cohorts,bill_income_ratio_current_pct,Electricity-bill-to-income ratio,-10.0,Withheld-lead placebo,0.4275427871287658,0.1554743010128265,0.1147688369374459,0.7403167373200858,0.0084348311102832,48.0,93.0,percentage points,190.0,a-c,,,,,,,,,,,,,,,,,,,,,,,,,,,,,,,,,,,,,,,,,,,,,,,,6.8,,,,,,
later_cohorts,Exclude February–June 2021 adoption cohorts,bill_income_ratio_current_pct,Electricity-bill-to-income ratio,-9.0,Withheld-lead placebo,0.4851675481266273,0.1894965060792778,0.1039497496367052,0.8663853466165494,0.0137319340639035,48.0,93.0,percentage points,190.0,a-c,,,,,,,,,,,,,,,,,,,,,,,,,,,,,,,,,,,,,,,,,,,,,,,,6.8,,,,,,
later_cohorts,Exclude February–June 2021 adoption cohorts,bill_income_ratio_current_pct,Electricity-bill-to-income ratio,-8.0,Withheld-lead placebo,0.2886537163802149,0.1112660276910081,0.0649383737618937,0.512369058998536,0.0125336349494404,49.0,94.0,percentage points,190.0,a-c,,,,,,,,,,,,,,,,,,,,,,,,,,,,,,,,,,,,,,,,,,,,,,,,6.8,,,,,,
later_cohorts,Exclude February–June 2021 adoption cohorts,bill_income_ratio_current_pct,Electricity-bill-to-income ratio,-7.0,Withheld-lead placebo,0.0897657161271478,0.1216818387442779,-0.1548920182237244,0.33442345047802,0.4642829521934313,49.0,96.0,percentage points,190.0,a-c,,,,,,,,,,,,,,,,,,,,,,,,,,,,,,,,,,,,,,,,,,,,,,,,6.8,,,,,,
later_cohorts,Exclude February–June 2021 adoption cohorts,bill_income_ratio_current_pct,Electricity-bill-to-income ratio,-6.0,Withheld-lead placebo,-0.1945138345470357,0.0984512013519387,-0.3925721049320975,0.003544435838026,0.0540718876384654,48.0,95.0,percentage points,190.0,a-c,,,,,,,,,,,,,,,,,,,,,,,,,,,,,,,,,,,,,,,,,,,,,,,,6.8,,,,,,
later_cohorts,Exclude February–June 2021 adoption cohorts,bill_income_ratio_current_pct,Electricity-bill-to-income ratio,-5.0,Withheld-lead placebo,-0.2777281820364128,0.105720835673721,-0.4895974712533025,-0.0658588928195231,0.0111389221240479,56.0,112.0,percentage points,190.0,a-c,,,,,,,,,,,,,,,,,,,,,,,,,,,,,,,,,,,,,,,,,,,,,,,,6.8,,,,,,
later_cohorts,Exclude February–June 2021 adoption cohorts,bill_income_ratio_current_pct,Electricity-bill-to-income ratio,-4.0,Withheld-lead placebo,-0.2425139672219049,0.0863441388094798,-0.4152279600262044,-0.0697999744176054,0.0067037690333965,61.0,137.0,percentage points,190.0,a-c,,,,,,,,,,,,,,,,,,,,,,,,,,,,,,,,,,,,,,,,,,,,,,,,6.8,,,,,,
later_cohorts,Exclude February–June 2021 adoption cohorts,bill_income_ratio_current_pct,Electricity-bill-to-income ratio,-3.0,Withheld-lead placebo,-0.2047421702292123,0.0811009407708218,-0.3666654229157942,-0.0428189175426305,0.0139973578425884,67.0,151.0,percentage points,190.0,a-c,,,,,,,,,,,,,,,,,,,,,,,,,,,,,,,,,,,,,,,,,,,,,,,,6.8,,,,,,
later_cohorts,Exclude February–June 2021 adoption cohorts,bill_income_ratio_current_pct,Electricity-bill-to-income ratio,-2.0,Withheld-lead placebo,-0.0250041726329564,0.0809891676582428,-0.1866155404773428,0.1366071952114299,0.7584671844642814,69.0,170.0,percentage points,190.0,a-c,,,,,,,,,,,,,,,,,,,,,,,,,,,,,,,,,,,,,,,,,,,,,,,,6.8,,,,,,
later_cohorts,Exclude February–June 2021 adoption cohorts,bill_income_ratio_current_pct,Electricity-bill-to-income ratio,-1.0,Reference month,0.0,0.0,0.0,0.0,,,,percentage points,190.0,a-c,,,,,,,,,,,,,,,,,,,,,,,,,,,,,,,,,,,,,,,,,,,,,,,,6.8,,,,,,
later_cohorts,Exclude February–June 2021 adoption cohorts,bill_income_ratio_current_pct,Electricity-bill-to-income ratio,0.0,Partial connection month,-0.6068854238596547,0.120187022027404,-0.8464738734568726,-0.3672969742624368,3.2207059253337472e-06,73.0,183.0,percentage points,190.0,a-c,,,,,,,,,,,,,,,,,,,,,,,,,,,,,,,,,,,,,,,,,,,,,,,,6.8,,,,,,
later_cohorts,Exclude February–June 2021 adoption cohorts,bill_income_ratio_current_pct,Electricity-bill-to-income ratio,1.0,Event-time effect,-1.0280867501735038,0.1506401486973014,-1.3283823982781011,-0.7277911020689065,2.3221305637041207e-09,73.0,181.0,percentage points,190.0,a-c,,,,,,,,,,,,,,,,,,,,,,,,,,,,,,,,,,,,,,,,,,,,,,,,6.8,,,,,,
later_cohorts,Exclude February–June 2021 adoption cohorts,bill_income_ratio_current_pct,Electricity-bill-to-income ratio,2.0,Event-time effect,-1.0685779826694088,0.1410020038660287,-1.3496603402026537,-0.7874956251361641,9.364266889626546e-11,73.0,180.0,percentage points,190.0,a-c,,,,,,,,,,,,,,,,,,,,,,,,,,,,,,,,,,,,,,,,,,,,,,,,6.8,,,,,,
later_cohorts,Exclude February–June 2021 adoption cohorts,bill_income_ratio_current_pct,Electricity-bill-to-income ratio,3.0,Event-time effect,-1.0141206994216634,0.1416614713736222,-1.2965176814046933,-0.7317237174386336,5.627719948011531e-10,73.0,182.0,percentage points,190.0,a-c,,,,,,,,,,,,,,,,,,,,,,,,,,,,,,,,,,,,,,,,,,,,,,,,6.8,,,,,,
later_cohorts,Exclude February–June 2021 adoption cohorts,bill_income_ratio_current_pct,Electricity-bill-to-income ratio,4.0,Event-time effect,-1.0043388573799945,0.1482622182153646,-1.299894187704796,-0.708783527055193,2.876952293794847e-09,73.0,181.0,percentage points,190.0,a-c,,,,,,,,,,,,,,,,,,,,,,,,,,,,,,,,,,,,,,,,,,,,,,,,6.8,,,,,,
later_cohorts,Exclude February–June 2021 adoption cohorts,bill_income_ratio_current_pct,Electricity-bill-to-income ratio,5.0,Event-time effect,-0.9896558128930308,0.1490097670798453,-1.28677284970611,-0.6925387760799518,5.2977483993085206e-09,72.0,177.0,percentage points,190.0,a-c,,,,,,,,,,,,,,,,,,,,,,,,,,,,,,,,,,,,,,,,,,,,,,,,6.8,,,,,,
later_cohorts,Exclude February–June 2021 adoption cohorts,bill_income_ratio_current_pct,Electricity-bill-to-income ratio,6.0,Event-time effect,-1.0148685129175294,0.1359620459902551,-1.2859691327985203,-0.7437678930365383,1.6406293995288306e-10,72.0,176.0,percentage points,190.0,a-c,,,,,,,,,,,,,,,,,,,,,,,,,,,,,,,,,,,,,,,,,,,,,,,,6.8,,,,,,
later_cohorts,Exclude February–June 2021 adoption cohorts,bill_income_ratio_current_pct,Electricity-bill-to-income ratio,7.0,Event-time effect,-1.1261406738442317,0.1328161375120748,-1.3909685303793058,-0.8613128173091575,2.163150589775669e-12,72.0,177.0,percentage points,190.0,a-c,,,,,,,,,,,,,,,,,,,,,,,,,,,,,,,,,,,,,,,,,,,,,,,,6.8,,,,,,
later_cohorts,Exclude February–June 2021 adoption cohorts,bill_income_ratio_current_pct,Electricity-bill-to-income ratio,8.0,Event-time effect,-1.3542397193314546,0.1363337958807781,-1.6260815874411514,-1.0823978512217578,4.539655870532683e-15,72.0,174.0,percentage points,190.0,a-c,,,,,,,,,,,,,,,,,,,,,,,,,,,,,,,,,,,,,,,,,,,,,,,,6.8,,,,,,
later_cohorts,Exclude February–June 2021 adoption cohorts,bill_income_ratio_current_pct,Electricity-bill-to-income ratio,9.0,Event-time effect,-1.3594941524859523,0.1402173601224377,-1.6390796277589088,-1.0799086772129962,1.2333597674476e-14,72.0,173.0,percentage points,190.0,a-c,,,,,,,,,,,,,,,,,,,,,,,,,,,,,,,,,,,,,,,,,,,,,,,,6.8,,,,,,
later_cohorts,Exclude February–June 2021 adoption cohorts,bill_income_ratio_current_pct,Electricity-bill-to-income ratio,10.0,Event-time effect,-1.1965504138106031,0.130140123122641,-1.4561728557556075,-0.9369279718655992,1.3235707787183829e-13,70.0,169.0,percentage points,190.0,a-c,,,,,,,,,,,,,,,,,,,,,,,,,,,,,,,,,,,,,,,,,,,,,,,,6.8,,,,,,
later_cohorts,Exclude February–June 2021 adoption cohorts,bill_income_ratio_current_pct,Electricity-bill-to-income ratio,11.0,Event-time effect,-1.0983633777116073,0.1398739918262898,-1.3773332579815394,-0.8193934974416753,3.414007221891407e-11,71.0,170.0,percentage points,190.0,a-c,,,,,,,,,,,,,,,,,,,,,,,,,,,,,,,,,,,,,,,,,,,,,,,,6.8,,,,,,
later_cohorts,Exclude February–June 2021 adoption cohorts,bill_income_ratio_current_pct,Electricity-bill-to-income ratio,12.0,Event-time effect,-1.030975900678066,0.1499992921206819,-1.3301400556229612,-0.7318117457331705,2.124931834806334e-09,71.0,171.0,percentage points,190.0,a-c,,,,,,,,,,,,,,,,,,,,,,,,,,,,,,,,,,,,,,,,,,,,,,,,6.8,,,,,,
later_cohorts,Exclude February–June 2021 adoption cohorts,bill_income_ratio_current_pct,Electricity-bill-to-income ratio,13.0,Event-time effect,-1.0670797317864509,0.1463648982098876,-1.358995316636863,-0.7751641469360389,3.6783905024427765e-10,71.0,169.0,percentage points,190.0,a-c,,,,,,,,,,,,,,,,,,,,,,,,,,,,,,,,,,,,,,,,,,,,,,,,6.8,,,,,,
later_cohorts,Exclude February–June 2021 adoption cohorts,bill_income_ratio_current_pct,Electricity-bill-to-income ratio,14.0,Event-time effect,-1.078443964937171,0.1416491230683236,-1.3609542328344797,-0.7959336970398625,9.397398419558766e-11,71.0,167.0,percentage points,190.0,a-c,,,,,,,,,,,,,,,,,,,,,,,,,,,,,,,,,,,,,,,,,,,,,,,,6.8,,,,,,
later_cohorts,Exclude February–June 2021 adoption cohorts,bill_income_ratio_current_pct,Electricity-bill-to-income ratio,15.0,Event-time effect,-1.0499857636967649,0.1509769256761206,-1.3512555282462562,-0.7487159991472736,1.7121186858284643e-09,69.0,165.0,percentage points,190.0,a-c,,,,,,,,,,,,,,,,,,,,,,,,,,,,,,,,,,,,,,,,,,,,,,,,6.8,,,,,,
later_cohorts,Exclude February–June 2021 adoption cohorts,bill_income_ratio_current_pct,Electricity-bill-to-income ratio,16.0,Event-time effect,-1.018902801662173,0.1582733481053889,-1.3346494917986906,-0.7031561115256555,1.3682535405448754e-08,70.0,166.0,percentage points,190.0,a-c,,,,,,,,,,,,,,,,,,,,,,,,,,,,,,,,,,,,,,,,,,,,,,,,6.8,,,,,,
later_cohorts,Exclude February–June 2021 adoption cohorts,bill_income_ratio_current_pct,Electricity-bill-to-income ratio,17.0,Event-time effect,-1.026735877105159,0.1691468934000401,-1.3641746965732016,-0.6892970576371162,6.142139064488545e-08,70.0,164.0,percentage points,190.0,a-c,,,,,,,,,,,,,,,,,,,,,,,,,,,,,,,,,,,,,,,,,,,,,,,,6.8,,,,,,
later_cohorts,Exclude February–June 2021 adoption cohorts,bill_income_ratio_current_pct,Electricity-bill-to-income ratio,18.0,Event-time effect,-1.0503287564427823,0.1526538448461422,-1.3548648443170854,-0.7457926685684793,2.18890232439098e-09,70.0,163.0,percentage points,190.0,a-c,,,,,,,,,,,,,,,,,,,,,,,,,,,,,,,,,,,,,,,,,,,,,,,,6.8,,,,,,
later_cohorts,Exclude February–June 2021 adoption cohorts,bill_income_ratio_current_pct,Electricity-bill-to-income ratio,19.0,Event-time effect,-1.1945922037738308,0.1511128804888314,-1.4959773406874002,-0.8932070668602614,2.729585310666135e-11,71.0,161.0,percentage points,190.0,a-c,,,,,,,,,,,,,,,,,,,,,,,,,,,,,,,,,,,,,,,,,,,,,,,,6.8,,,,,,
later_cohorts,Exclude February–June 2021 adoption cohorts,bill_income_ratio_current_pct,Electricity-bill-to-income ratio,20.0,Event-time effect,-1.322679928948162,0.1460194987967088,-1.613906636390546,-1.0314532215057777,2.0678451080312e-13,71.0,156.0,percentage points,190.0,a-c,,,,,,,,,,,,,,,,,,,,,,,,,,,,,,,,,,,,,,,,,,,,,,,,6.8,,,,,,
later_cohorts,Exclude February–June 2021 adoption cohorts,bill_income_ratio_current_pct,Electricity-bill-to-income ratio,21.0,Event-time effect,-1.2912473916063898,0.13853625399283,-1.5674808364615704,-1.0150139467512092,6.016669694692953e-14,72.0,154.0,percentage points,190.0,a-c,,,,,,,,,,,,,,,,,,,,,,,,,,,,,,,,,,,,,,,,,,,,,,,,6.8,,,,,,
later_cohorts,Exclude February–June 2021 adoption cohorts,bill_income_ratio_current_pct,Electricity-bill-to-income ratio,22.0,Event-time effect,-1.1155586004055011,0.143097707885599,-1.4009579796219322,-0.83015922118907,4.342108568935445e-11,71.0,144.0,percentage points,190.0,a-c,,,,,,,,,,,,,,,,,,,,,,,,,,,,,,,,,,,,,,,,,,,,,,,,6.8,,,,,,
later_cohorts,Exclude February–June 2021 adoption cohorts,bill_income_ratio_current_pct,Electricity-bill-to-income ratio,23.0,Event-time effect,-0.8977584502365509,0.1345328590852432,-1.1660757771488437,-0.6294411233242583,4.898599463556783e-09,71.0,142.0,percentage points,190.0,a-c,,,,,,,,,,,,,,,,,,,,,,,,,,,,,,,,,,,,,,,,,,,,,,,,6.8,,,,,,
later_cohorts,Exclude February–June 2021 adoption cohorts,bill_income_ratio_current_pct,Electricity-bill-to-income ratio,24.0,Event-time effect,-0.8355441248341103,0.1452812331452784,-1.1253722547984093,-0.5457159948698114,2.218397792930772e-07,70.0,138.0,percentage points,190.0,a-c,,,,,,,,,,,,,,,,,,,,,,,,,,,,,,,,,,,,,,,,,,,,,,,,6.8,,,,,,
later_cohorts,Exclude February–June 2021 adoption cohorts,total_electricity_consumption_kwh,Total household electricity use,-12.0,Withheld-lead placebo,-0.3326583632786892,2.761782795228443,-5.888648702561585,5.223331976004206,0.9046396688338774,48.0,88.0,kWh/month,190.0,a-c,,,,,,,,,,,,,,,,,,,,,,,,,,,,,,,,,,,,,,,,,,,,,,,,6.8,,,,,,
later_cohorts,Exclude February–June 2021 adoption cohorts,total_electricity_consumption_kwh,Total household electricity use,-11.0,Withheld-lead placebo,-0.0562736445150166,2.6872938142858893,-5.462411483009332,5.3498641939793,0.9833816602228338,48.0,91.0,kWh/month,190.0,a-c,,,,,,,,,,,,,,,,,,,,,,,,,,,,,,,,,,,,,,,,,,,,,,,,6.8,,,,,,
later_cohorts,Exclude February–June 2021 adoption cohorts,total_electricity_consumption_kwh,Total household electricity use,-10.0,Withheld-lead placebo,5.377659618184874,1.7614145611068217,1.834150584132748,8.921168652237,0.0037221156348055,48.0,97.0,kWh/month,190.0,a-c,,,,,,,,,,,,,,,,,,,,,,,,,,,,,,,,,,,,,,,,,,,,,,,,6.8,,,,,,
later_cohorts,Exclude February–June 2021 adoption cohorts,total_electricity_consumption_kwh,Total household electricity use,-9.0,Withheld-lead placebo,6.273267213542418,2.105572237314716,2.0374022391517803,10.509132187933057,0.0045600892499777,48.0,97.0,kWh/month,190.0,a-c,,,,,,,,,,,,,,,,,,,,,,,,,,,,,,,,,,,,,,,,,,,,,,,,6.8,,,,,,
later_cohorts,Exclude February–June 2021 adoption cohorts,total_electricity_consumption_kwh,Total household electricity use,-8.0,Withheld-lead placebo,4.008895575327117,2.281853898708728,-0.5790791852370134,8.596870335891248,0.0853194123502123,49.0,98.0,kWh/month,190.0,a-c,,,,,,,,,,,,,,,,,,,,,,,,,,,,,,,,,,,,,,,,,,,,,,,,6.8,,,,,,
later_cohorts,Exclude February–June 2021 adoption cohorts,total_electricity_consumption_kwh,Total household electricity use,-7.0,Withheld-lead placebo,5.102272633321124,2.385262574346618,0.3063807952795603,9.898164471362689,0.0375436457125437,49.0,99.0,kWh/month,190.0,a-c,,,,,,,,,,,,,,,,,,,,,,,,,,,,,,,,,,,,,,,,,,,,,,,,6.8,,,,,,
later_cohorts,Exclude February–June 2021 adoption cohorts,total_electricity_consumption_kwh,Total household electricity use,-6.0,Withheld-lead placebo,0.547810345677653,2.036410806994232,-3.5466680036665608,4.6422886950218665,0.789076643007097,49.0,99.0,kWh/month,190.0,a-c,,,,,,,,,,,,,,,,,,,,,,,,,,,,,,,,,,,,,,,,,,,,,,,,6.8,,,,,,
later_cohorts,Exclude February–June 2021 adoption cohorts,total_electricity_consumption_kwh,Total household electricity use,-5.0,Withheld-lead placebo,-3.696754362415121,2.2594184288217125,-8.222913359946057,0.8294046351158157,0.1074162616756555,57.0,118.0,kWh/month,190.0,a-c,,,,,,,,,,,,,,,,,,,,,,,,,,,,,,,,,,,,,,,,,,,,,,,,6.8,,,,,,
later_cohorts,Exclude February–June 2021 adoption cohorts,total_electricity_consumption_kwh,Total household electricity use,-4.0,Withheld-lead placebo,-6.280875303246861,2.2993675044659048,-10.87874479574784,-1.6830058107458823,0.0082319127525416,62.0,142.0,kWh/month,190.0,a-c,,,,,,,,,,,,,,,,,,,,,,,,,,,,,,,,,,,,,,,,,,,,,,,,6.8,,,,,,
later_cohorts,Exclude February–June 2021 adoption cohorts,total_electricity_consumption_kwh,Total household electricity use,-3.0,Withheld-lead placebo,-5.834819019943359,2.2988320493188423,-10.424585294760586,-1.2450527451261315,0.013511192124257,67.0,157.0,kWh/month,190.0,a-c,,,,,,,,,,,,,,,,,,,,,,,,,,,,,,,,,,,,,,,,,,,,,,,,6.8,,,,,,
later_cohorts,Exclude February–June 2021 adoption cohorts,total_electricity_consumption_kwh,Total household electricity use,-2.0,Withheld-lead placebo,-1.964021424996504,1.7701944990049503,-5.4963895503489,1.5683467003558915,0.2711251690312105,69.0,176.0,kWh/month,190.0,a-c,,,,,,,,,,,,,,,,,,,,,,,,,,,,,,,,,,,,,,,,,,,,,,,,6.8,,,,,,
later_cohorts,Exclude February–June 2021 adoption cohorts,total_electricity_consumption_kwh,Total household electricity use,-1.0,Reference month,0.0,0.0,0.0,0.0,,,,kWh/month,190.0,a-c,,,,,,,,,,,,,,,,,,,,,,,,,,,,,,,,,,,,,,,,,,,,,,,,6.8,,,,,,
later_cohorts,Exclude February–June 2021 adoption cohorts,total_electricity_consumption_kwh,Total household electricity use,0.0,Partial connection month,-2.1567940238894248,2.04365341105246,-6.230742641706762,1.9171545939279129,0.2947883255738531,73.0,190.0,kWh/month,190.0,a-c,,,,,,,,,,,,,,,,,,,,,,,,,,,,,,,,,,,,,,,,,,,,,,,,6.8,,,,,,
later_cohorts,Exclude February–June 2021 adoption cohorts,total_electricity_consumption_kwh,Total household electricity use,1.0,Event-time effect,0.5875292676900835,2.2222044789315585,-3.842354398732808,5.017412934112975,0.7922345531654152,73.0,189.0,kWh/month,190.0,a-c,,,,,,,,,,,,,,,,,,,,,,,,,,,,,,,,,,,,,,,,,,,,,,,,6.8,,,,,,
later_cohorts,Exclude February–June 2021 adoption cohorts,total_electricity_consumption_kwh,Total household electricity use,2.0,Event-time effect,6.34801531393684,2.066437041995357,2.2286483579185665,10.467382269955111,0.003000772116804,73.0,189.0,kWh/month,190.0,a-c,,,,,,,,,,,,,,,,,,,,,,,,,,,,,,,,,,,,,,,,,,,,,,,,6.8,,,,,,
later_cohorts,Exclude February–June 2021 adoption cohorts,total_electricity_consumption_kwh,Total household electricity use,3.0,Event-time effect,10.006518253218616,2.4013381549581174,5.21953813007457,14.793498376362663,8.470211226281939e-05,73.0,189.0,kWh/month,190.0,a-c,,,,,,,,,,,,,,,,,,,,,,,,,,,,,,,,,,,,,,,,,,,,,,,,6.8,,,,,,
later_cohorts,Exclude February–June 2021 adoption cohorts,total_electricity_consumption_kwh,Total household electricity use,4.0,Event-time effect,12.21276550363914,2.404961234982484,7.418562902467419,17.006968104810863,2.883000278174516e-06,73.0,188.0,kWh/month,190.0,a-c,,,,,,,,,,,,,,,,,,,,,,,,,,,,,,,,,,,,,,,,,,,,,,,,6.8,,,,,,
later_cohorts,Exclude February–June 2021 adoption cohorts,total_electricity_consumption_kwh,Total household electricity use,5.0,Event-time effect,12.402920098809904,2.143683016726806,8.129566106493204,16.676274091126604,1.7364339598112077e-07,73.0,186.0,kWh/month,190.0,a-c,,,,,,,,,,,,,,,,,,,,,,,,,,,,,,,,,,,,,,,,,,,,,,,,6.8,,,,,,
later_cohorts,Exclude February–June 2021 adoption cohorts,total_electricity_consumption_kwh,Total household electricity use,6.0,Event-time effect,10.506479663586914,1.9752650971507977,6.568860657917976,14.444098669255853,1.1248502473574209e-06,73.0,186.0,kWh/month,190.0,a-c,,,,,,,,,,,,,,,,,,,,,,,,,,,,,,,,,,,,,,,,,,,,,,,,6.8,,,,,,
later_cohorts,Exclude February–June 2021 adoption cohorts,total_electricity_consumption_kwh,Total household electricity use,7.0,Event-time effect,8.211433367416022,1.972264275835248,4.279796389709696,12.14307034512235,8.578617087730781e-05,73.0,186.0,kWh/month,190.0,a-c,,,,,,,,,,,,,,,,,,,,,,,,,,,,,,,,,,,,,,,,,,,,,,,,6.8,,,,,,
later_cohorts,Exclude February–June 2021 adoption cohorts,total_electricity_consumption_kwh,Total household electricity use,8.0,Event-time effect,6.472542151233489,2.3708471256138965,1.7463447841971638,11.198739518269814,0.0079554692445534,73.0,182.0,kWh/month,190.0,a-c,,,,,,,,,,,,,,,,,,,,,,,,,,,,,,,,,,,,,,,,,,,,,,,,6.8,,,,,,
later_cohorts,Exclude February–June 2021 adoption cohorts,total_electricity_consumption_kwh,Total household electricity use,9.0,Event-time effect,5.670357434803461,2.3830778218948727,0.9197786203361024,10.42093624927082,0.019991773382859,73.0,182.0,kWh/month,190.0,a-c,,,,,,,,,,,,,,,,,,,,,,,,,,,,,,,,,,,,,,,,,,,,,,,,6.8,,,,,,
later_cohorts,Exclude February–June 2021 adoption cohorts,total_electricity_consumption_kwh,Total household electricity use,10.0,Event-time effect,9.0593409819677,2.353126097071555,4.367340807007411,13.751341156927989,0.0002559262883336,72.0,180.0,kWh/month,190.0,a-c,,,,,,,,,,,,,,,,,,,,,,,,,,,,,,,,,,,,,,,,,,,,,,,,6.8,,,,,,
later_cohorts,Exclude February–June 2021 adoption cohorts,total_electricity_consumption_kwh,Total household electricity use,11.0,Event-time effect,11.195008701588913,2.372015041869504,6.465345040423149,15.924672362754674,1.1521632425088015e-05,72.0,179.0,kWh/month,190.0,a-c,,,,,,,,,,,,,,,,,,,,,,,,,,,,,,,,,,,,,,,,,,,,,,,,6.8,,,,,,
later_cohorts,Exclude February–June 2021 adoption cohorts,total_electricity_consumption_kwh,Total household electricity use,12.0,Event-time effect,9.571971830561877,2.1063349172292574,5.372059291890933,13.771884369232817,2.205996757241156e-05,72.0,179.0,kWh/month,190.0,a-c,,,,,,,,,,,,,,,,,,,,,,,,,,,,,,,,,,,,,,,,,,,,,,,,6.8,,,,,,
later_cohorts,Exclude February–June 2021 adoption cohorts,total_electricity_consumption_kwh,Total household electricity use,13.0,Event-time effect,7.499064369519468,2.2217953857347807,3.0689301954235884,11.929198543615348,0.0011987180710759,72.0,177.0,kWh/month,190.0,a-c,,,,,,,,,,,,,,,,,,,,,,,,,,,,,,,,,,,,,,,,,,,,,,,,6.8,,,,,,
later_cohorts,Exclude February–June 2021 adoption cohorts,total_electricity_consumption_kwh,Total household electricity use,14.0,Event-time effect,8.98022484429186,2.291289341818634,4.4115236573572245,13.548926031226491,0.0002022921897744,72.0,177.0,kWh/month,190.0,a-c,,,,,,,,,,,,,,,,,,,,,,,,,,,,,,,,,,,,,,,,,,,,,,,,6.8,,,,,,
later_cohorts,Exclude February–June 2021 adoption cohorts,total_electricity_consumption_kwh,Total household electricity use,15.0,Event-time effect,10.226707757590423,2.309748158668304,5.621200735220114,14.832214779960731,3.378506218918435e-05,72.0,177.0,kWh/month,190.0,a-c,,,,,,,,,,,,,,,,,,,,,,,,,,,,,,,,,,,,,,,,,,,,,,,,6.8,,,,,,
later_cohorts,Exclude February–June 2021 adoption cohorts,total_electricity_consumption_kwh,Total household electricity use,16.0,Event-time effect,11.499851987105083,2.154692106724033,7.203517951153378,15.796186023056787,1.0761874561786837e-06,72.0,176.0,kWh/month,190.0,a-c,,,,,,,,,,,,,,,,,,,,,,,,,,,,,,,,,,,,,,,,,,,,,,,,6.8,,,,,,
later_cohorts,Exclude February–June 2021 adoption cohorts,total_electricity_consumption_kwh,Total household electricity use,17.0,Event-time effect,12.446101700185835,2.142431775590924,8.174214070184586,16.717989330187084,1.6346747597239953e-07,72.0,175.0,kWh/month,190.0,a-c,,,,,,,,,,,,,,,,,,,,,,,,,,,,,,,,,,,,,,,,,,,,,,,,6.8,,,,,,
later_cohorts,Exclude February–June 2021 adoption cohorts,total_electricity_consumption_kwh,Total household electricity use,18.0,Event-time effect,10.934953384642476,1.897739758143649,7.150967779994986,14.718938989289969,1.9784638108968866e-07,72.0,175.0,kWh/month,190.0,a-c,,,,,,,,,,,,,,,,,,,,,,,,,,,,,,,,,,,,,,,,,,,,,,,,6.8,,,,,,
later_cohorts,Exclude February–June 2021 adoption cohorts,total_electricity_consumption_kwh,Total household electricity use,19.0,Event-time effect,8.777700161667001,1.978307089307892,4.833067861379547,12.722332461954457,3.2657985188102115e-05,72.0,172.0,kWh/month,190.0,a-c,,,,,,,,,,,,,,,,,,,,,,,,,,,,,,,,,,,,,,,,,,,,,,,,6.8,,,,,,
later_cohorts,Exclude February–June 2021 adoption cohorts,total_electricity_consumption_kwh,Total household electricity use,20.0,Event-time effect,6.778430309585003,2.660372876684665,1.4737974561232263,12.08306316304678,0.0130023670472662,72.0,168.0,kWh/month,190.0,a-c,,,,,,,,,,,,,,,,,,,,,,,,,,,,,,,,,,,,,,,,,,,,,,,,6.8,,,,,,
later_cohorts,Exclude February–June 2021 adoption cohorts,total_electricity_consumption_kwh,Total household electricity use,21.0,Event-time effect,6.291628586002587,2.741844169012249,0.8245465895344131,11.758710582470762,0.0247116890857772,72.0,164.0,kWh/month,190.0,a-c,,,,,,,,,,,,,,,,,,,,,,,,,,,,,,,,,,,,,,,,,,,,,,,,6.8,,,,,,
later_cohorts,Exclude February–June 2021 adoption cohorts,total_electricity_consumption_kwh,Total household electricity use,22.0,Event-time effect,9.431074199420564,2.212790114965004,5.01780347357393,13.844344925267198,6.209943501161605e-05,71.0,156.0,kWh/month,190.0,a-c,,,,,,,,,,,,,,,,,,,,,,,,,,,,,,,,,,,,,,,,,,,,,,,,6.8,,,,,,
later_cohorts,Exclude February–June 2021 adoption cohorts,total_electricity_consumption_kwh,Total household electricity use,23.0,Event-time effect,11.274727494418803,1.903497475931334,7.47832148625857,15.071133502579036,1.0700573464703485e-07,71.0,153.0,kWh/month,190.0,a-c,,,,,,,,,,,,,,,,,,,,,,,,,,,,,,,,,,,,,,,,,,,,,,,,6.8,,,,,,
later_cohorts,Exclude February–June 2021 adoption cohorts,total_electricity_consumption_kwh,Total household electricity use,24.0,Event-time effect,11.172391122268705,2.1039633744467743,6.975099034862557,15.369683209674848,1.2644959565804023e-06,70.0,148.0,kWh/month,190.0,a-c,,,,,,,,,,,,,,,,,,,,,,,,,,,,,,,,,,,,,,,,,,,,,,,,6.8,,,,,,
later_cohorts,Exclude February–June 2021 adoption cohorts,grid_import_kwh,Public-grid purchases,-12.0,Withheld-lead placebo,-0.3326583632786892,2.761782795228443,-5.888648702561585,5.223331976004206,0.9046396688338774,48.0,88.0,kWh/month,190.0,a-c,,,,,,,,,,,,,,,,,,,,,,,,,,,,,,,,,,,,,,,,,,,,,,,,6.8,,,,,,
later_cohorts,Exclude February–June 2021 adoption cohorts,grid_import_kwh,Public-grid purchases,-11.0,Withheld-lead placebo,-0.0562736445150166,2.6872938142858893,-5.462411483009332,5.3498641939793,0.9833816602228338,48.0,91.0,kWh/month,190.0,a-c,,,,,,,,,,,,,,,,,,,,,,,,,,,,,,,,,,,,,,,,,,,,,,,,6.8,,,,,,
later_cohorts,Exclude February–June 2021 adoption cohorts,grid_import_kwh,Public-grid purchases,-10.0,Withheld-lead placebo,5.377659618184874,1.7614145611068217,1.834150584132748,8.921168652237,0.0037221156348055,48.0,97.0,kWh/month,190.0,a-c,,,,,,,,,,,,,,,,,,,,,,,,,,,,,,,,,,,,,,,,,,,,,,,,6.8,,,,,,
later_cohorts,Exclude February–June 2021 adoption cohorts,grid_import_kwh,Public-grid purchases,-9.0,Withheld-lead placebo,6.273267213542418,2.105572237314716,2.0374022391517803,10.509132187933057,0.0045600892499777,48.0,97.0,kWh/month,190.0,a-c,,,,,,,,,,,,,,,,,,,,,,,,,,,,,,,,,,,,,,,,,,,,,,,,6.8,,,,,,
later_cohorts,Exclude February–June 2021 adoption cohorts,grid_import_kwh,Public-grid purchases,-8.0,Withheld-lead placebo,4.008895575327117,2.281853898708728,-0.5790791852370134,8.596870335891248,0.0853194123502123,49.0,98.0,kWh/month,190.0,a-c,,,,,,,,,,,,,,,,,,,,,,,,,,,,,,,,,,,,,,,,,,,,,,,,6.8,,,,,,
later_cohorts,Exclude February–June 2021 adoption cohorts,grid_import_kwh,Public-grid purchases,-7.0,Withheld-lead placebo,5.102272633321124,2.385262574346618,0.3063807952795603,9.898164471362689,0.0375436457125437,49.0,99.0,kWh/month,190.0,a-c,,,,,,,,,,,,,,,,,,,,,,,,,,,,,,,,,,,,,,,,,,,,,,,,6.8,,,,,,
later_cohorts,Exclude February–June 2021 adoption cohorts,grid_import_kwh,Public-grid purchases,-6.0,Withheld-lead placebo,0.547810345677653,2.036410806994232,-3.5466680036665608,4.6422886950218665,0.789076643007097,49.0,99.0,kWh/month,190.0,a-c,,,,,,,,,,,,,,,,,,,,,,,,,,,,,,,,,,,,,,,,,,,,,,,,6.8,,,,,,
later_cohorts,Exclude February–June 2021 adoption cohorts,grid_import_kwh,Public-grid purchases,-5.0,Withheld-lead placebo,-3.696754362415121,2.2594184288217125,-8.222913359946057,0.8294046351158157,0.1074162616756555,57.0,118.0,kWh/month,190.0,a-c,,,,,,,,,,,,,,,,,,,,,,,,,,,,,,,,,,,,,,,,,,,,,,,,6.8,,,,,,
later_cohorts,Exclude February–June 2021 adoption cohorts,grid_import_kwh,Public-grid purchases,-4.0,Withheld-lead placebo,-6.280875303246861,2.2993675044659048,-10.87874479574784,-1.6830058107458823,0.0082319127525416,62.0,142.0,kWh/month,190.0,a-c,,,,,,,,,,,,,,,,,,,,,,,,,,,,,,,,,,,,,,,,,,,,,,,,6.8,,,,,,
later_cohorts,Exclude February–June 2021 adoption cohorts,grid_import_kwh,Public-grid purchases,-3.0,Withheld-lead placebo,-5.834819019943359,2.2988320493188423,-10.424585294760586,-1.2450527451261315,0.013511192124257,67.0,157.0,kWh/month,190.0,a-c,,,,,,,,,,,,,,,,,,,,,,,,,,,,,,,,,,,,,,,,,,,,,,,,6.8,,,,,,
later_cohorts,Exclude February–June 2021 adoption cohorts,grid_import_kwh,Public-grid purchases,-2.0,Withheld-lead placebo,-1.964021424996504,1.7701944990049503,-5.4963895503489,1.5683467003558915,0.2711251690312105,69.0,176.0,kWh/month,190.0,a-c,,,,,,,,,,,,,,,,,,,,,,,,,,,,,,,,,,,,,,,,,,,,,,,,6.8,,,,,,
later_cohorts,Exclude February–June 2021 adoption cohorts,grid_import_kwh,Public-grid purchases,-1.0,Reference month,0.0,0.0,0.0,0.0,,,,kWh/month,190.0,a-c,,,,,,,,,,,,,,,,,,,,,,,,,,,,,,,,,,,,,,,,,,,,,,,,6.8,,,,,,
later_cohorts,Exclude February–June 2021 adoption cohorts,grid_import_kwh,Public-grid purchases,0.0,Partial connection month,-24.511156742571966,2.6815061580821493,-29.85664157248818,-19.16567191265576,1.1428626564828081e-13,73.0,190.0,kWh/month,190.0,a-c,,,,,,,,,,,,,,,,,,,,,,,,,,,,,,,,,,,,,,,,,,,,,,,,6.8,,,,,,
later_cohorts,Exclude February–June 2021 adoption cohorts,grid_import_kwh,Public-grid purchases,1.0,Event-time effect,-40.60145542661421,3.5856614683725505,-47.7493409261982,-33.453569927030216,1.1892270687134124e-17,73.0,189.0,kWh/month,190.0,a-c,,,,,,,,,,,,,,,,,,,,,,,,,,,,,,,,,,,,,,,,,,,,,,,,6.8,,,,,,
later_cohorts,Exclude February–June 2021 adoption cohorts,grid_import_kwh,Public-grid purchases,2.0,Event-time effect,-38.161867991446265,3.2235753565326863,-44.58794801908323,-31.7357879638093,1.4583881996938353e-18,73.0,189.0,kWh/month,190.0,a-c,,,,,,,,,,,,,,,,,,,,,,,,,,,,,,,,,,,,,,,,,,,,,,,,6.8,,,,,,
later_cohorts,Exclude February–June 2021 adoption cohorts,grid_import_kwh,Public-grid purchases,3.0,Event-time effect,-35.088302036796875,2.953807335991684,-40.97660934403486,-29.19999472955889,1.2374078167769065e-18,73.0,189.0,kWh/month,190.0,a-c,,,,,,,,,,,,,,,,,,,,,,,,,,,,,,,,,,,,,,,,,,,,,,,,6.8,,,,,,
later_cohorts,Exclude February–June 2021 adoption cohorts,grid_import_kwh,Public-grid purchases,4.0,Event-time effect,-34.41534621390964,2.9838824247193507,-40.36360711479035,-28.467085313028925,5.027197878312629e-18,73.0,188.0,kWh/month,190.0,a-c,,,,,,,,,,,,,,,,,,,,,,,,,,,,,,,,,,,,,,,,,,,,,,,,6.8,,,,,,
later_cohorts,Exclude February–June 2021 adoption cohorts,grid_import_kwh,Public-grid purchases,5.0,Event-time effect,-33.01601502578221,3.0569233322663822,-39.10988031473384,-26.922149736830573,1.0304486107504396e-16,73.0,186.0,kWh/month,190.0,a-c,,,,,,,,,,,,,,,,,,,,,,,,,,,,,,,,,,,,,,,,,,,,,,,,6.8,,,,,,
later_cohorts,Exclude February–June 2021 adoption cohorts,grid_import_kwh,Public-grid purchases,6.0,Event-time effect,-33.47956889640179,2.829986183878016,-39.12104324811908,-27.8380945446845,1.5068070347984886e-18,73.0,186.0,kWh/month,190.0,a-c,,,,,,,,,,,,,,,,,,,,,,,,,,,,,,,,,,,,,,,,,,,,,,,,6.8,,,,,,
later_cohorts,Exclude February–June 2021 adoption cohorts,grid_import_kwh,Public-grid purchases,7.0,Event-time effect,-36.21639465224911,2.657439546594948,-41.51390356899258,-30.91888573550564,1.2666305959960695e-21,73.0,186.0,kWh/month,190.0,a-c,,,,,,,,,,,,,,,,,,,,,,,,,,,,,,,,,,,,,,,,,,,,,,,,6.8,,,,,,
later_cohorts,Exclude February–June 2021 adoption cohorts,grid_import_kwh,Public-grid purchases,8.0,Event-time effect,-41.396463193492735,2.9915322884768787,-47.35997381906401,-35.43295256792146,5.695607944100554e-22,73.0,182.0,kWh/month,190.0,a-c,,,,,,,,,,,,,,,,,,,,,,,,,,,,,,,,,,,,,,,,,,,,,,,,6.8,,,,,,
later_cohorts,Exclude February–June 2021 adoption cohorts,grid_import_kwh,Public-grid purchases,9.0,Event-time effect,-42.614048986145285,2.8696049469716884,-48.33450189864602,-36.89359607364455,1.297860563945538e-23,73.0,182.0,kWh/month,190.0,a-c,,,,,,,,,,,,,,,,,,,,,,,,,,,,,,,,,,,,,,,,,,,,,,,,6.8,,,,,,
later_cohorts,Exclude February–June 2021 adoption cohorts,grid_import_kwh,Public-grid purchases,10.0,Event-time effect,-39.97670903570707,2.714974396215569,-45.39021422691178,-34.563203844502354,2.85556285693229e-23,72.0,180.0,kWh/month,190.0,a-c,,,,,,,,,,,,,,,,,,,,,,,,,,,,,,,,,,,,,,,,,,,,,,,,6.8,,,,,,
later_cohorts,Exclude February–June 2021 adoption cohorts,grid_import_kwh,Public-grid purchases,11.0,Event-time effect,-37.41815992959712,2.5946790962816286,-42.59180310531556,-32.24451675387869,8.689909058146001e-23,72.0,179.0,kWh/month,190.0,a-c,,,,,,,,,,,,,,,,,,,,,,,,,,,,,,,,,,,,,,,,,,,,,,,,6.8,,,,,,
later_cohorts,Exclude February–June 2021 adoption cohorts,grid_import_kwh,Public-grid purchases,12.0,Event-time effect,-35.274072763121296,3.038261658479117,-41.33219444682538,-29.21595107941721,4.535439460200228e-18,72.0,179.0,kWh/month,190.0,a-c,,,,,,,,,,,,,,,,,,,,,,,,,,,,,,,,,,,,,,,,,,,,,,,,6.8,,,,,,
later_cohorts,Exclude February–June 2021 adoption cohorts,grid_import_kwh,Public-grid purchases,13.0,Event-time effect,-36.41662518507216,3.1380818946990003,-42.67378276676367,-30.15946760338066,4.631816680151895e-18,72.0,177.0,kWh/month,190.0,a-c,,,,,,,,,,,,,,,,,,,,,,,,,,,,,,,,,,,,,,,,,,,,,,,,6.8,,,,,,
later_cohorts,Exclude February–June 2021 adoption cohorts,grid_import_kwh,Public-grid purchases,14.0,Event-time effect,-36.845905720985066,2.931704604852486,-42.69155867431317,-31.00025276765697,1.0027234030044272e-19,72.0,177.0,kWh/month,190.0,a-c,,,,,,,,,,,,,,,,,,,,,,,,,,,,,,,,,,,,,,,,,,,,,,,,6.8,,,,,,
later_cohorts,Exclude February–June 2021 adoption cohorts,grid_import_kwh,Public-grid purchases,15.0,Event-time effect,-36.41570462743417,2.8512040001214385,-42.10084393385122,-30.730565321017107,4.518132882362963e-20,72.0,177.0,kWh/month,190.0,a-c,,,,,,,,,,,,,,,,,,,,,,,,,,,,,,,,,,,,,,,,,,,,,,,,6.8,,,,,,
later_cohorts,Exclude February–June 2021 adoption cohorts,grid_import_kwh,Public-grid purchases,16.0,Event-time effect,-35.1771644499486,2.8852033947288303,-40.93009662375383,-29.424232276143364,4.414553748032426e-19,72.0,176.0,kWh/month,190.0,a-c,,,,,,,,,,,,,,,,,,,,,,,,,,,,,,,,,,,,,,,,,,,,,,,,6.8,,,,,,
later_cohorts,Exclude February–June 2021 adoption cohorts,grid_import_kwh,Public-grid purchases,17.0,Event-time effect,-33.705943931222855,3.1561962033794804,-39.999220418570914,-27.412667443874795,2.0294776392500976e-16,72.0,175.0,kWh/month,190.0,a-c,,,,,,,,,,,,,,,,,,,,,,,,,,,,,,,,,,,,,,,,,,,,,,,,6.8,,,,,,
later_cohorts,Exclude February–June 2021 adoption cohorts,grid_import_kwh,Public-grid purchases,18.0,Event-time effect,-33.463081048994866,2.896601983248656,-39.23874136278201,-27.687420735207724,5.71876401605167e-18,72.0,175.0,kWh/month,190.0,a-c,,,,,,,,,,,,,,,,,,,,,,,,,,,,,,,,,,,,,,,,,,,,,,,,6.8,,,,,,
later_cohorts,Exclude February–June 2021 adoption cohorts,grid_import_kwh,Public-grid purchases,19.0,Event-time effect,-36.0853518183738,2.676162337087073,-41.421467961686815,-30.74923567506077,2.9111092797521528e-21,72.0,172.0,kWh/month,190.0,a-c,,,,,,,,,,,,,,,,,,,,,,,,,,,,,,,,,,,,,,,,,,,,,,,,6.8,,,,,,
later_cohorts,Exclude February–June 2021 adoption cohorts,grid_import_kwh,Public-grid purchases,20.0,Event-time effect,-41.04114075972369,2.950147011279997,-46.92356682703503,-35.158714692412346,5.783826830478892e-22,72.0,168.0,kWh/month,190.0,a-c,,,,,,,,,,,,,,,,,,,,,,,,,,,,,,,,,,,,,,,,,,,,,,,,6.8,,,,,,
later_cohorts,Exclude February–June 2021 adoption cohorts,grid_import_kwh,Public-grid purchases,21.0,Event-time effect,-42.45610904265506,3.036178690512465,-48.5100774061966,-36.40214067911352,4.4185070409770945e-22,72.0,164.0,kWh/month,190.0,a-c,,,,,,,,,,,,,,,,,,,,,,,,,,,,,,,,,,,,,,,,,,,,,,,,6.8,,,,,,
later_cohorts,Exclude February–June 2021 adoption cohorts,grid_import_kwh,Public-grid purchases,22.0,Event-time effect,-37.81297720812448,2.54770667441369,-42.8942179494823,-32.73173646676666,2.6030822794427202e-23,71.0,156.0,kWh/month,190.0,a-c,,,,,,,,,,,,,,,,,,,,,,,,,,,,,,,,,,,,,,,,,,,,,,,,6.8,,,,,,
later_cohorts,Exclude February–June 2021 adoption cohorts,grid_import_kwh,Public-grid purchases,23.0,Event-time effect,-33.838651809507155,2.4517103742431905,-38.7284339672122,-28.94886965180212,1.172068577702359e-21,71.0,153.0,kWh/month,190.0,a-c,,,,,,,,,,,,,,,,,,,,,,,,,,,,,,,,,,,,,,,,,,,,,,,,6.8,,,,,,
later_cohorts,Exclude February–June 2021 adoption cohorts,grid_import_kwh,Public-grid purchases,24.0,Event-time effect,-31.12903445071945,2.743075617944104,-36.60132057802949,-25.656748323409403,1.962119998059929e-17,70.0,148.0,kWh/month,190.0,a-c,,,,,,,,,,,,,,,,,,,,,,,,,,,,,,,,,,,,,,,,,,,,,,,,6.8,,,,,,
exclude_matched_controls,Exclude PPPAP matched-control households,electricity_bill_rmb,Actual monthly electricity bill,-12.0,Withheld-lead placebo,1.6028095943007274,2.2645304770925394,-2.952838111042129,6.158457299643584,0.4825716485169805,48.0,88.0,RMB/month,450.0,a-c,,,,,,,,,,,,,,,,,,,,,,,,,,,,,,,,,,,,,,,,,,,,,,,,6.8,,,,,,
exclude_matched_controls,Exclude PPPAP matched-control households,electricity_bill_rmb,Actual monthly electricity bill,-11.0,Withheld-lead placebo,1.811261747516004,2.072755784694519,-2.358585039621692,5.981108534653698,0.3866473256700103,48.0,91.0,RMB/month,450.0,a-c,,,,,,,,,,,,,,,,,,,,,,,,,,,,,,,,,,,,,,,,,,,,,,,,6.8,,,,,,
exclude_matched_controls,Exclude PPPAP matched-control households,electricity_bill_rmb,Actual monthly electricity bill,-10.0,Withheld-lead placebo,2.0089958292189727,1.0723975779741954,-0.1483898252173916,4.1663814836553374,0.0672433350151768,48.0,97.0,RMB/month,450.0,a-c,,,,,,,,,,,,,,,,,,,,,,,,,,,,,,,,,,,,,,,,,,,,,,,,6.8,,,,,,
exclude_matched_controls,Exclude PPPAP matched-control households,electricity_bill_rmb,Actual monthly electricity bill,-9.0,Withheld-lead placebo,3.878667143654965,1.88822627670378,0.0800458437208608,7.6772884435890685,0.0455479483017004,48.0,97.0,RMB/month,450.0,a-c,,,,,,,,,,,,,,,,,,,,,,,,,,,,,,,,,,,,,,,,,,,,,,,,6.8,,,,,,
exclude_matched_controls,Exclude PPPAP matched-control households,electricity_bill_rmb,Actual monthly electricity bill,-8.0,Withheld-lead placebo,4.597159879580561,2.190831817133108,0.192197279943679,9.002122479217443,0.0411603583816918,49.0,98.0,RMB/month,450.0,a-c,,,,,,,,,,,,,,,,,,,,,,,,,,,,,,,,,,,,,,,,,,,,,,,,6.8,,,,,,
exclude_matched_controls,Exclude PPPAP matched-control households,electricity_bill_rmb,Actual monthly electricity bill,-7.0,Withheld-lead placebo,4.615110649086876,2.331274656851533,-0.0722312055473208,9.302452503721074,0.0534926651475539,49.0,99.0,RMB/month,450.0,a-c,,,,,,,,,,,,,,,,,,,,,,,,,,,,,,,,,,,,,,,,,,,,,,,,6.8,,,,,,
exclude_matched_controls,Exclude PPPAP matched-control households,electricity_bill_rmb,Actual monthly electricity bill,-6.0,Withheld-lead placebo,1.1275608412599023,1.9261340303752104,-2.745191188055344,5.000312870575148,0.5610203641081875,49.0,99.0,RMB/month,450.0,a-c,,,,,,,,,,,,,,,,,,,,,,,,,,,,,,,,,,,,,,,,,,,,,,,,6.8,,,,,,
exclude_matched_controls,Exclude PPPAP matched-control households,electricity_bill_rmb,Actual monthly electricity bill,-5.0,Withheld-lead placebo,-1.9033241816507545,1.03026179258119,-3.960899063182548,0.1542506998810393,0.0692381382602821,66.0,167.0,RMB/month,450.0,a-c,,,,,,,,,,,,,,,,,,,,,,,,,,,,,,,,,,,,,,,,,,,,,,,,6.8,,,,,,
exclude_matched_controls,Exclude PPPAP matched-control households,electricity_bill_rmb,Actual monthly electricity bill,-4.0,Withheld-lead placebo,-2.12631410813661,0.7715899328314473,-3.665593906981608,-0.5870343092916128,0.0074836306505396,70.0,242.0,RMB/month,450.0,a-c,,,,,,,,,,,,,,,,,,,,,,,,,,,,,,,,,,,,,,,,,,,,,,,,6.8,,,,,,
exclude_matched_controls,Exclude PPPAP matched-control households,electricity_bill_rmb,Actual monthly electricity bill,-3.0,Withheld-lead placebo,-1.7840715437098529,0.6962634075219176,-3.1723813474117764,-0.3957617400079292,0.0125190463386599,72.0,303.0,RMB/month,450.0,a-c,,,,,,,,,,,,,,,,,,,,,,,,,,,,,,,,,,,,,,,,,,,,,,,,6.8,,,,,,
exclude_matched_controls,Exclude PPPAP matched-control households,electricity_bill_rmb,Actual monthly electricity bill,-2.0,Withheld-lead placebo,-0.9157846683423376,0.4539535156261624,-1.8205127202728744,-0.0110566164118006,0.0473358528575231,74.0,384.0,RMB/month,450.0,a-c,,,,,,,,,,,,,,,,,,,,,,,,,,,,,,,,,,,,,,,,,,,,,,,,6.8,,,,,,
exclude_matched_controls,Exclude PPPAP matched-control households,electricity_bill_rmb,Actual monthly electricity bill,-1.0,Reference month,0.0,0.0,0.0,0.0,,,,RMB/month,450.0,a-c,,,,,,,,,,,,,,,,,,,,,,,,,,,,,,,,,,,,,,,,,,,,,,,,6.8,,,,,,
exclude_matched_controls,Exclude PPPAP matched-control households,electricity_bill_rmb,Actual monthly electricity bill,0.0,Partial connection month,-11.803565508097396,0.6828723117537433,-13.164218290921482,-10.44291272527331,1.0726365206186649e-27,75.0,450.0,RMB/month,450.0,a-c,,,,,,,,,,,,,,,,,,,,,,,,,,,,,,,,,,,,,,,,,,,,,,,,6.8,,,,,,
exclude_matched_controls,Exclude PPPAP matched-control households,electricity_bill_rmb,Actual monthly electricity bill,1.0,Event-time effect,-20.6622586754814,0.98962467138063,-22.63412887711144,-18.69038847385136,9.609295123694654e-33,75.0,449.0,RMB/month,450.0,a-c,,,,,,,,,,,,,,,,,,,,,,,,,,,,,,,,,,,,,,,,,,,,,,,,6.8,,,,,,
exclude_matched_controls,Exclude PPPAP matched-control households,electricity_bill_rmb,Actual monthly electricity bill,2.0,Event-time effect,-20.50626327748434,0.9229865414724076,-22.34535410683473,-18.66717244813395,1.8076409666749238e-34,75.0,448.0,RMB/month,450.0,a-c,,,,,,,,,,,,,,,,,,,,,,,,,,,,,,,,,,,,,,,,,,,,,,,,6.8,,,,,,
exclude_matched_controls,Exclude PPPAP matched-control households,electricity_bill_rmb,Actual monthly electricity bill,3.0,Event-time effect,-19.593899756358184,0.8473797832167624,-21.28234083135457,-17.905458681361797,1.3572793064237208e-35,75.0,448.0,RMB/month,450.0,a-c,,,,,,,,,,,,,,,,,,,,,,,,,,,,,,,,,,,,,,,,,,,,,,,,6.8,,,,,,
exclude_matched_controls,Exclude PPPAP matched-control households,electricity_bill_rmb,Actual monthly electricity bill,4.0,Event-time effect,-19.73624797240933,0.9471569657990287,-21.62349942352749,-17.848996521291166,1.0901746441820272e-32,75.0,445.0,RMB/month,450.0,a-c,,,,,,,,,,,,,,,,,,,,,,,,,,,,,,,,,,,,,,,,,,,,,,,,6.8,,,,,,
exclude_matched_controls,Exclude PPPAP matched-control households,electricity_bill_rmb,Actual monthly electricity bill,5.0,Event-time effect,-18.78798139832282,0.8981183448235445,-20.57752126420364,-16.998441532442,8.500907376923975e-33,75.0,443.0,RMB/month,450.0,a-c,,,,,,,,,,,,,,,,,,,,,,,,,,,,,,,,,,,,,,,,,,,,,,,,6.8,,,,,,
exclude_matched_controls,Exclude PPPAP matched-control households,electricity_bill_rmb,Actual monthly electricity bill,6.0,Event-time effect,-17.480419793940786,0.91948353184456,-19.31253072424365,-15.64830886363792,3.3650760279572015e-30,75.0,443.0,RMB/month,450.0,a-c,,,,,,,,,,,,,,,,,,,,,,,,,,,,,,,,,,,,,,,,,,,,,,,,6.8,,,,,,
exclude_matched_controls,Exclude PPPAP matched-control households,electricity_bill_rmb,Actual monthly electricity bill,7.0,Event-time effect,-18.2738863925066,0.8439303134955802,-19.955454249048216,-16.59231853596497,9.434736935631353e-34,75.0,442.0,RMB/month,450.0,a-c,,,,,,,,,,,,,,,,,,,,,,,,,,,,,,,,,,,,,,,,,,,,,,,,6.8,,,,,,
exclude_matched_controls,Exclude PPPAP matched-control households,electricity_bill_rmb,Actual monthly electricity bill,8.0,Event-time effect,-19.05439239076876,0.904496756683166,-20.85664151971005,-17.252143261827467,5.449138241141392e-33,75.0,438.0,RMB/month,450.0,a-c,,,,,,,,,,,,,,,,,,,,,,,,,,,,,,,,,,,,,,,,,,,,,,,,6.8,,,,,,
exclude_matched_controls,Exclude PPPAP matched-control households,electricity_bill_rmb,Actual monthly electricity bill,9.0,Event-time effect,-18.94350319930137,0.8621275221766835,-20.66132978563098,-17.22567661297177,3.6840217064292524e-34,75.0,438.0,RMB/month,450.0,a-c,,,,,,,,,,,,,,,,,,,,,,,,,,,,,,,,,,,,,,,,,,,,,,,,6.8,,,,,,
exclude_matched_controls,Exclude PPPAP matched-control households,electricity_bill_rmb,Actual monthly electricity bill,10.0,Event-time effect,-17.63147362396129,0.7814918462226725,-19.18863011868921,-16.074317129233368,6.69886873566342e-35,75.0,436.0,RMB/month,450.0,a-c,,,,,,,,,,,,,,,,,,,,,,,,,,,,,,,,,,,,,,,,,,,,,,,,6.8,,,,,,
exclude_matched_controls,Exclude PPPAP matched-control households,electricity_bill_rmb,Actual monthly electricity bill,11.0,Event-time effect,-17.085747093810863,0.7750237945127547,-18.63001571417769,-15.54147847344403,2.9807941435351068e-34,75.0,433.0,RMB/month,450.0,a-c,,,,,,,,,,,,,,,,,,,,,,,,,,,,,,,,,,,,,,,,,,,,,,,,6.8,,,,,,
exclude_matched_controls,Exclude PPPAP matched-control households,electricity_bill_rmb,Actual monthly electricity bill,12.0,Event-time effect,-18.31490785414505,0.922848534571738,-20.153723698743228,-16.476092009546882,2.340188615277054e-31,75.0,433.0,RMB/month,450.0,a-c,,,,,,,,,,,,,,,,,,,,,,,,,,,,,,,,,,,,,,,,,,,,,,,,6.8,,,,,,
exclude_matched_controls,Exclude PPPAP matched-control households,electricity_bill_rmb,Actual monthly electricity bill,13.0,Event-time effect,-20.89811942400948,1.0701735039574891,-23.03048667803496,-18.765752169984,6.406376043562095e-31,75.0,430.0,RMB/month,450.0,a-c,,,,,,,,,,,,,,,,,,,,,,,,,,,,,,,,,,,,,,,,,,,,,,,,6.8,,,,,,
exclude_matched_controls,Exclude PPPAP matched-control households,electricity_bill_rmb,Actual monthly electricity bill,14.0,Event-time effect,-23.7172634991355,1.18151688125901,-26.0714872753346,-21.3630397229364,1.146993718226771e-31,75.0,430.0,RMB/month,450.0,a-c,,,,,,,,,,,,,,,,,,,,,,,,,,,,,,,,,,,,,,,,,,,,,,,,6.8,,,,,,
exclude_matched_controls,Exclude PPPAP matched-control households,electricity_bill_rmb,Actual monthly electricity bill,15.0,Event-time effect,-23.96144007755112,1.1162340906373625,-26.1855850539498,-21.73729510115244,1.6431833174460822e-33,75.0,430.0,RMB/month,450.0,a-c,,,,,,,,,,,,,,,,,,,,,,,,,,,,,,,,,,,,,,,,,,,,,,,,6.8,,,,,,
exclude_matched_controls,Exclude PPPAP matched-control households,electricity_bill_rmb,Actual monthly electricity bill,16.0,Event-time effect,-23.868095949327788,1.1627052819206274,-26.184836795631245,-21.55135510302433,2.806318026826217e-32,75.0,428.0,RMB/month,450.0,a-c,,,,,,,,,,,,,,,,,,,,,,,,,,,,,,,,,,,,,,,,,,,,,,,,6.8,,,,,,
exclude_matched_controls,Exclude PPPAP matched-control households,electricity_bill_rmb,Actual monthly electricity bill,17.0,Event-time effect,-23.107937772190407,1.2254279849320004,-25.549656332379342,-20.666219212001472,5.5511368980750624e-30,75.0,426.0,RMB/month,450.0,a-c,,,,,,,,,,,,,,,,,,,,,,,,,,,,,,,,,,,,,,,,,,,,,,,,6.8,,,,,,
exclude_matched_controls,Exclude PPPAP matched-control households,electricity_bill_rmb,Actual monthly electricity bill,18.0,Event-time effect,-20.62192514331888,1.0451462953272754,-22.70442459558569,-18.539425691052067,3.362145508022285e-31,75.0,426.0,RMB/month,450.0,a-c,,,,,,,,,,,,,,,,,,,,,,,,,,,,,,,,,,,,,,,,,,,,,,,,6.8,,,,,,
exclude_matched_controls,Exclude PPPAP matched-control households,electricity_bill_rmb,Actual monthly electricity bill,19.0,Event-time effect,-18.63663996106441,0.9364299595693708,-20.502517385696912,-16.770762536431924,1.9640585915771827e-31,75.0,423.0,RMB/month,450.0,a-c,,,,,,,,,,,,,,,,,,,,,,,,,,,,,,,,,,,,,,,,,,,,,,,,6.8,,,,,,
exclude_matched_controls,Exclude PPPAP matched-control households,electricity_bill_rmb,Actual monthly electricity bill,20.0,Event-time effect,-19.49774028022698,0.9716036424612668,-21.43370279790728,-17.561777762546683,1.1686281833452383e-31,75.0,419.0,RMB/month,450.0,a-c,,,,,,,,,,,,,,,,,,,,,,,,,,,,,,,,,,,,,,,,,,,,,,,,6.8,,,,,,
exclude_matched_controls,Exclude PPPAP matched-control households,electricity_bill_rmb,Actual monthly electricity bill,21.0,Event-time effect,-19.12483332032611,0.986135915817858,-21.08975202475328,-17.15991461589895,9.824520008999833e-31,75.0,415.0,RMB/month,450.0,a-c,,,,,,,,,,,,,,,,,,,,,,,,,,,,,,,,,,,,,,,,,,,,,,,,6.8,,,,,,
exclude_matched_controls,Exclude PPPAP matched-control households,electricity_bill_rmb,Actual monthly electricity bill,22.0,Event-time effect,-17.798892585525607,0.9260268235317562,-19.64404130911687,-15.953743861934344,1.7108261296928623e-30,75.0,406.0,RMB/month,450.0,a-c,,,,,,,,,,,,,,,,,,,,,,,,,,,,,,,,,,,,,,,,,,,,,,,,6.8,,,,,,
exclude_matched_controls,Exclude PPPAP matched-control households,electricity_bill_rmb,Actual monthly electricity bill,23.0,Event-time effect,-16.5918050680781,0.9215024073045752,-18.4279386955464,-14.755671440609795,9.281067041983331e-29,75.0,403.0,RMB/month,450.0,a-c,,,,,,,,,,,,,,,,,,,,,,,,,,,,,,,,,,,,,,,,,,,,,,,,6.8,,,,,,
exclude_matched_controls,Exclude PPPAP matched-control households,electricity_bill_rmb,Actual monthly electricity bill,24.0,Event-time effect,-16.922608131891803,0.9557571669404036,-18.82699585785146,-15.018220405932146,2.546818413491314e-28,75.0,398.0,RMB/month,450.0,a-c,,,,,,,,,,,,,,,,,,,,,,,,,,,,,,,,,,,,,,,,,,,,,,,,6.8,,,,,,
exclude_matched_controls,Exclude PPPAP matched-control households,bill_income_ratio_current_pct,Electricity-bill-to-income ratio,-12.0,Withheld-lead placebo,0.0545409074800862,0.1285148105203486,-0.2041459890122879,0.3132278039724603,0.6732568883694799,47.0,83.0,percentage points,450.0,a-c,,,,,,,,,,,,,,,,,,,,,,,,,,,,,,,,,,,,,,,,,,,,,,,,6.8,,,,,,
exclude_matched_controls,Exclude PPPAP matched-control households,bill_income_ratio_current_pct,Electricity-bill-to-income ratio,-11.0,Withheld-lead placebo,0.1855239212607948,0.1647564029674364,-0.145923209485184,0.5169710520067737,0.2658614528343048,48.0,86.0,percentage points,450.0,a-c,,,,,,,,,,,,,,,,,,,,,,,,,,,,,,,,,,,,,,,,,,,,,,,,6.8,,,,,,
exclude_matched_controls,Exclude PPPAP matched-control households,bill_income_ratio_current_pct,Electricity-bill-to-income ratio,-10.0,Withheld-lead placebo,0.4148222613722392,0.1653388485628523,0.0822034012249187,0.7474411215195597,0.015616597335877,48.0,93.0,percentage points,450.0,a-c,,,,,,,,,,,,,,,,,,,,,,,,,,,,,,,,,,,,,,,,,,,,,,,,6.8,,,,,,
exclude_matched_controls,Exclude PPPAP matched-control households,bill_income_ratio_current_pct,Electricity-bill-to-income ratio,-9.0,Withheld-lead placebo,0.4610843724182032,0.2014769037283004,0.0557651226071497,0.8664036222292568,0.0266481052661663,48.0,93.0,percentage points,450.0,a-c,,,,,,,,,,,,,,,,,,,,,,,,,,,,,,,,,,,,,,,,,,,,,,,,6.8,,,,,,
exclude_matched_controls,Exclude PPPAP matched-control households,bill_income_ratio_current_pct,Electricity-bill-to-income ratio,-8.0,Withheld-lead placebo,0.3242404303356501,0.1314851259903509,0.0598718659088493,0.588608994762451,0.0172882571567388,49.0,94.0,percentage points,450.0,a-c,,,,,,,,,,,,,,,,,,,,,,,,,,,,,,,,,,,,,,,,,,,,,,,,6.8,,,,,,
exclude_matched_controls,Exclude PPPAP matched-control households,bill_income_ratio_current_pct,Electricity-bill-to-income ratio,-7.0,Withheld-lead placebo,0.1148488784991971,0.1232615764806062,-0.1329851314522672,0.3626828884506616,0.3561291672776386,49.0,96.0,percentage points,450.0,a-c,,,,,,,,,,,,,,,,,,,,,,,,,,,,,,,,,,,,,,,,,,,,,,,,6.8,,,,,,
exclude_matched_controls,Exclude PPPAP matched-control households,bill_income_ratio_current_pct,Electricity-bill-to-income ratio,-6.0,Withheld-lead placebo,-0.1469767809811012,0.0994984907134789,-0.3471419258043716,0.0531883638421691,0.1462983303924545,48.0,95.0,percentage points,450.0,a-c,,,,,,,,,,,,,,,,,,,,,,,,,,,,,,,,,,,,,,,,,,,,,,,,6.8,,,,,,
exclude_matched_controls,Exclude PPPAP matched-control households,bill_income_ratio_current_pct,Electricity-bill-to-income ratio,-5.0,Withheld-lead placebo,-0.1975301675814044,0.0686293339607219,-0.3345924120620569,-0.0604679231007519,0.0054069083463774,66.0,159.0,percentage points,450.0,a-c,,,,,,,,,,,,,,,,,,,,,,,,,,,,,,,,,,,,,,,,,,,,,,,,6.8,,,,,,
exclude_matched_controls,Exclude PPPAP matched-control households,bill_income_ratio_current_pct,Electricity-bill-to-income ratio,-4.0,Withheld-lead placebo,-0.0584182133456044,0.0493978344386457,-0.1569641966752072,0.0401277699839983,0.2410241363010334,70.0,234.0,percentage points,450.0,a-c,,,,,,,,,,,,,,,,,,,,,,,,,,,,,,,,,,,,,,,,,,,,,,,,6.8,,,,,,
exclude_matched_controls,Exclude PPPAP matched-control households,bill_income_ratio_current_pct,Electricity-bill-to-income ratio,-3.0,Withheld-lead placebo,-0.0451887359459377,0.0463440000164061,-0.1375960474180882,0.0472185755262128,0.3328350883764944,72.0,293.0,percentage points,450.0,a-c,,,,,,,,,,,,,,,,,,,,,,,,,,,,,,,,,,,,,,,,,,,,,,,,6.8,,,,,,
exclude_matched_controls,Exclude PPPAP matched-control households,bill_income_ratio_current_pct,Electricity-bill-to-income ratio,-2.0,Withheld-lead placebo,-0.0278555697725296,0.0364903826979427,-0.1005807976121505,0.0448696580670912,0.4477043539582827,74.0,373.0,percentage points,450.0,a-c,,,,,,,,,,,,,,,,,,,,,,,,,,,,,,,,,,,,,,,,,,,,,,,,6.8,,,,,,
exclude_matched_controls,Exclude PPPAP matched-control households,bill_income_ratio_current_pct,Electricity-bill-to-income ratio,-1.0,Reference month,0.0,0.0,0.0,0.0,,,,percentage points,450.0,a-c,,,,,,,,,,,,,,,,,,,,,,,,,,,,,,,,,,,,,,,,,,,,,,,,6.8,,,,,,
exclude_matched_controls,Exclude PPPAP matched-control households,bill_income_ratio_current_pct,Electricity-bill-to-income ratio,0.0,Partial connection month,-0.6411272203732948,0.0485772830366927,-0.73791956970162,-0.5443348710449697,3.934860927900232e-21,75.0,437.0,percentage points,450.0,a-c,,,,,,,,,,,,,,,,,,,,,,,,,,,,,,,,,,,,,,,,,,,,,,,,6.8,,,,,,
exclude_matched_controls,Exclude PPPAP matched-control households,bill_income_ratio_current_pct,Electricity-bill-to-income ratio,1.0,Event-time effect,-1.1243264134158844,0.0664513559002896,-1.2567336303609595,-0.9919191964708092,3.807270486154733e-27,75.0,432.0,percentage points,450.0,a-c,,,,,,,,,,,,,,,,,,,,,,,,,,,,,,,,,,,,,,,,,,,,,,,,6.8,,,,,,
exclude_matched_controls,Exclude PPPAP matched-control households,bill_income_ratio_current_pct,Electricity-bill-to-income ratio,2.0,Event-time effect,-1.1236699704826236,0.0648499301829086,-1.2528862770315157,-0.9944536639337316,9.28143278529486e-28,75.0,428.0,percentage points,450.0,a-c,,,,,,,,,,,,,,,,,,,,,,,,,,,,,,,,,,,,,,,,,,,,,,,,6.8,,,,,,
exclude_matched_controls,Exclude PPPAP matched-control households,bill_income_ratio_current_pct,Electricity-bill-to-income ratio,3.0,Event-time effect,-1.113077993487343,0.066748514113134,-1.2460773110964607,-0.9800786758782252,8.942936493630117e-27,75.0,430.0,percentage points,450.0,a-c,,,,,,,,,,,,,,,,,,,,,,,,,,,,,,,,,,,,,,,,,,,,,,,,6.8,,,,,,
exclude_matched_controls,Exclude PPPAP matched-control households,bill_income_ratio_current_pct,Electricity-bill-to-income ratio,4.0,Event-time effect,-1.1651531234043797,0.0698389096270284,-1.304310188492244,-1.025996058316515,8.702771198793679e-27,75.0,426.0,percentage points,450.0,a-c,,,,,,,,,,,,,,,,,,,,,,,,,,,,,,,,,,,,,,,,,,,,,,,,6.8,,,,,,
exclude_matched_controls,Exclude PPPAP matched-control households,bill_income_ratio_current_pct,Electricity-bill-to-income ratio,5.0,Event-time effect,-1.132956645053473,0.0705438233171979,-1.2735502821739302,-0.9923630079330156,1.1534726875485978e-25,74.0,419.0,percentage points,450.0,a-c,,,,,,,,,,,,,,,,,,,,,,,,,,,,,,,,,,,,,,,,,,,,,,,,6.8,,,,,,
exclude_matched_controls,Exclude PPPAP matched-control households,bill_income_ratio_current_pct,Electricity-bill-to-income ratio,6.0,Event-time effect,-1.055571878432068,0.0679273051895422,-1.1909508024442688,-0.9201929544198671,7.4712344932825305e-25,74.0,418.0,percentage points,450.0,a-c,,,,,,,,,,,,,,,,,,,,,,,,,,,,,,,,,,,,,,,,,,,,,,,,6.8,,,,,,
exclude_matched_controls,Exclude PPPAP matched-control households,bill_income_ratio_current_pct,Electricity-bill-to-income ratio,7.0,Event-time effect,-1.0650309940249012,0.0706150953589521,-1.2057666761197308,-0.9242953119300716,3.9699764131269934e-24,74.0,420.0,percentage points,450.0,a-c,,,,,,,,,,,,,,,,,,,,,,,,,,,,,,,,,,,,,,,,,,,,,,,,6.8,,,,,,
exclude_matched_controls,Exclude PPPAP matched-control households,bill_income_ratio_current_pct,Electricity-bill-to-income ratio,8.0,Event-time effect,-1.1138338444712743,0.0796342705746125,-1.2725447168488124,-0.9551229720937368,2.412777657988347e-22,74.0,417.0,percentage points,450.0,a-c,,,,,,,,,,,,,,,,,,,,,,,,,,,,,,,,,,,,,,,,,,,,,,,,6.8,,,,,,
exclude_matched_controls,Exclude PPPAP matched-control households,bill_income_ratio_current_pct,Electricity-bill-to-income ratio,9.0,Event-time effect,-1.0780323702615455,0.0783293094339231,-1.2341424588362917,-0.9219222816867998,5.695809702473001e-22,74.0,415.0,percentage points,450.0,a-c,,,,,,,,,,,,,,,,,,,,,,,,,,,,,,,,,,,,,,,,,,,,,,,,6.8,,,,,,
exclude_matched_controls,Exclude PPPAP matched-control households,bill_income_ratio_current_pct,Electricity-bill-to-income ratio,10.0,Event-time effect,-0.9958097361468176,0.0736322163498258,-1.1425585317049207,-0.8490609405887147,1.4324200204700337e-21,74.0,411.0,percentage points,450.0,a-c,,,,,,,,,,,,,,,,,,,,,,,,,,,,,,,,,,,,,,,,,,,,,,,,6.8,,,,,,
exclude_matched_controls,Exclude PPPAP matched-control households,bill_income_ratio_current_pct,Electricity-bill-to-income ratio,11.0,Event-time effect,-0.981295510044333,0.072341901491738,-1.1254398952907154,-0.8371511247979506,9.302101244187045e-22,75.0,411.0,percentage points,450.0,a-c,,,,,,,,,,,,,,,,,,,,,,,,,,,,,,,,,,,,,,,,,,,,,,,,6.8,,,,,,
exclude_matched_controls,Exclude PPPAP matched-control households,bill_income_ratio_current_pct,Electricity-bill-to-income ratio,12.0,Event-time effect,-1.0788042908242208,0.0827038117385083,-1.2435952329304538,-0.9140133487179876,7.2448957530055e-21,75.0,412.0,percentage points,450.0,a-c,,,,,,,,,,,,,,,,,,,,,,,,,,,,,,,,,,,,,,,,,,,,,,,,6.8,,,,,,
exclude_matched_controls,Exclude PPPAP matched-control households,bill_income_ratio_current_pct,Electricity-bill-to-income ratio,13.0,Event-time effect,-1.1557592465977289,0.0893777124317743,-1.3338482261178126,-0.9776702670776451,1.1363561805262091e-20,75.0,407.0,percentage points,450.0,a-c,,,,,,,,,,,,,,,,,,,,,,,,,,,,,,,,,,,,,,,,,,,,,,,,6.8,,,,,,
exclude_matched_controls,Exclude PPPAP matched-control households,bill_income_ratio_current_pct,Electricity-bill-to-income ratio,14.0,Event-time effect,-1.2862275930044875,0.0985941751282686,-1.482680775319049,-1.0897744106899263,7.202258413259971e-21,75.0,405.0,percentage points,450.0,a-c,,,,,,,,,,,,,,,,,,,,,,,,,,,,,,,,,,,,,,,,,,,,,,,,6.8,,,,,,
exclude_matched_controls,Exclude PPPAP matched-control households,bill_income_ratio_current_pct,Electricity-bill-to-income ratio,15.0,Event-time effect,-1.2885812447216405,0.0922215423990775,-1.472336679144475,-1.104825810298806,1.9062485275177496e-22,75.0,402.0,percentage points,450.0,a-c,,,,,,,,,,,,,,,,,,,,,,,,,,,,,,,,,,,,,,,,,,,,,,,,6.8,,,,,,
exclude_matched_controls,Exclude PPPAP matched-control households,bill_income_ratio_current_pct,Electricity-bill-to-income ratio,16.0,Event-time effect,-1.3400993473273797,0.0915222256762557,-1.5224613627630843,-1.157737331891675,1.4796162918155522e-23,75.0,400.0,percentage points,450.0,a-c,,,,,,,,,,,,,,,,,,,,,,,,,,,,,,,,,,,,,,,,,,,,,,,,6.8,,,,,,
exclude_matched_controls,Exclude PPPAP matched-control households,bill_income_ratio_current_pct,Electricity-bill-to-income ratio,17.0,Event-time effect,-1.2973539613949316,0.0948308926061048,-1.4863086395994274,-1.108399283190436,5.914066285804988e-22,75.0,398.0,percentage points,450.0,a-c,,,,,,,,,,,,,,,,,,,,,,,,,,,,,,,,,,,,,,,,,,,,,,,,6.8,,,,,,
exclude_matched_controls,Exclude PPPAP matched-control households,bill_income_ratio_current_pct,Electricity-bill-to-income ratio,18.0,Event-time effect,-1.190948298409198,0.0851017304063423,-1.3605171977589967,-1.0213793990593991,1.752908140642063e-22,75.0,397.0,percentage points,450.0,a-c,,,,,,,,,,,,,,,,,,,,,,,,,,,,,,,,,,,,,,,,,,,,,,,,6.8,,,,,,
exclude_matched_controls,Exclude PPPAP matched-control households,bill_income_ratio_current_pct,Electricity-bill-to-income ratio,19.0,Event-time effect,-1.0328566236599523,0.0805016603766151,-1.1932596833946414,-0.8724535639252633,1.7008650963700002e-20,75.0,397.0,percentage points,450.0,a-c,,,,,,,,,,,,,,,,,,,,,,,,,,,,,,,,,,,,,,,,,,,,,,,,6.8,,,,,,
exclude_matched_controls,Exclude PPPAP matched-control households,bill_income_ratio_current_pct,Electricity-bill-to-income ratio,20.0,Event-time effect,-1.0765065817502038,0.0791813239842337,-1.2342788137948026,-0.9187343497056047,8.247888829183701e-22,75.0,391.0,percentage points,450.0,a-c,,,,,,,,,,,,,,,,,,,,,,,,,,,,,,,,,,,,,,,,,,,,,,,,6.8,,,,,,
exclude_matched_controls,Exclude PPPAP matched-control households,bill_income_ratio_current_pct,Electricity-bill-to-income ratio,21.0,Event-time effect,-1.0152436331980428,0.0748642172618586,-1.1644138423249712,-0.8660734240711144,9.432427963591049e-22,75.0,391.0,percentage points,450.0,a-c,,,,,,,,,,,,,,,,,,,,,,,,,,,,,,,,,,,,,,,,,,,,,,,,6.8,,,,,,
exclude_matched_controls,Exclude PPPAP matched-control households,bill_income_ratio_current_pct,Electricity-bill-to-income ratio,22.0,Event-time effect,-0.9768858385242754,0.0783539756863486,-1.1330095430996745,-0.8207621339488764,7.319405847103229e-20,75.0,380.0,percentage points,450.0,a-c,,,,,,,,,,,,,,,,,,,,,,,,,,,,,,,,,,,,,,,,,,,,,,,,6.8,,,,,,
exclude_matched_controls,Exclude PPPAP matched-control households,bill_income_ratio_current_pct,Electricity-bill-to-income ratio,23.0,Event-time effect,-0.8811614857165333,0.0747173553587352,-1.030039066113703,-0.7322839053193632,1.1505839536411864e-18,75.0,376.0,percentage points,450.0,a-c,,,,,,,,,,,,,,,,,,,,,,,,,,,,,,,,,,,,,,,,,,,,,,,,6.8,,,,,,
exclude_matched_controls,Exclude PPPAP matched-control households,bill_income_ratio_current_pct,Electricity-bill-to-income ratio,24.0,Event-time effect,-0.9140759722873834,0.0781149862192904,-1.0697234799547788,-0.758428464619988,1.6794271558249605e-18,75.0,372.0,percentage points,450.0,a-c,,,,,,,,,,,,,,,,,,,,,,,,,,,,,,,,,,,,,,,,,,,,,,,,6.8,,,,,,
exclude_matched_controls,Exclude PPPAP matched-control households,total_electricity_consumption_kwh,Total household electricity use,-12.0,Withheld-lead placebo,0.1214941043315869,2.49100745559888,-4.889766514099579,5.132754722762753,0.9613068115635048,48.0,88.0,kWh/month,450.0,a-c,,,,,,,,,,,,,,,,,,,,,,,,,,,,,,,,,,,,,,,,,,,,,,,,6.8,,,,,,
exclude_matched_controls,Exclude PPPAP matched-control households,total_electricity_consumption_kwh,Total household electricity use,-11.0,Withheld-lead placebo,0.2563142683239088,2.4538823421917755,-4.680260255389374,5.192888792037191,0.9172546986285032,48.0,91.0,kWh/month,450.0,a-c,,,,,,,,,,,,,,,,,,,,,,,,,,,,,,,,,,,,,,,,,,,,,,,,6.8,,,,,,
exclude_matched_controls,Exclude PPPAP matched-control households,total_electricity_consumption_kwh,Total household electricity use,-10.0,Withheld-lead placebo,4.530312797584815,1.71676405858332,1.0766289884176103,7.98399660675202,0.0112479025715754,48.0,97.0,kWh/month,450.0,a-c,,,,,,,,,,,,,,,,,,,,,,,,,,,,,,,,,,,,,,,,,,,,,,,,6.8,,,,,,
exclude_matched_controls,Exclude PPPAP matched-control households,total_electricity_consumption_kwh,Total household electricity use,-9.0,Withheld-lead placebo,5.102871234491767,1.946912580578097,1.1861883194526426,9.01955414953089,0.0117733972602757,48.0,97.0,kWh/month,450.0,a-c,,,,,,,,,,,,,,,,,,,,,,,,,,,,,,,,,,,,,,,,,,,,,,,,6.8,,,,,,
exclude_matched_controls,Exclude PPPAP matched-control households,total_electricity_consumption_kwh,Total household electricity use,-8.0,Withheld-lead placebo,4.553881177813701,2.2841543406399163,-0.0387189312551736,9.146481286882576,0.0518856056610168,49.0,98.0,kWh/month,450.0,a-c,,,,,,,,,,,,,,,,,,,,,,,,,,,,,,,,,,,,,,,,,,,,,,,,6.8,,,,,,
exclude_matched_controls,Exclude PPPAP matched-control households,total_electricity_consumption_kwh,Total household electricity use,-7.0,Withheld-lead placebo,5.308189150568503,2.3406603539989064,0.6019760870252631,10.014402214111744,0.0278795679681162,49.0,99.0,kWh/month,450.0,a-c,,,,,,,,,,,,,,,,,,,,,,,,,,,,,,,,,,,,,,,,,,,,,,,,6.8,,,,,,
exclude_matched_controls,Exclude PPPAP matched-control households,total_electricity_consumption_kwh,Total household electricity use,-6.0,Withheld-lead placebo,1.4508621282202878,1.8386520506995447,-2.245995592093289,5.147719848533865,0.4339397996165257,49.0,99.0,kWh/month,450.0,a-c,,,,,,,,,,,,,,,,,,,,,,,,,,,,,,,,,,,,,,,,,,,,,,,,6.8,,,,,,
exclude_matched_controls,Exclude PPPAP matched-control households,total_electricity_consumption_kwh,Total household electricity use,-5.0,Withheld-lead placebo,-2.530128688550352,1.653913426840788,-5.833221890492615,0.7729645133919103,0.1309228662493291,66.0,167.0,kWh/month,450.0,a-c,,,,,,,,,,,,,,,,,,,,,,,,,,,,,,,,,,,,,,,,,,,,,,,,6.8,,,,,,
exclude_matched_controls,Exclude PPPAP matched-control households,total_electricity_consumption_kwh,Total household electricity use,-4.0,Withheld-lead placebo,-3.600800322352136,1.3754843627363915,-6.3448165453448,-0.8567840993594706,0.0108669341343619,70.0,242.0,kWh/month,450.0,a-c,,,,,,,,,,,,,,,,,,,,,,,,,,,,,,,,,,,,,,,,,,,,,,,,6.8,,,,,,
exclude_matched_controls,Exclude PPPAP matched-control households,total_electricity_consumption_kwh,Total household electricity use,-3.0,Withheld-lead placebo,-2.802729297766713,1.2510679124638084,-5.297287864548395,-0.3081707309850303,0.0282044161178063,72.0,303.0,kWh/month,450.0,a-c,,,,,,,,,,,,,,,,,,,,,,,,,,,,,,,,,,,,,,,,,,,,,,,,6.8,,,,,,
exclude_matched_controls,Exclude PPPAP matched-control households,total_electricity_consumption_kwh,Total household electricity use,-2.0,Withheld-lead placebo,-1.195685006067565,0.8053385120064657,-2.800722345864864,0.4093523337297333,0.1419291679478886,74.0,384.0,kWh/month,450.0,a-c,,,,,,,,,,,,,,,,,,,,,,,,,,,,,,,,,,,,,,,,,,,,,,,,6.8,,,,,,
exclude_matched_controls,Exclude PPPAP matched-control households,total_electricity_consumption_kwh,Total household electricity use,-1.0,Reference month,0.0,0.0,0.0,0.0,,,,kWh/month,450.0,a-c,,,,,,,,,,,,,,,,,,,,,,,,,,,,,,,,,,,,,,,,,,,,,,,,6.8,,,,,,
exclude_matched_controls,Exclude PPPAP matched-control households,total_electricity_consumption_kwh,Total household electricity use,0.0,Partial connection month,-2.0970595220703685,0.8666605801441277,-3.823918423566283,-0.3702006205744541,0.0179895995719495,75.0,450.0,kWh/month,450.0,a-c,,,,,,,,,,,,,,,,,,,,,,,,,,,,,,,,,,,,,,,,,,,,,,,,6.8,,,,,,
exclude_matched_controls,Exclude PPPAP matched-control households,total_electricity_consumption_kwh,Total household electricity use,1.0,Event-time effect,-0.2066783662253847,1.0623438180626312,-2.323444630551756,1.9100878981009863,0.8462788316425824,75.0,449.0,kWh/month,450.0,a-c,,,,,,,,,,,,,,,,,,,,,,,,,,,,,,,,,,,,,,,,,,,,,,,,6.8,,,,,,
exclude_matched_controls,Exclude PPPAP matched-control households,total_electricity_consumption_kwh,Total household electricity use,2.0,Event-time effect,4.4005809756944005,1.0055023844422957,2.397073740184988,6.404088211203813,3.89621729500565e-05,75.0,448.0,kWh/month,450.0,a-c,,,,,,,,,,,,,,,,,,,,,,,,,,,,,,,,,,,,,,,,,,,,,,,,6.8,,,,,,
exclude_matched_controls,Exclude PPPAP matched-control households,total_electricity_consumption_kwh,Total household electricity use,3.0,Event-time effect,9.033186920336425,1.110644774801892,6.820178898848223,11.246194941824625,7.249482219426467e-12,75.0,448.0,kWh/month,450.0,a-c,,,,,,,,,,,,,,,,,,,,,,,,,,,,,,,,,,,,,,,,,,,,,,,,6.8,,,,,,
exclude_matched_controls,Exclude PPPAP matched-control households,total_electricity_consumption_kwh,Total household electricity use,4.0,Event-time effect,9.612097511565311,1.289008905135504,7.043691202407269,12.180503820723354,1.3699408057422494e-10,75.0,445.0,kWh/month,450.0,a-c,,,,,,,,,,,,,,,,,,,,,,,,,,,,,,,,,,,,,,,,,,,,,,,,6.8,,,,,,
exclude_matched_controls,Exclude PPPAP matched-control households,total_electricity_consumption_kwh,Total household electricity use,5.0,Event-time effect,9.303594078443004,1.2169430694098822,6.878782081484827,11.728406075401184,6.061346205220234e-11,75.0,443.0,kWh/month,450.0,a-c,,,,,,,,,,,,,,,,,,,,,,,,,,,,,,,,,,,,,,,,,,,,,,,,6.8,,,,,,
exclude_matched_controls,Exclude PPPAP matched-control households,total_electricity_consumption_kwh,Total household electricity use,6.0,Event-time effect,8.909618717507911,1.057945226690692,6.801616837807655,11.017620597208166,2.0637727139067504e-12,75.0,443.0,kWh/month,450.0,a-c,,,,,,,,,,,,,,,,,,,,,,,,,,,,,,,,,,,,,,,,,,,,,,,,6.8,,,,,,
exclude_matched_controls,Exclude PPPAP matched-control households,total_electricity_consumption_kwh,Total household electricity use,7.0,Event-time effect,8.05047625841463,0.9819963353305048,6.09380584816032,10.00714666866894,5.466727165959803e-12,75.0,442.0,kWh/month,450.0,a-c,,,,,,,,,,,,,,,,,,,,,,,,,,,,,,,,,,,,,,,,,,,,,,,,6.8,,,,,,
exclude_matched_controls,Exclude PPPAP matched-control households,total_electricity_consumption_kwh,Total household electricity use,8.0,Event-time effect,7.155623668991388,1.1152090342103502,4.933521162108546,9.37772617587423,1.1789442571858448e-08,75.0,438.0,kWh/month,450.0,a-c,,,,,,,,,,,,,,,,,,,,,,,,,,,,,,,,,,,,,,,,,,,,,,,,6.8,,,,,,
exclude_matched_controls,Exclude PPPAP matched-control households,total_electricity_consumption_kwh,Total household electricity use,9.0,Event-time effect,7.08282151406783,1.1759015653766915,4.739786499003428,9.425856529132233,6.101611232787693e-08,75.0,438.0,kWh/month,450.0,a-c,,,,,,,,,,,,,,,,,,,,,,,,,,,,,,,,,,,,,,,,,,,,,,,,6.8,,,,,,
exclude_matched_controls,Exclude PPPAP matched-control households,total_electricity_consumption_kwh,Total household electricity use,10.0,Event-time effect,8.646839612065667,1.1573342140583118,6.340800852093443,10.952878372037892,1.2872677039503749e-10,75.0,436.0,kWh/month,450.0,a-c,,,,,,,,,,,,,,,,,,,,,,,,,,,,,,,,,,,,,,,,,,,,,,,,6.8,,,,,,
exclude_matched_controls,Exclude PPPAP matched-control households,total_electricity_consumption_kwh,Total household electricity use,11.0,Event-time effect,8.651339433091575,1.147594518070132,6.364707441005637,10.937971425177514,9.615495899522003e-11,75.0,433.0,kWh/month,450.0,a-c,,,,,,,,,,,,,,,,,,,,,,,,,,,,,,,,,,,,,,,,,,,,,,,,6.8,,,,,,
exclude_matched_controls,Exclude PPPAP matched-control households,total_electricity_consumption_kwh,Total household electricity use,12.0,Event-time effect,7.351668731397598,1.180922314002839,4.998629656317227,9.704707806477968,2.6301267498212545e-08,75.0,433.0,kWh/month,450.0,a-c,,,,,,,,,,,,,,,,,,,,,,,,,,,,,,,,,,,,,,,,,,,,,,,,6.8,,,,,,
exclude_matched_controls,Exclude PPPAP matched-control households,total_electricity_consumption_kwh,Total household electricity use,13.0,Event-time effect,5.721436536402895,1.5782666192333656,2.576671650588252,8.86620142221754,0.0005273406968425,75.0,430.0,kWh/month,450.0,a-c,,,,,,,,,,,,,,,,,,,,,,,,,,,,,,,,,,,,,,,,,,,,,,,,6.8,,,,,,
exclude_matched_controls,Exclude PPPAP matched-control households,total_electricity_consumption_kwh,Total household electricity use,14.0,Event-time effect,6.954870887634869,1.902426288229513,3.1642037619619487,10.74553801330779,0.0004767587113432,75.0,430.0,kWh/month,450.0,a-c,,,,,,,,,,,,,,,,,,,,,,,,,,,,,,,,,,,,,,,,,,,,,,,,6.8,,,,,,
exclude_matched_controls,Exclude PPPAP matched-control households,total_electricity_consumption_kwh,Total household electricity use,15.0,Event-time effect,9.204396693235864,1.941383553644171,5.336105521770929,13.072687864700796,1.0061787747267235e-05,75.0,430.0,kWh/month,450.0,a-c,,,,,,,,,,,,,,,,,,,,,,,,,,,,,,,,,,,,,,,,,,,,,,,,6.8,,,,,,
exclude_matched_controls,Exclude PPPAP matched-control households,total_electricity_consumption_kwh,Total household electricity use,16.0,Event-time effect,9.895056981387889,2.0133458655103214,5.883377773515873,13.9067361892599,5.189658313032759e-06,75.0,428.0,kWh/month,450.0,a-c,,,,,,,,,,,,,,,,,,,,,,,,,,,,,,,,,,,,,,,,,,,,,,,,6.8,,,,,,
exclude_matched_controls,Exclude PPPAP matched-control households,total_electricity_consumption_kwh,Total household electricity use,17.0,Event-time effect,8.972155197835125,2.188160006020163,4.612151211424581,13.332159184245668,0.0001047012699141,75.0,426.0,kWh/month,450.0,a-c,,,,,,,,,,,,,,,,,,,,,,,,,,,,,,,,,,,,,,,,,,,,,,,,6.8,,,,,,
exclude_matched_controls,Exclude PPPAP matched-control households,total_electricity_consumption_kwh,Total household electricity use,18.0,Event-time effect,8.303038026049913,1.7353165148247591,4.845344392355795,11.760731659744032,8.529310484179817e-06,75.0,426.0,kWh/month,450.0,a-c,,,,,,,,,,,,,,,,,,,,,,,,,,,,,,,,,,,,,,,,,,,,,,,,6.8,,,,,,
exclude_matched_controls,Exclude PPPAP matched-control households,total_electricity_consumption_kwh,Total household electricity use,19.0,Event-time effect,7.914957429418476,1.3396443405903828,5.24565781271916,10.584257046117791,9.817113450784237e-08,75.0,423.0,kWh/month,450.0,a-c,,,,,,,,,,,,,,,,,,,,,,,,,,,,,,,,,,,,,,,,,,,,,,,,6.8,,,,,,
exclude_matched_controls,Exclude PPPAP matched-control households,total_electricity_consumption_kwh,Total household electricity use,20.0,Event-time effect,7.061702368623069,1.480807852366691,4.111128314776973,10.012276422469164,9.060734388363731e-06,75.0,419.0,kWh/month,450.0,a-c,,,,,,,,,,,,,,,,,,,,,,,,,,,,,,,,,,,,,,,,,,,,,,,,6.8,,,,,,
exclude_matched_controls,Exclude PPPAP matched-control households,total_electricity_consumption_kwh,Total household electricity use,21.0,Event-time effect,7.566657311413069,1.6157015378859672,4.347301721944557,10.78601290088158,1.2520276993893345e-05,75.0,415.0,kWh/month,450.0,a-c,,,,,,,,,,,,,,,,,,,,,,,,,,,,,,,,,,,,,,,,,,,,,,,,6.8,,,,,,
exclude_matched_controls,Exclude PPPAP matched-control households,total_electricity_consumption_kwh,Total household electricity use,22.0,Event-time effect,8.426436879702395,1.4913976348944524,5.454762223565227,11.398111535839565,2.824100953815013e-07,75.0,406.0,kWh/month,450.0,a-c,,,,,,,,,,,,,,,,,,,,,,,,,,,,,,,,,,,,,,,,,,,,,,,,6.8,,,,,,
exclude_matched_controls,Exclude PPPAP matched-control households,total_electricity_consumption_kwh,Total household electricity use,23.0,Event-time effect,8.045004027216532,1.5218004347010412,5.012750470089458,11.077257584343606,1.2149312029238922e-06,75.0,403.0,kWh/month,450.0,a-c,,,,,,,,,,,,,,,,,,,,,,,,,,,,,,,,,,,,,,,,,,,,,,,,6.8,,,,,,
exclude_matched_controls,Exclude PPPAP matched-control households,total_electricity_consumption_kwh,Total household electricity use,24.0,Event-time effect,7.201074560897092,1.5801899943188986,4.052477266566976,10.349671855227207,2.0058527675414577e-05,75.0,398.0,kWh/month,450.0,a-c,,,,,,,,,,,,,,,,,,,,,,,,,,,,,,,,,,,,,,,,,,,,,,,,6.8,,,,,,
exclude_matched_controls,Exclude PPPAP matched-control households,grid_import_kwh,Public-grid purchases,-12.0,Withheld-lead placebo,0.1214941043315869,2.49100745559888,-4.889766514099579,5.132754722762753,0.9613068115635048,48.0,88.0,kWh/month,450.0,a-c,,,,,,,,,,,,,,,,,,,,,,,,,,,,,,,,,,,,,,,,,,,,,,,,6.8,,,,,,
exclude_matched_controls,Exclude PPPAP matched-control households,grid_import_kwh,Public-grid purchases,-11.0,Withheld-lead placebo,0.2563142683239088,2.4538823421917755,-4.680260255389374,5.192888792037191,0.9172546986285032,48.0,91.0,kWh/month,450.0,a-c,,,,,,,,,,,,,,,,,,,,,,,,,,,,,,,,,,,,,,,,,,,,,,,,6.8,,,,,,
exclude_matched_controls,Exclude PPPAP matched-control households,grid_import_kwh,Public-grid purchases,-10.0,Withheld-lead placebo,4.530312797584815,1.71676405858332,1.0766289884176103,7.98399660675202,0.0112479025715754,48.0,97.0,kWh/month,450.0,a-c,,,,,,,,,,,,,,,,,,,,,,,,,,,,,,,,,,,,,,,,,,,,,,,,6.8,,,,,,
exclude_matched_controls,Exclude PPPAP matched-control households,grid_import_kwh,Public-grid purchases,-9.0,Withheld-lead placebo,5.102871234491767,1.946912580578097,1.1861883194526426,9.01955414953089,0.0117733972602757,48.0,97.0,kWh/month,450.0,a-c,,,,,,,,,,,,,,,,,,,,,,,,,,,,,,,,,,,,,,,,,,,,,,,,6.8,,,,,,
exclude_matched_controls,Exclude PPPAP matched-control households,grid_import_kwh,Public-grid purchases,-8.0,Withheld-lead placebo,4.553881177813701,2.2841543406399163,-0.0387189312551736,9.146481286882576,0.0518856056610168,49.0,98.0,kWh/month,450.0,a-c,,,,,,,,,,,,,,,,,,,,,,,,,,,,,,,,,,,,,,,,,,,,,,,,6.8,,,,,,
exclude_matched_controls,Exclude PPPAP matched-control households,grid_import_kwh,Public-grid purchases,-7.0,Withheld-lead placebo,5.308189150568503,2.3406603539989064,0.6019760870252631,10.014402214111744,0.0278795679681162,49.0,99.0,kWh/month,450.0,a-c,,,,,,,,,,,,,,,,,,,,,,,,,,,,,,,,,,,,,,,,,,,,,,,,6.8,,,,,,
exclude_matched_controls,Exclude PPPAP matched-control households,grid_import_kwh,Public-grid purchases,-6.0,Withheld-lead placebo,1.4508621282202878,1.8386520506995447,-2.245995592093289,5.147719848533865,0.4339397996165257,49.0,99.0,kWh/month,450.0,a-c,,,,,,,,,,,,,,,,,,,,,,,,,,,,,,,,,,,,,,,,,,,,,,,,6.8,,,,,,
exclude_matched_controls,Exclude PPPAP matched-control households,grid_import_kwh,Public-grid purchases,-5.0,Withheld-lead placebo,-2.530128688550352,1.653913426840788,-5.833221890492615,0.7729645133919103,0.1309228662493291,66.0,167.0,kWh/month,450.0,a-c,,,,,,,,,,,,,,,,,,,,,,,,,,,,,,,,,,,,,,,,,,,,,,,,6.8,,,,,,
exclude_matched_controls,Exclude PPPAP matched-control households,grid_import_kwh,Public-grid purchases,-4.0,Withheld-lead placebo,-3.600800322352136,1.3754843627363915,-6.3448165453448,-0.8567840993594706,0.0108669341343619,70.0,242.0,kWh/month,450.0,a-c,,,,,,,,,,,,,,,,,,,,,,,,,,,,,,,,,,,,,,,,,,,,,,,,6.8,,,,,,
exclude_matched_controls,Exclude PPPAP matched-control households,grid_import_kwh,Public-grid purchases,-3.0,Withheld-lead placebo,-2.802729297766713,1.2510679124638084,-5.297287864548395,-0.3081707309850303,0.0282044161178063,72.0,303.0,kWh/month,450.0,a-c,,,,,,,,,,,,,,,,,,,,,,,,,,,,,,,,,,,,,,,,,,,,,,,,6.8,,,,,,
exclude_matched_controls,Exclude PPPAP matched-control households,grid_import_kwh,Public-grid purchases,-2.0,Withheld-lead placebo,-1.195685006067565,0.8053385120064657,-2.800722345864864,0.4093523337297333,0.1419291679478886,74.0,384.0,kWh/month,450.0,a-c,,,,,,,,,,,,,,,,,,,,,,,,,,,,,,,,,,,,,,,,,,,,,,,,6.8,,,,,,
exclude_matched_controls,Exclude PPPAP matched-control households,grid_import_kwh,Public-grid purchases,-1.0,Reference month,0.0,0.0,0.0,0.0,,,,kWh/month,450.0,a-c,,,,,,,,,,,,,,,,,,,,,,,,,,,,,,,,,,,,,,,,,,,,,,,,6.8,,,,,,
exclude_matched_controls,Exclude PPPAP matched-control households,grid_import_kwh,Public-grid purchases,0.0,Partial connection month,-22.97446606834519,1.3637608460633723,-25.69181887115121,-20.25711326553917,4.9148997185185055e-27,75.0,450.0,kWh/month,450.0,a-c,,,,,,,,,,,,,,,,,,,,,,,,,,,,,,,,,,,,,,,,,,,,,,,,6.8,,,,,,
exclude_matched_controls,Exclude PPPAP matched-control households,grid_import_kwh,Public-grid purchases,1.0,Event-time effect,-40.663359989450605,1.978590879191079,-44.60578837540711,-36.7209316034941,2.6100026762908736e-32,75.0,449.0,kWh/month,450.0,a-c,,,,,,,,,,,,,,,,,,,,,,,,,,,,,,,,,,,,,,,,,,,,,,,,6.8,,,,,,
exclude_matched_controls,Exclude PPPAP matched-control households,grid_import_kwh,Public-grid purchases,2.0,Event-time effect,-40.24934975902515,1.7987103738399308,-43.833358414134366,-36.665341103915935,1.139270771012271e-34,75.0,448.0,kWh/month,450.0,a-c,,,,,,,,,,,,,,,,,,,,,,,,,,,,,,,,,,,,,,,,,,,,,,,,6.8,,,,,,
exclude_matched_controls,Exclude PPPAP matched-control households,grid_import_kwh,Public-grid purchases,3.0,Event-time effect,-38.11639157860609,1.66767786658838,-41.43931226373398,-34.7934708934782,2.8882011547764284e-35,75.0,448.0,kWh/month,450.0,a-c,,,,,,,,,,,,,,,,,,,,,,,,,,,,,,,,,,,,,,,,,,,,,,,,6.8,,,,,,
exclude_matched_controls,Exclude PPPAP matched-control households,grid_import_kwh,Public-grid purchases,4.0,Event-time effect,-38.43201047205601,1.7914356772412776,-42.00152397777816,-34.86249696633385,1.7086951062343e-33,75.0,445.0,kWh/month,450.0,a-c,,,,,,,,,,,,,,,,,,,,,,,,,,,,,,,,,,,,,,,,,,,,,,,,6.8,,,,,,
exclude_matched_controls,Exclude PPPAP matched-control households,grid_import_kwh,Public-grid purchases,5.0,Event-time effect,-36.70706727708582,1.759915957104959,-40.21377636948043,-33.20035818469121,1.0260956823264238e-32,75.0,443.0,kWh/month,450.0,a-c,,,,,,,,,,,,,,,,,,,,,,,,,,,,,,,,,,,,,,,,,,,,,,,,6.8,,,,,,
exclude_matched_controls,Exclude PPPAP matched-control households,grid_import_kwh,Public-grid purchases,6.0,Event-time effect,-33.436652407734435,1.5653510055028728,-36.55568237142411,-30.317622444044755,2.2529362139326905e-33,75.0,443.0,kWh/month,450.0,a-c,,,,,,,,,,,,,,,,,,,,,,,,,,,,,,,,,,,,,,,,,,,,,,,,6.8,,,,,,
exclude_matched_controls,Exclude PPPAP matched-control households,grid_import_kwh,Public-grid purchases,7.0,Event-time effect,-32.65567073914935,1.3507326838510982,-35.347064362085135,-29.96427711621356,7.3490818829845214e-37,75.0,442.0,kWh/month,450.0,a-c,,,,,,,,,,,,,,,,,,,,,,,,,,,,,,,,,,,,,,,,,,,,,,,,6.8,,,,,,
exclude_matched_controls,Exclude PPPAP matched-control households,grid_import_kwh,Public-grid purchases,8.0,Event-time effect,-34.44987162058907,1.4202648194097438,-37.279811047938274,-31.619932193239865,5.918005758781904e-37,75.0,438.0,kWh/month,450.0,a-c,,,,,,,,,,,,,,,,,,,,,,,,,,,,,,,,,,,,,,,,,,,,,,,,6.8,,,,,,
exclude_matched_controls,Exclude PPPAP matched-control households,grid_import_kwh,Public-grid purchases,9.0,Event-time effect,-34.488569023298645,1.405220502993349,-37.28853199583292,-31.68860605076437,2.72355063264042e-37,75.0,438.0,kWh/month,450.0,a-c,,,,,,,,,,,,,,,,,,,,,,,,,,,,,,,,,,,,,,,,,,,,,,,,6.8,,,,,,
exclude_matched_controls,Exclude PPPAP matched-control households,grid_import_kwh,Public-grid purchases,10.0,Event-time effect,-33.172008905990936,1.3896873129962446,-35.94102132183707,-30.4029964901448,1.697653495384687e-36,75.0,436.0,kWh/month,450.0,a-c,,,,,,,,,,,,,,,,,,,,,,,,,,,,,,,,,,,,,,,,,,,,,,,,6.8,,,,,,
exclude_matched_controls,Exclude PPPAP matched-control households,grid_import_kwh,Public-grid purchases,11.0,Event-time effect,-32.91354780754072,1.4412623770076824,-35.785325781696386,-30.041769833385057,3.051547903840704e-35,75.0,433.0,kWh/month,450.0,a-c,,,,,,,,,,,,,,,,,,,,,,,,,,,,,,,,,,,,,,,,,,,,,,,,6.8,,,,,,
exclude_matched_controls,Exclude PPPAP matched-control households,grid_import_kwh,Public-grid purchases,12.0,Event-time effect,-35.16752058781655,1.764155736840796,-38.6826776257448,-31.652363549888296,1.7725908917982503e-31,75.0,433.0,kWh/month,450.0,a-c,,,,,,,,,,,,,,,,,,,,,,,,,,,,,,,,,,,,,,,,,,,,,,,,6.8,,,,,,
exclude_matched_controls,Exclude PPPAP matched-control households,grid_import_kwh,Public-grid purchases,13.0,Event-time effect,-40.38767556663794,2.0331145972651017,-44.43874483237592,-36.33660630089996,2.2053370871608514e-31,75.0,430.0,kWh/month,450.0,a-c,,,,,,,,,,,,,,,,,,,,,,,,,,,,,,,,,,,,,,,,,,,,,,,,6.8,,,,,,
exclude_matched_controls,Exclude PPPAP matched-control households,grid_import_kwh,Public-grid purchases,14.0,Event-time effect,-46.03579683475666,2.230000447146216,-50.47916971996842,-41.5924239495449,1.9674524592845463e-32,75.0,430.0,kWh/month,450.0,a-c,,,,,,,,,,,,,,,,,,,,,,,,,,,,,,,,,,,,,,,,,,,,,,,,6.8,,,,,,
exclude_matched_controls,Exclude PPPAP matched-control households,grid_import_kwh,Public-grid purchases,15.0,Event-time effect,-45.98451476027735,2.0315644878817745,-50.03249536564676,-41.93653415490794,5.423150330778324e-35,75.0,430.0,kWh/month,450.0,a-c,,,,,,,,,,,,,,,,,,,,,,,,,,,,,,,,,,,,,,,,,,,,,,,,6.8,,,,,,
exclude_matched_controls,Exclude PPPAP matched-control households,grid_import_kwh,Public-grid purchases,16.0,Event-time effect,-45.61351506895628,2.130396207677642,-49.85842217472249,-41.36860796319007,1.9386914811445694e-33,75.0,428.0,kWh/month,450.0,a-c,,,,,,,,,,,,,,,,,,,,,,,,,,,,,,,,,,,,,,,,,,,,,,,,6.8,,,,,,
exclude_matched_controls,Exclude PPPAP matched-control households,grid_import_kwh,Public-grid purchases,17.0,Event-time effect,-43.27662426694028,2.248181098638717,-47.75622289102158,-38.79702564285898,1.559023662710796e-30,75.0,426.0,kWh/month,450.0,a-c,,,,,,,,,,,,,,,,,,,,,,,,,,,,,,,,,,,,,,,,,,,,,,,,6.8,,,,,,
exclude_matched_controls,Exclude PPPAP matched-control households,grid_import_kwh,Public-grid purchases,18.0,Event-time effect,-38.14300196850779,1.909773253597553,-41.94830824223412,-34.33769569478146,1.5732559794571346e-31,75.0,426.0,kWh/month,450.0,a-c,,,,,,,,,,,,,,,,,,,,,,,,,,,,,,,,,,,,,,,,,,,,,,,,6.8,,,,,,
exclude_matched_controls,Exclude PPPAP matched-control households,grid_import_kwh,Public-grid purchases,19.0,Event-time effect,-32.72315582239613,1.5396405530331172,-35.79095659125904,-29.65535505353322,3.100633034544265e-33,75.0,423.0,kWh/month,450.0,a-c,,,,,,,,,,,,,,,,,,,,,,,,,,,,,,,,,,,,,,,,,,,,,,,,6.8,,,,,,
exclude_matched_controls,Exclude PPPAP matched-control households,grid_import_kwh,Public-grid purchases,20.0,Event-time effect,-34.78783248321591,1.5379132956060126,-37.85219161652794,-31.72347334990388,5.659059201782776e-35,75.0,419.0,kWh/month,450.0,a-c,,,,,,,,,,,,,,,,,,,,,,,,,,,,,,,,,,,,,,,,,,,,,,,,6.8,,,,,,
exclude_matched_controls,Exclude PPPAP matched-control households,grid_import_kwh,Public-grid purchases,21.0,Event-time effect,-34.64625342347595,1.6282009604987286,-37.89051465616503,-31.40199219078686,2.876025051519865e-33,75.0,415.0,kWh/month,450.0,a-c,,,,,,,,,,,,,,,,,,,,,,,,,,,,,,,,,,,,,,,,,,,,,,,,6.8,,,,,,
exclude_matched_controls,Exclude PPPAP matched-control households,grid_import_kwh,Public-grid purchases,22.0,Event-time effect,-33.10493029539514,1.6468437196902512,-36.38633803664352,-29.823522554146763,1.0494722792403163e-31,75.0,406.0,kWh/month,450.0,a-c,,,,,,,,,,,,,,,,,,,,,,,,,,,,,,,,,,,,,,,,,,,,,,,,6.8,,,,,,
exclude_matched_controls,Exclude PPPAP matched-control households,grid_import_kwh,Public-grid purchases,23.0,Event-time effect,-31.97546777993676,1.735890066801271,-35.434304240890825,-28.516631318982693,2.3283358740840282e-29,75.0,403.0,kWh/month,450.0,a-c,,,,,,,,,,,,,,,,,,,,,,,,,,,,,,,,,,,,,,,,,,,,,,,,6.8,,,,,,
exclude_matched_controls,Exclude PPPAP matched-control households,grid_import_kwh,Public-grid purchases,24.0,Event-time effect,-32.63841043263977,1.8599750920331424,-36.34449170346897,-28.93232916181058,4.361955669152603e-28,75.0,398.0,kWh/month,450.0,a-c,,,,,,,,,,,,,,,,,,,,,,,,,,,,,,,,,,,,,,,,,,,,,,,,6.8,,,,,,
,,monthly_nonpv_income_rmb,Non-PV household income,,Average effect across fully exposed post-adoption periods (event time >= +1),148.02357787112433,106.59212556856774,-66.29425468608454,362.3414104283332,0.1713371102243672,49.0,495.0,RMB/month,,d,household_resources,higher_better,1.0,household-wave,1733.9822287439467,0.0853662600558189,-0.038232372620166,0.208964892731804,0.0853662600558189,-0.038232372620166,0.208964892731804,household semiannual panel,0.1713371102243672,,,,,,,,,,,,,,,,,,,,,,,,,,,,,,,,,,,6.8,,,,,,
,,monthly_pv_revenue_rmb,Observed PV sales revenue,,Average effect across fully exposed post-adoption periods (event time >= +1),413.12090233235045,15.39042537058674,382.17637814762696,444.06542651707394,1.4668714436910688e-30,49.0,514.0,RMB/month,,d,household_resources,higher_better,1.0,household-wave,,,,,,,,household semiannual panel,5.867485774764275e-30,,,,,,,,,,,,,,,,,,,,,,,,,,,,,,,,,,,6.8,,,,,,
,,monthly_income_including_pv_rmb,Income including PV revenue,,Average effect across fully exposed post-adoption periods (event time >= +1),561.8973942746001,107.73305180030792,345.2855757799691,778.509212769231,3.853118309660524e-06,49.0,495.0,RMB/month,,d,household_resources,higher_better,1.0,household-wave,1733.9822287439467,0.3240502612772591,0.1991286704420756,0.4489718521124426,0.3240502612772591,0.1991286704420756,0.4489718521124426,household semiannual panel,5.137491079547365e-06,,,,,,,,,,,,,,,,,,,,,,,,,,,,,,,,,,,6.8,,,,,,
,,monthly_resources_after_electricity_rmb,Income remaining after electricity expenditure,,Average effect across fully exposed post-adoption periods (event time >= +1),588.1487658263212,107.67281218330966,371.6580671994129,804.6394644532295,1.6424695744564029e-06,49.0,495.0,RMB/month,,d,household_resources,higher_better,1.0,household-wave,1724.312814025323,0.3410916865213783,0.2155398163119808,0.4666435567307758,0.3410916865213783,0.2155398163119808,0.4666435567307758,household semiannual panel,3.2849391489128057e-06,,,,,,,,,,,,,,,,,,,,,,,,,,,,,,,,,,,6.8,,,,,,
unadjusted,,electricity_bill_pressure_code,Electricity-bill pressure,,Unadjusted adopter minus non-adopter difference,,,,,1.467194607321562e-34,75.0,2756.0,score (1-5),,f,affordability,,,,,,,,,,,,,1.0,0.0,higher=worse,0.0,-0.5869650667424029,0.0460817592088387,-0.6773925585856281,-0.4965375748991777,7.335973036607812e-34,1006.0,1750.0,2.5656063618290257,3.1525714285714286,,,-0.483274791823807,-0.5577278210955857,-0.4088217625520283,,,,,,,,,,,,,,,,,6.8,,,,,,
main_adjusted,,electricity_bill_pressure_code,Electricity-bill pressure,,Adjusted cross-sectional adopter minus non-adopter difference,,,,,1.5407397246082855e-16,75.0,2756.0,score (1-5),,f,affordability,,,,,,,,,,,,,1.0,0.0,higher=worse,0.0,-0.5259821346851137,0.0495124009397396,-0.6246377471083822,-0.4273265222618452,7.70369862304143e-16,1006.0,1750.0,2.5656063618290257,3.1525714285714286,2.6043291960452764,3.1303113307303896,-0.4330647955827091,-0.5142924073394225,-0.3518371838259957,88.0,0.2217855886593052,,,,,,,,,,,,,,,6.8,,,,,,
income_adjusted_sensitivity,,electricity_bill_pressure_code,Electricity-bill pressure,,Adjusted cross-sectional adopter minus non-adopter difference,,,,,1.631848991163997e-14,75.0,2756.0,score (1-5),,f,affordability,,,,,,,,,,,,,1.0,0.0,higher=worse,0.0,-0.3657514630640701,0.0383571600991511,-0.4421797729132474,-0.2893231532148929,8.159244955819987e-14,1006.0,1750.0,2.5656063618290257,3.1525714285714286,2.7060721841937707,3.0718236472578404,-0.3011396626251252,-0.3640665344691294,-0.238212790781121,90.0,0.406082538376691,,,,,,,,,,,,,,,6.8,,,,,,
unadjusted,,bill_impact_crowd_out_necessities,Bill-related crowd-out of necessities,,Unadjusted adopter minus non-adopter difference,,,,,1.0731510069665325e-13,75.0,2753.0,score,,f,affordability,,,,,,,,,,,,,1.0,0.0,higher=worse,0.0,-0.3325269397105201,0.0441162730102189,-0.4190982365701231,-0.2459556428509172,1.7303959484198277e-13,999.0,1754.0,1.7387387387387387,2.071265678449259,,,-0.2936052188325967,-0.3700434905143219,-0.2171669471508714,,,,,,,,,,,,,,,,,6.8,,,,,,
main_adjusted,,bill_impact_crowd_out_necessities,Bill-related crowd-out of necessities,,Adjusted cross-sectional adopter minus non-adopter difference,,,,,4.5945749721392424e-10,75.0,2753.0,score,,f,affordability,,,,,,,,,,,,,1.0,0.0,higher=worse,0.0,-0.2817940521650022,0.0392643500642011,-0.3600299774779331,-0.2035581268520713,5.743218715174052e-10,999.0,1754.0,1.7387387387387387,2.071265678449259,1.7710618352715877,2.0528558874365896,-0.2488105307306989,-0.3178890721326996,-0.1797319893286982,88.0,0.1390516519004343,,,,,,,,,,,,,,,6.8,,,,,,
income_adjusted_sensitivity,,bill_impact_crowd_out_necessities,Bill-related crowd-out of necessities,,Adjusted cross-sectional adopter minus non-adopter difference,,,,,2.596285321183052e-05,75.0,2753.0,score,,f,affordability,,,,,,,,,,,,,1.0,0.0,higher=worse,0.0,-0.1707291172525587,0.0380468345764171,-0.2465390900000236,-0.0949191445050938,3.245356651478815e-05,999.0,1754.0,1.7387387387387387,2.071265678449259,1.8418238751685725,2.0125529924211314,-0.1507455602715117,-0.2176821027892079,-0.0838090177538155,90.0,0.2439062565582439,,,,,,,,,,,,,,,6.8,,,,,,
unadjusted,,bill_impact_delay_appliance_purchase_or_use,Delayed appliance purchase or use,,Unadjusted adopter minus non-adopter difference,,,,,1.384316758735862e-13,75.0,2753.0,score,,f,affordability,,,,,,,,,,,,,0.0,0.0,higher=worse,0.0,-0.3176060895559185,0.0423342900285299,-0.4006805230773417,-0.2345316560344952,1.7303959484198277e-13,999.0,1754.0,1.5945945945945943,1.912200684150513,,,-0.292247243279397,-0.3686887064061894,-0.2158057801526046,,,,,,,,,,,,,,,,,6.8,,,,,,
main_adjusted,,bill_impact_delay_appliance_purchase_or_use,Delayed appliance purchase or use,,Adjusted cross-sectional adopter minus non-adopter difference,,,,,5.982382246476388e-12,75.0,2753.0,score,,f,affordability,,,,,,,,,,,,,0.0,0.0,higher=worse,0.0,-0.2926736957049662,0.0357906359843004,-0.3639880946238726,-0.2213592967860598,9.970637077460648e-12,999.0,1754.0,1.5945945945945943,1.912200684150513,1.6104795996126036,1.9031532953175705,-0.2693055440774549,-0.3349259373114713,-0.2036851508434384,88.0,0.1520390599842142,,,,,,,,,,,,,,,6.8,,,,,,
income_adjusted_sensitivity,,bill_impact_delay_appliance_purchase_or_use,Delayed appliance purchase or use,,Adjusted cross-sectional adopter minus non-adopter difference,,,,,6.1110786618487975e-06,75.0,2753.0,score,,f,affordability,,,,,,,,,,,,,0.0,0.0,higher=worse,0.0,-0.1832769785602989,0.0376173227049068,-0.258231130222083,-0.1083228268985148,1.018513110308133e-05,999.0,1754.0,1.5945945945945943,1.912200684150513,1.6801787793698144,1.8634557579301128,-0.1686434659225708,-0.2376130005625719,-0.0996739312825696,90.0,0.2624351463333776,,,,,,,,,,,,,,,6.8,,,,,,
unadjusted,,bill_impact_reduce_other_spending,Reduced other household spending,,Unadjusted adopter minus non-adopter difference,,,,,1.2547845265256074e-21,75.0,2753.0,score,,f,affordability,,,,,,,,,,,,,0.0,0.0,higher=worse,0.0,-0.4174042914065718,0.0426854679164956,-0.5011678566953718,-0.3336407261177719,3.1369613163140186e-21,999.0,1754.0,1.5865865865865867,2.0039908779931586,,,-0.3774808278030933,-0.4532326602972065,-0.3017289953089801,,,,,,,,,,,,,,,,,6.8,,,,,,
main_adjusted,,bill_impact_reduce_other_spending,Reduced other household spending,,Adjusted cross-sectional adopter minus non-adopter difference,,,,,4.639042633767068e-13,75.0,2753.0,score,,f,affordability,,,,,,,,,,,,,0.0,0.0,higher=worse,0.0,-0.3740160409217301,0.0426751298291368,-0.4590480932687785,-0.2889839885746817,1.1597606584417672e-12,999.0,1754.0,1.5865865865865867,2.0039908779931586,1.6142302449049315,1.9882462858266607,-0.3382425328283231,-0.415141525413176,-0.2613435402434701,88.0,0.152068349975158,,,,,,,,,,,,,,,6.8,,,,,,
income_adjusted_sensitivity,,bill_impact_reduce_other_spending,Reduced other household spending,,Adjusted cross-sectional adopter minus non-adopter difference,,,,,6.387384386344277e-09,75.0,2753.0,score,,f,affordability,,,,,,,,,,,,,0.0,0.0,higher=worse,0.0,-0.2554045518914367,0.0389254616447075,-0.3329652272885134,-0.1778438764943599,1.5968460965860694e-08,999.0,1754.0,1.5865865865865867,2.0039908779931586,1.689800369045579,1.945204920937016,-0.2309758755660452,-0.3011181059087077,-0.1608336452233828,90.0,0.2744324772780487,,,,,,,,,,,,,,,6.8,,,,,,
unadjusted,,heat_curtail_air_conditioner,Reduced air-conditioner use during heat,,Unadjusted adopter minus non-adopter difference,,,,,2.911389449624409e-07,75.0,2290.0,frequency score (0-4),,f,adaptive_adequacy,,,,,,,,,,,,,1.0,0.0,higher=worse,0.0,-0.2580953952797491,0.049905939165977,-0.3560522549737455,-0.1601385355857527,6.734497669243792e-07,830.0,1460.0,1.7240963855421687,1.9821917808219176,,,-0.2249483459086901,-0.3103246600993798,-0.1395720317180004,,,,,,,,,,,,,,,,,6.8,,,,,,
main_adjusted,,heat_curtail_air_conditioner,Reduced air-conditioner use during heat,,Adjusted cross-sectional adopter minus non-adopter difference,,,,,2.302648010270552e-06,75.0,2290.0,frequency score (0-4),,f,adaptive_adequacy,,,,,,,,,,,,,1.0,0.0,higher=worse,0.0,-0.2287023568279131,0.0446320088002379,-0.3176335756396854,-0.1397711380161409,6.271328370053847e-06,830.0,1460.0,1.7240963855421687,1.9821917808219176,1.7428360519787005,1.9715384088066137,-0.1993302391857694,-0.2768400705784165,-0.1218204077931223,88.0,0.0946506704160922,,,,,,,,,,,,,,,6.8,,,,,,
income_adjusted_sensitivity,,heat_curtail_air_conditioner,Reduced air-conditioner use during heat,,Adjusted cross-sectional adopter minus non-adopter difference,,,,,0.0009644648342471,75.0,2290.0,frequency score (0-4),,f,adaptive_adequacy,,,,,,,,,,,,,1.0,0.0,higher=worse,0.0,-0.1523893092147673,0.0443210589040289,-0.2407009468335212,-0.0640776715960134,0.0016654684731282,830.0,1460.0,1.7240963855421687,1.9821917808219176,1.7914897853914695,1.9438790946062363,-0.1328180342189914,-0.2097878568897682,-0.0558482115482145,90.0,0.132759526716213,,,,,,,,,,,,,,,6.8,,,,,,
unadjusted,,heat_curtail_electric_fan,Reduced fan use during heat,,Unadjusted adopter minus non-adopter difference,,,,,2.3259796240899067e-06,75.0,2663.0,frequency score (0-4),,f,adaptive_adequacy,,,,,,,,,,,,,1.0,0.0,higher=worse,0.0,-0.1951564512858619,0.0410755419120561,-0.2757629943485924,-0.1145499082231313,3.101306165453209e-06,977.0,1686.0,1.727737973387922,1.922894424673784,,,-0.1917272086441973,-0.2709173527467778,-0.1125370645416169,,,,,,,,,,,,,,,,,6.8,,,,,,
main_adjusted,,heat_curtail_electric_fan,Reduced fan use during heat,,Adjusted cross-sectional adopter minus non-adopter difference,,,,,3.135664185026924e-06,75.0,2663.0,frequency score (0-4),,f,adaptive_adequacy,,,,,,,,,,,,,1.0,0.0,higher=worse,0.0,-0.175537868296181,0.0347942326251804,-0.2448668901832965,-0.1062088464090654,6.271328370053847e-06,977.0,1686.0,1.727737973387922,1.922894424673784,1.7401589012589709,1.915696769555152,-0.1724533587182403,-0.2405641475590296,-0.104342569877451,88.0,0.0884985257852134,,,,,,,,,,,,,,,6.8,,,,,,
income_adjusted_sensitivity,,heat_curtail_electric_fan,Reduced fan use during heat,,Adjusted cross-sectional adopter minus non-adopter difference,,,,,0.0010736327835055,75.0,2663.0,frequency score (0-4),,f,adaptive_adequacy,,,,,,,,,,,,,1.0,0.0,higher=worse,0.0,-0.119935616841408,0.0352287103477024,-0.1901303544883357,-0.0497408791944803,0.0016654684731282,977.0,1686.0,1.727737973387922,1.922894424673784,1.7753618287665691,1.8952974456079776,-0.1178281367718691,-0.1867894292215037,-0.0488668443222344,90.0,0.1203579308582357,,,,,,,,,,,,,,,6.8,,,,,,
unadjusted,,heat_curtail_reason_bill_cost,Bill cost cited as a reason for cooling curtailment,,Unadjusted adopter minus non-adopter difference,,,,,3.367248834621896e-07,75.0,2601.0,percentage points,,f,adaptive_adequacy,,,,,,,,,,,,,1.0,1.0,higher=worse,0.0,-10.445891655036531,2.0327896161642527,-14.435244706372538,-6.456538603700526,6.734497669243792e-07,937.0,1664.0,46.10458911419424,56.55048076923077,,,-0.209243230848285,-0.2891545633627797,-0.1293318983337902,,,,,,,,,,,,,,,,,6.8,,,,,,
main_adjusted,,heat_curtail_reason_bill_cost,Bill cost cited as a reason for cooling curtailment,,Adjusted cross-sectional adopter minus non-adopter difference,,,,,1.334954441648292e-05,75.0,2601.0,percentage points,,f,adaptive_adequacy,,,,,,,,,,,,,1.0,1.0,higher=worse,0.0,-9.30521749497386,1.9942012432611955,-13.278750210315682,-5.331684779632038,1.7799392555310557e-05,937.0,1664.0,46.10458911419424,56.55048076923077,46.834339903252975,56.13955739822684,-0.1863942147490621,-0.265988647727754,-0.1067997817703703,88.0,0.0790618126165786,,,,,,,,,,,,,,,6.8,,,,,,
income_adjusted_sensitivity,,heat_curtail_reason_bill_cost,Bill cost cited as a reason for cooling curtailment,,Adjusted cross-sectional adopter minus non-adopter difference,,,,,0.0012491013548461,75.0,2601.0,percentage points,,f,adaptive_adequacy,,,,,,,,,,,,,1.0,1.0,higher=worse,0.0,-6.55714126053142,1.9536280228457177,-10.44983006945584,-2.664452451607,0.0016654684731282,937.0,1664.0,46.10458911419424,56.55048076923077,48.592432503835134,55.149573764366544,-0.1313470853223579,-0.2093221218213804,-0.0533720488233354,90.0,0.1137541804386429,,,,,,,,,,,,,,,6.8,,,,,,
unadjusted,,insufficient_cooling_index,Insufficient-cooling impact index,,Unadjusted adopter minus non-adopter difference,,,,,0.9837316167864164,75.0,2827.0,mean score (0-4),,f,heat_vulnerability,,,,,,,,,,,,,1.0,0.0,higher=worse,0.0,-0.0001910207306057,0.0093657125387546,-0.018569033918529,0.0181869924573176,0.9837316167864164,1033.0,1794.0,2.770377541142304,2.770568561872909,,,-0.0007962513245362,-0.077403210667775,0.0758107080187025,,,,,,,,,,,,,,,,,6.8,,,,,,
main_adjusted,,insufficient_cooling_index,Insufficient-cooling impact index,,Adjusted cross-sectional adopter minus non-adopter difference,,,,,0.6120004176121315,75.0,2827.0,mean score (0-4),,f,heat_vulnerability,,,,,,,,,,,,,1.0,0.0,higher=worse,0.0,0.0045710230493671,0.0089736702801175,-0.0133094052951795,0.0224514513939139,0.9180006264181972,1033.0,1794.0,2.770377541142304,2.770568561872909,2.77339951020542,2.768828487156052,0.0190538647088351,-0.0554789606419756,0.0935866900596458,88.0,0.0444067260126507,,,,,,,,,,,,,,,6.8,,,,,,
income_adjusted_sensitivity,,insufficient_cooling_index,Insufficient-cooling impact index,,Adjusted cross-sectional adopter minus non-adopter difference,,,,,0.6459542145348913,75.0,2827.0,mean score (0-4),,f,heat_vulnerability,,,,,,,,,,,,,1.0,0.0,higher=worse,0.0,0.0043750485072477,0.0094846830796296,-0.0145235950669209,0.0232736920814164,0.7037096907632415,1033.0,1794.0,2.770377541142304,2.770568561872909,2.7732751457452696,2.768900097238022,0.0182369639031311,-0.0605401925350887,0.0970141203413509,90.0,0.0448828288350202,,,,,,,,,,,,,,,6.8,,,,,,
unadjusted,,any_heat_symptom,Any reported heat-related symptom,,Unadjusted adopter minus non-adopter difference,,,,,0.5138765196128368,75.0,2827.0,percentage points,,f,heat_vulnerability,,,,,,,,,,,,,1.0,0.0,higher=worse,0.0,0.9048662800925088,1.3856234213908984,-1.8140945471211152,3.623827107306133,0.9837316167864164,1033.0,1794.0,85.57599225556632,84.6711259754738,,,0.025342555092775,-0.0508072761858466,0.1014923863713968,,,,,,,,,,,,,,,,,6.8,,,,,,
main_adjusted,,any_heat_symptom,Any reported heat-related symptom,,Adjusted cross-sectional adopter minus non-adopter difference,,,,,0.5480882130183518,75.0,2827.0,percentage points,,f,heat_vulnerability,,,,,,,,,,,,,1.0,0.0,higher=worse,0.0,0.8955521519750542,1.484178392727375,-2.0617378501419674,3.852842154092076,0.9180006264181972,1033.0,1794.0,85.57599225556632,84.6711259754738,85.57008155664863,84.67452940467356,0.0250816946649407,-0.0577430126457367,0.1079064019756183,88.0,0.0319895998383684,,,,,,,,,,,,,,,6.8,,,,,,
income_adjusted_sensitivity,,any_heat_symptom,Any reported heat-related symptom,,Adjusted cross-sectional adopter minus non-adopter difference,,,,,0.4046117036858292,75.0,2827.0,percentage points,,f,heat_vulnerability,,,,,,,,,,,,,1.0,0.0,higher=worse,0.0,1.2289662278595983,1.4661781409039027,-1.6924574895749445,4.150389945294142,0.7037096907632415,1033.0,1794.0,85.57599225556632,84.6711259754738,85.78166445446777,84.55269822660819,0.0344196098604842,-0.0474005917950085,0.1162398115159771,90.0,0.0360361700699851,,,,,,,,,,,,,,,6.8,,,,,,
unadjusted,,heat_symptom_count,Number of reported heat-related symptoms,,Unadjusted adopter minus non-adopter difference,,,,,0.949627638241076,75.0,2827.0,symptoms,,f,heat_vulnerability,,,,,,,,,,,,,0.0,0.0,higher=worse,0.0,-0.0026359781610423,0.0417152765430175,-0.0844924198650905,0.0792204635430059,0.9837316167864164,1033.0,1794.0,1.6166505324298162,1.6192865105908585,,,-0.0024482466577695,-0.0784749614388946,0.0735784681233556,,,,,,,,,,,,,,,,,6.8,,,,,,
main_adjusted,,heat_symptom_count,Number of reported heat-related symptoms,,Adjusted cross-sectional adopter minus non-adopter difference,,,,,0.9940377732051926,75.0,2827.0,symptoms,,f,heat_vulnerability,,,,,,,,,,,,,0.0,0.0,higher=worse,0.0,-0.0002903094076769,0.0387187553925112,-0.0774391136065269,0.076858494791173,0.9940377732051924,1033.0,1794.0,1.6166505324298162,1.6192865105908585,1.6181390820384265,1.618429391446103,-0.0002696338867933,-0.0719239839956958,0.0713847162221091,88.0,0.0285083011117179,,,,,,,,,,,,,,,6.8,,,,,,
income_adjusted_sensitivity,,heat_symptom_count,Number of reported heat-related symptoms,,Adjusted cross-sectional adopter minus non-adopter difference,,,,,0.7037096907632415,75.0,2827.0,symptoms,,f,heat_vulnerability,,,,,,,,,,,,,0.0,0.0,higher=worse,0.0,0.0145824182281805,0.038194650194447,-0.0615220835674759,0.090686920023837,0.7037096907632415,1033.0,1794.0,1.6166505324298162,1.6192865105908585,1.6275772402904989,1.6129948220623185,0.0135438742311973,-0.0571405475580759,0.0842282960204705,90.0,0.0325872038339827,,,,,,,,,,,,,,,6.8,,,,,,
unadjusted,,hot_day_bill_worry_index,Hot-day electricity-bill worry index,,Unadjusted adopter minus non-adopter difference,,,,,4.42787993556801e-07,75.0,2827.0,percentage points,,f,affordability,,,,,,,,,,,,,1.0,0.0,higher=worse,0.0,-5.3310072692201445,1.0489621395404147,-7.389349328549392,-3.272665209890897,4.42787993556801e-07,1033.0,1794.0,26.46014843497903,31.791155704199177,,,-0.1940121424550783,-0.2689216919395764,-0.1191025929705802,,,,,,,,,,,,,,,,,6.8,,,,,,
main_adjusted,,hot_day_bill_worry_index,Hot-day electricity-bill worry index,,Adjusted cross-sectional adopter minus non-adopter difference,,,,,1.941038251100849e-05,75.0,2827.0,percentage points,,f,affordability,,,,,,,,,,,,,1.0,0.0,higher=worse,0.0,-4.995271867749246,1.0940300215627825,-7.175174270746823,-2.815369464751669,1.941038251100849e-05,1033.0,1794.0,26.46014843497903,31.791155704199177,26.67320443435545,31.668476302104693,-0.1817936739278512,-0.2611271871253304,-0.1024601607303721,88.0,0.0423824891793377,,,,,,,,,,,,,,,6.8,,,,,,
income_adjusted_sensitivity,,hot_day_bill_worry_index,Hot-day electricity-bill worry index,,Adjusted cross-sectional adopter minus non-adopter difference,,,,,0.0006510865094664,75.0,2827.0,percentage points,,f,affordability,,,,,,,,,,,,,1.0,0.0,higher=worse,0.0,-3.739713125787257,1.0503136929372725,-5.832508842548882,-1.646917409025632,0.0006510865094664,1033.0,1794.0,26.46014843497903,31.791155704199177,27.46997570534208,31.209688831129345,-0.1360999374152985,-0.212263363992117,-0.05993651083848,90.0,0.0648122207852748,,,,,,,,,,,,,,,6.8,,,,,,
unadjusted,,short_ac_use_reason_bill_cost,Bill cost cited for short AC use,,Unadjusted adopter minus non-adopter difference,,,,,0.7790558806088509,75.0,1993.0,percentage points,,f,adaptive_adequacy,,,,,,,,,,,,,0.0,1.0,higher=worse,0.0,0.6343864693261869,2.2603830519272283,-3.803322085490357,5.072095024142731,0.7790558806088509,723.0,1270.0,38.0359612724758,37.40157480314961,,,0.0130946837469613,-0.078506245491377,0.1046956129852996,,,,,,,,,,,,,,,,,6.8,,,,,,
main_adjusted,,short_ac_use_reason_bill_cost,Bill cost cited for short AC use,,Adjusted cross-sectional adopter minus non-adopter difference,,,,,0.6180966057638887,75.0,1993.0,percentage points,,f,adaptive_adequacy,,,,,,,,,,,,,0.0,1.0,higher=worse,0.0,1.2325242705944597,2.461801120919241,-3.672721539322301,6.13777008051122,0.6180966057638887,723.0,1270.0,38.0359612724758,37.40157480314961,38.41711280665107,37.18458853605661,0.0254411408727414,-0.0758104552563369,0.1266927370018199,88.0,0.0407259019835952,,,,,,,,,,,,,,,6.8,,,,,,
income_adjusted_sensitivity,,short_ac_use_reason_bill_cost,Bill cost cited for short AC use,,Adjusted cross-sectional adopter minus non-adopter difference,,,,,0.4533624094253451,75.0,1993.0,percentage points,,f,adaptive_adequacy,,,,,,,,,,,,,0.0,1.0,higher=worse,0.0,1.8012698949651702,2.3895924078390505,-2.96009691340827,6.562636703338611,0.4533624094253451,723.0,1270.0,38.0359612724758,37.40157480314961,38.77953475494448,36.978264859979305,0.037180899590346,-0.0611008191625022,0.1354626183431944,90.0,0.0450316325487969,,,,,,,,,,,,,,,6.8,,,,,,
unadjusted,,reliability_event_outage,Experienced a power outage,,Unadjusted adopter minus non-adopter difference,,,,,0.5788610377469108,75.0,2827.0,percentage points,,f,electricity_insecurity,,,,,,,,,,,,,1.0,0.0,higher=worse,0.0,-0.7640289617645568,1.3760706791610575,-3.4642447739081166,1.9361868503790032,0.5788610377469108,1033.0,1794.0,14.230396902226524,14.99442586399108,,,-0.0215670308479762,-0.0977887981252216,0.0546547364292691,,,,,,,,,,,,,,,,,6.8,,,,,,
main_adjusted,,reliability_event_outage,Experienced a power outage,,Adjusted cross-sectional adopter minus non-adopter difference,,,,,2.5049817376154144e-08,75.0,2827.0,percentage points,,f,electricity_insecurity,,,,,,,,,,,,,1.0,0.0,higher=worse,0.0,2.220446049250313e-14,3.5601123932418205e-15,1.5110781701236122e-14,2.929813928377014e-14,7.514945212846242e-08,1033.0,1794.0,14.230396902226524,14.99442586399108,14.715245843650218,14.715245843650196,6.267881302542281e-16,4.265475674311188e-16,8.270286930773374e-16,88.0,1.0,,,,,,,,,,,,,,,6.8,,,,,,
income_adjusted_sensitivity,,reliability_event_outage,Experienced a power outage,,Adjusted cross-sectional adopter minus non-adopter difference,,,,,0.001223153749524,75.0,2827.0,percentage points,,f,electricity_insecurity,,,,,,,,,,,,,1.0,0.0,higher=worse,0.0,8.370040771588094e-15,2.4887976778505885e-15,3.411003147765496e-15,1.3329078395410692e-14,0.0036694612485721,1033.0,1794.0,14.230396902226524,14.99442586399108,14.715245843650427,14.71524584365042,2.362697444122383e-16,9.62858920171046e-17,3.76253596807372e-16,90.0,1.0,,,,,,,,,,,,,,,6.8,,,,,,
unadjusted,,reliability_event_voltage_instability,Experienced voltage instability,,Unadjusted adopter minus non-adopter difference,,,,,0.0167471059154284,75.0,2827.0,percentage points,,f,electricity_insecurity,,,,,,,,,,,,,1.0,0.0,higher=worse,0.0,4.584713377170973,1.9133943726440144,0.8301258998549416,8.339300854487005,0.0502413177462852,1033.0,1794.0,41.81994191674734,37.23522853957636,,,0.0940362901148397,0.0170265736434695,0.1710460065862098,,,,,,,,,,,,,,,,,6.8,,,,,,
main_adjusted,,reliability_event_voltage_instability,Experienced voltage instability,,Adjusted cross-sectional adopter minus non-adopter difference,,,,,0.0338447989015381,75.0,2827.0,percentage points,,f,electricity_insecurity,,,,,,,,,,,,,1.0,0.0,higher=worse,0.0,4.58460446327943,2.12045671741128,0.3595022241888734,8.809706702369985,0.0507671983523072,1033.0,1794.0,41.81994191674734,37.23522853957636,41.81987280053857,37.235268337259136,0.0940340562002063,0.0073736900585954,0.1806944223418173,88.0,0.0635599569103162,,,,,,,,,,,,,,,6.8,,,,,,
income_adjusted_sensitivity,,reliability_event_voltage_instability,Experienced voltage instability,,Adjusted cross-sectional adopter minus non-adopter difference,,,,,0.0239719929799696,75.0,2827.0,percentage points,,f,electricity_insecurity,,,,,,,,,,,,,1.0,0.0,higher=worse,0.0,5.027380033538976,2.1810648764215843,0.6815134014575452,9.373246665620409,0.0359579894699544,1033.0,1794.0,41.81994191674734,37.23522853957636,42.10085595336611,37.07347591982713,0.1031157519476475,0.0139784075174091,0.1922530963778859,90.0,0.0645921511530789,,,,,,,,,,,,,,,6.8,,,,,,
unadjusted,,any_reliability_event,Any outage or voltage-instability event,,Unadjusted adopter minus non-adopter difference,,,,,0.1246392017320019,75.0,2827.0,percentage points,,f,electricity_insecurity,,,,,,,,,,,,,1.0,0.0,higher=worse,0.0,2.988341260154048,1.9444722465975504,-0.8272292523562985,6.803911772664395,0.1869588025980028,1033.0,1794.0,46.46660212971926,43.47826086956522,,,0.0601223889533434,-0.0166430118028705,0.1368877897095574,,,,,,,,,,,,,,,,,6.8,,,,,,
main_adjusted,,any_reliability_event,Any outage or voltage-instability event,,Adjusted cross-sectional adopter minus non-adopter difference,,,,,0.1079556297338077,75.0,2827.0,percentage points,,f,electricity_insecurity,,,,,,,,,,,,,1.0,0.0,higher=worse,0.0,3.3097934374156424,2.034101295804037,-0.7432418680777965,7.36282874290908,0.1079556297338077,1033.0,1794.0,46.46660212971926,43.47826086956522,46.67059406675643,43.3608006293408,0.0665896800518923,-0.0149532709917739,0.1481326310955587,88.0,0.2364219419182215,,,,,,,,,,,,,,,6.8,,,,,,
income_adjusted_sensitivity,,any_reliability_event,Any outage or voltage-instability event,,Adjusted cross-sectional adopter minus non-adopter difference,,,,,0.0909036441235003,75.0,2827.0,percentage points,,f,electricity_insecurity,,,,,,,,,,,,,1.0,0.0,higher=worse,0.0,3.594654660203542,2.098482274858055,-0.5866625463173604,7.7759718667244435,0.0909036441235003,1033.0,1794.0,46.46660212971926,43.47826086956522,46.85136556788203,43.25671090767849,0.0723207983356509,-0.0118030541773642,0.1564446508486661,90.0,0.2367682342337247,,,,,,,,,,,,,,,6.8,,,,,,
,,,,,,,,0.920751471232418,0.9789588375220448,,,,,,g,,,,,,,,,,,,,,,,,,,,,,,,,,,,,,,,,,battery_backup_appliance_lighting_phone,Lighting and phone charging,186.0,194.0,0.9587628865979382,95.8762886597938,92.0751471232418,97.89588375220448,,,,,,,6.8,,,,,,
,,,,,,,,0.6493482383929975,0.7752341545023668,,,,,,g,,,,,,,,,,,,,,,,,,,,,,,,,,,,,,,,,,battery_backup_appliance_fan,Electric fan,139.0,194.0,0.7164948453608248,71.64948453608247,64.93482383929975,77.52341545023668,,,,,,,6.8,,,,,,
,,,,,,,,0.6225076277916916,0.751529242139939,,,,,,g,,,,,,,,,,,,,,,,,,,,,,,,,,,,,,,,,,battery_backup_appliance_refrigerator,Refrigerator,134.0,194.0,0.6907216494845361,69.0721649484536,62.25076277916916,75.1529242139939,,,,,,,6.8,,,,,,
,,,,,,,,0.12376331851816,0.2292539875460466,,,,,,g,,,,,,,,,,,,,,,,,,,,,,,,,,,,,,,,,,battery_backup_appliance_ac,Air conditioner,33.0,194.0,0.1701030927835051,17.010309278350515,12.376331851816005,22.92539875460466,,,,,,,6.8,,,,,,
,,,,,,,,0.093126785504587,0.1891267884103922,,,,,,g,,,,,,,,,,,,,,,,,,,,,,,,,,,,,,,,,,battery_backup_appliance_cooking_water,Cooking or hot water,26.0,194.0,0.134020618556701,13.402061855670103,9.312678550458706,18.912678841039224,,,,,,,6.8,,,,,,
,,,,,,,,0.0319525598114929,0.0986644452122848,,,,,,g,,,,,,,,,,,,,,,,,,,,,,,,,,,,,,,,,,battery_backup_appliance_agriculture,Water pump/agricultural equipment,11.0,194.0,0.056701030927835,5.670103092783505,3.195255981149291,9.866444521228484,,,,,,,6.8,,,,,,
,,,,,,,,0.4051458741537913,0.5443086028824747,,,,,,h,,,,,,,,,,,,,,,,,,,,,,,,,,,,,,,,,,battery_outage_supply_code,,92.0,194.0,0.4742268041237113,,,,1.0,No outage experienced,,,,,6.8,,,,,,
,,,,,,,,0.0514016684502074,0.1297608595373041,,,,,,h,,,,,,,,,,,,,,,,,,,,,,,,,,,,,,,,,,battery_outage_supply_code,,16.0,194.0,0.0824742268041237,,,,2.0,Outage; battery did not supply,,,,,6.8,,,,,,
,,,,,,,,0.1597810188704941,0.2741091239356867,,,,,,h,,,,,,,,,,,,,,,,,,,,,,,,,,,,,,,,,,battery_outage_supply_code,,41.0,194.0,0.211340206185567,,,,3.0,Supplied limited devices,,,,,6.8,,,,,,
,,,,,,,,0.1643464956290969,0.2796527517698306,,,,,,h,,,,,,,,,,,,,,,,,,,,,,,,,,,,,,,,,,battery_outage_supply_code,,42.0,194.0,0.2164948453608247,,,,4.0,Maintained basic services,,,,,6.8,,,,,,
,,,,,,,,0.0052728231857121,0.0444713450960914,,,,,,h,,,,,,,,,,,,,,,,,,,,,,,,,,,,,,,,,,battery_outage_supply_code,,3.0,194.0,0.0154639175257731,,,,9.0,Unclear,,,,,6.8,,,,,,
,,,,,,,,0.0142500395322329,0.0658214425278109,,,,,,i,,,,,,,,,,,,,,,,,,,,,,,,,,,,,,,,,,battery_backup_duration_code,,6.0,194.0,0.0309278350515463,,,,1.0,<1 hour,,,,,6.8,,,,,,
,,,,,,,,0.6065141342041189,0.7371954219492713,,,,,,i,,,,,,,,,,,,,,,,,,,,,,,,,,,,,,,,,,battery_backup_duration_code,,131.0,194.0,0.6752577319587629,,,,2.0,1–3 hours,,,,,6.8,,,,,,
,,,,,,,,0.1735155857001419,0.2907018708842792,,,,,,i,,,,,,,,,,,,,,,,,,,,,,,,,,,,,,,,,,battery_backup_duration_code,,44.0,194.0,0.2268041237113402,,,,3.0,3–6 hours,,,,,6.8,,,,,,
,,,,,,,,0.0028317438060594,0.0368033198829974,,,,,,i,,,,,,,,,,,,,,,,,,,,,,,,,,,,,,,,,,battery_backup_duration_code,,2.0,194.0,0.0103092783505154,,,,4.0,>6 hours,,,,,6.8,,,,,,
,,,,,,,,0.0319525598114929,0.0986644452122848,,,,,,i,,,,,,,,,,,,,,,,,,,,,,,,,,,,,,,,,,battery_backup_duration_code,,11.0,194.0,0.056701030927835,,,,9.0,Unclear,,,,,6.8,,,,,,
,,total_electricity_consumption_kwh,Total electricity use (kWh/day),,post-adoption effect on non-hot days,0.2899156050034172,0.053221706020792,0.1838690408692562,0.3959621691375781,6.399507224716546e-07,75.0,642633.0,,,e,,,,,,,,,,,,,,,,,,,,,,,,,,,,,,,,,,,,,,,,,,,,,Daily mean temperature >30 C,,1.0,6.8,main sample,,Non-extreme days,Total use,CORAL,-0.1
,,grid_import_kwh,Grid imports (kWh/day),,post-adoption effect on non-hot days,-1.113777084293169,0.0581967087228127,-1.2297365576997483,-0.9978176108865888,2.231960614231185e-30,75.0,642633.0,,,e,,,,,,,,,,,,,,,,,,,,,,,,,,,,,,,,,,,,,,,,,,,,,Daily mean temperature >30 C,,1.0,6.8,main sample,,Non-extreme days,Grid purchases,NAVY,0.1
,,total_electricity_consumption_kwh,Total electricity use (kWh/day),,post-adoption effect on hot days,0.3134642762163711,0.1546179721558312,0.0053812415592031,0.6215473108735391,0.0462288344556568,75.0,29759.0,,,e,,,,,,,,,,,,,,,,,,,,,,,,,,,,,,,,,,,,,,,,,,,,,Daily mean temperature >30 C,,0.0,6.8,main sample,,Extreme-heat days,Total use,CORAL,-0.1
,,grid_import_kwh,Grid imports (kWh/day),,post-adoption effect on hot days,-3.188653332803158,0.1193875447612103,-3.42653820852273,-2.9507684570835857,9.778387822906695e-40,75.0,29759.0,,,e,,,,,,,,,,,,,,,,,,,,,,,,,,,,,,,,,,,,,,,,,,,,,Daily mean temperature >30 C,,0.0,6.8,main sample,,Extreme-heat days,Grid purchases,NAVY,0.1
