panel,anon_id,in_four_sample_provinces,value
a,A000001,0,10.25340121431068
a,A000002,0,15.835259541193151
a,A000003,0,14.08568860391394
a,A000004,0,5.992537008431775
a,A000005,0,13.778749502992902
a,A000006,0,12.99897513136701
a,A000007,0,14.429939824999554
a,A000008,0,15.402487990578535
a,A000009,1,15.777687429603724
a,A000010,0,13.559811570625664
a,A000011,0,16.947455465281998
a,A000012,0,15.375781862910127
a,A000013,0,8.098981341222862
a,A000014,0,17.23491367356774
a,A000015,0,13.44435676657585
a,A000016,0,15.71690463332619
a,A000017,0,14.010832499154224
a,A000018,0,14.17126702089246
a,A000019,0,2.2899483982330087
a,A000020,0,17.667626907263173
a,A000021,0,7.016825725787854
a,A000022,0,14.26690276377175
a,A000023,0,12.814326681577713
a,A000024,0,9.853944032883916
a,A000025,0,5.204087520988542
a,A000026,0,13.834511499420788
a,A000027,0,5.308588957313854
a,A000028,0,7.371422135756615
a,A000029,0,8.223628245703825
a,A000030,0,12.628243374075788
a,A000031,0,17.642371383029097
a,A000032,0,4.524902167691708
a,A000033,1,17.36454540267474
a,A000034,0,12.213923464843262
a,A000035,0,16.564651818823112
a,A000036,0,13.939700553508754
a,A000037,0,6.398325819037277
a,A000038,0,15.213881478338172
a,A000039,0,6.10022880215717
a,A000040,0,11.694907316906397
a,A000041,1,17.325719491620713
a,A000042,1,15.74123965925517
a,A000043,0,5.31229177140251
a,A000044,0,17.350919259310647
a,A000045,0,12.249745876218512
a,A000046,0,13.226495132078677
a,A000047,0,3.3350086897894355
a,A000048,0,21.417391328662536
a,A000049,0,12.674394444415524
a,A000050,0,10.258367090151935
a,A000051,0,11.755850695787927
a,A000052,1,9.890547655366836
a,A000053,1,15.602306326760688
a,A000054,0,-1.6117555460033284
a,A000055,0,16.709816844454036
a,A000056,0,21.88606344416109
a,A000057,0,9.986221069100504
a,A000058,0,12.58246687016767
a,A000059,0,20.821509885576543
a,A000060,1,8.008053832048983
a,A000061,0,16.566918349967484
a,A000062,1,9.509126883571776
a,A000063,0,16.40188059045808
a,A000064,0,17.1874641648247
a,A000065,0,19.440933919353885
a,A000066,0,-2.0505365363329697
a,A000067,0,12.70054819538988
a,A000068,0,12.67473717398756
a,A000069,0,11.015077049475506
a,A000070,1,18.403206726493995
a,A000071,0,15.204394441736028
a,A000072,0,7.368984871484066
a,A000073,0,0.238554833652768
a,A000074,0,8.468182704869387
a,A000075,0,14.390120652086516
a,A000076,0,1.7067857255322727
a,A000077,0,17.473863231375066
a,A000078,0,17.80989416191052
a,A000079,1,16.33386116893712
a,A000080,0,7.609674841251063
a,A000081,0,17.390256657973033
a,A000082,0,4.382409532899271
a,A000083,1,18.40772353983909
a,A000084,0,-0.2100599007984235
a,A000085,0,7.932628763292955
a,A000086,1,7.939429608654925
a,A000087,0,17.079807601674386
a,A000088,0,16.598003402791804
a,A000089,0,17.643719952239046
a,A000090,0,20.36712809975912
a,A000091,0,16.665720226315496
a,A000092,0,9.97850215186706
a,A000093,1,17.736569649630013
a,A000094,0,18.20441104914101
a,A000095,0,11.411670041180278
a,A000096,0,16.805198929061838
a,A000097,0,-0.2888479920588365
a,A000098,0,11.243094672538556
a,A000099,0,14.35822962365178
a,A000100,0,17.565817937694185
a,A000101,0,15.862480922708947
a,A000102,1,15.659335921707406
a,A000103,0,6.100110608738852
a,A000104,1,17.1334885239309
a,A000105,0,4.205717993013773
a,A000106,0,21.942411666942817
a,A000107,0,17.36689708186438
a,A000108,0,7.570133111573173
a,A000109,0,12.196856816570966
a,A000110,0,11.425465132565506
a,A000111,0,13.709945094033657
a,A000112,0,13.174108281984228
a,A000113,0,8.479584475367377
a,A000114,0,15.76903193032439
a,A000115,0,15.527150520535043
a,A000116,0,21.06360502909456
a,A000117,0,18.088866790789183
a,A000118,0,18.519668590590257
a,A000119,0,7.779762943498156
a,A000120,0,23.06807759297213
a,A000121,1,13.125008490924047
a,A000122,0,12.419625789008826
a,A000123,0,16.826817361978307
a,A000124,0,6.190205546223155
a,A000125,0,1.6257521958317387
a,A000126,0,3.1112848185892887
a,A000127,0,17.130168253571483
a,A000128,0,21.95177250256705
a,A000129,0,10.14540323408073
a,A000130,0,8.251264979208305
a,A000131,0,15.759817143227252
a,A000132,1,17.288698839433778
a,A000133,1,9.370470897107774
a,A000134,0,18.5112826835754
a,A000135,0,10.65552729662622
a,A000136,0,9.250254844406337
a,A000137,0,9.321263546616594
a,A000138,0,13.658203019349706
a,A000139,0,18.31453832056584
a,A000140,0,18.33816682747714
a,A000141,1,17.87116562926887
a,A000142,0,8.984779999960097
a,A000143,0,21.92226424469282
a,A000144,0,3.770377689883597
a,A000145,0,-3.807440642865649
a,A000146,1,8.659250886995
a,A000147,0,-1.1471021602543066
a,A000148,0,21.31656202255993
a,A000149,0,13.789781570892076
a,A000150,0,8.330747791701276
a,A000151,1,12.311088188239196
a,A000152,0,12.97874482854565
a,A000153,0,3.567581592912309
a,A000154,0,3.9357722910766784
a,A000155,0,14.60850697536921
a,A000156,0,24.52699222932947
a,A000157,0,17.717964839671698
a,A000158,0,17.758940826394632
a,A000159,1,10.087800659744907
a,A000160,0,3.923708935854144
a,A000161,0,-6.362631172975595
a,A000162,0,20.200653415378188
a,A000163,0,15.37115823639483
a,A000164,0,16.265348652851465
a,A000165,0,20.746184269524534
a,A000166,0,21.31346209831096
a,A000167,0,15.437516550480566
a,A000168,1,17.043282457222595
a,A000169,0,3.0735525360226124
a,A000170,0,0.1723761923781535
a,A000171,0,14.202153837226891
a,A000172,0,17.44280684693517
a,A000173,0,11.557002215699738
a,A000174,0,0.6421975012905242
a,A000175,1,9.381149718079229
a,A000176,0,15.218823503306812
a,A000177,0,15.469271108775304
a,A000178,1,5.1212430106996205
a,A000179,0,14.30394683850751
a,A000180,0,15.670735064272378
a,A000181,0,5.794030561439973
a,A000182,0,15.27648198375125
a,A000183,0,7.255197744622804
a,A000184,0,14.62910840556657
a,A000185,0,18.608765799042303
a,A000186,0,21.03229860897373
a,A000187,0,3.8192506720146304
a,A000188,1,8.020189065124843
a,A000189,0,18.93656542433224
a,A000190,0,3.535702621357812
a,A000191,1,9.617561320256552
a,A000192,0,5.344169880211315
a,A000193,0,17.396692217761963
a,A000194,0,15.28600091924798
a,A000195,0,4.01917494193565
a,A000196,0,12.45829184293784
a,A000197,0,13.482228478818795
a,A000198,0,4.763576355987956
a,A000199,1,18.24224062684504
a,A000200,0,17.83210821663588
a,A000201,0,1.2494188386379574
a,A000202,0,4.471443446016866
a,A000203,0,16.523460492704302
a,A000204,0,20.863875947714074
a,A000205,0,15.656646164119216
a,A000206,0,13.860152035523994
a,A000207,0,11.922863438946267
a,A000208,0,8.28736547430478
a,A000209,0,15.249323364986736
a,A000210,0,15.289367452311948
a,A000211,0,13.238201546483475
a,A000212,0,9.315770419277198
a,A000213,0,-0.3809959013663355
a,A000214,0,17.8679894107603
a,A000215,0,14.433603682070755
a,A000216,0,21.24984683278249
a,A000217,0,14.953122483799618
a,A000218,0,9.686771395926884
a,A000219,0,10.222160969256391
a,A000220,0,1.9742614505500504
a,A000221,0,3.542219118682377
a,A000222,0,16.831806898955747
a,A000223,0,17.38574035747131
a,A000224,0,16.974801126268776
a,A000225,0,17.716797996474803
a,A000226,0,15.133179141620866
a,A000227,0,12.31229775307012
a,A000228,1,9.180933658134988
a,A000229,0,14.363717017777066
a,A000230,0,15.42488971459638
a,A000231,1,15.453742229962076
a,A000232,0,6.025579873712941
a,A000233,0,22.47812143372063
a,A000234,0,10.934743403605673
a,A000235,1,20.59934475630581
a,A000236,0,14.524303852746032
a,A000237,0,14.717997671392958
a,A000238,0,11.17812929404259
a,A000239,0,2.4733345656662395
a,A000240,0,8.824104429799645
a,A000241,0,13.684551758724918
a,A000242,0,6.555316135969208
a,A000243,0,12.144939946842523
a,A000244,0,16.401294647124203
a,A000245,0,15.913106562140085
a,A000246,0,19.815566839634723
a,A000247,0,17.04040202623064
a,A000248,0,17.899236555522062
a,A000249,0,1.84847926581986
a,A000250,0,17.89486269450117
a,A000251,0,14.50524305020488
a,A000252,0,21.93310033016295
a,A000253,0,15.124133127023583
a,A000254,0,17.149270189537244
a,A000255,0,12.89914924694767
a,A000256,0,23.237171278708896
a,A000257,0,15.29052609967328
a,A000258,1,6.797029975700831
a,A000259,0,6.967891090555167
a,A000260,0,-1.4496992718612014
a,A000261,0,12.912349432980996
a,A000262,0,6.046565604941204
a,A000263,0,15.70766969036884
a,A000264,0,21.72413603041375
a,A000265,0,14.288067820717457
a,A000266,0,21.6003541136651
a,A000267,0,19.107763489742883
a,A000268,1,8.115967149895322
a,A000269,0,18.150340971563924
a,A000270,0,14.124223873357854
a,A000271,1,15.899320379464497
a,A000272,0,21.773878295627416
a,A000273,0,9.716158682803693
a,A000274,0,4.117448247642859
a,A000275,0,0.7884101320685806
a,A000276,0,17.43911840056025
a,A000277,0,5.754765579583387
a,A000278,0,14.818432613716832
a,A000279,1,16.24346776884031
a,A000280,0,16.939990638766265
a,A000281,0,13.089715405559447
a,A000282,0,13.42517701586135
a,A000283,0,17.587732185504844
a,A000284,1,14.531622261116384
a,A000285,0,6.519678491260813
a,A000286,0,12.831522028551635
a,A000287,1,14.754899358668297
a,A000288,0,11.68133802152282
a,A000289,0,13.769853512140456
a,A000290,0,7.288859669254901
a,A000291,1,16.62231833171809
a,A000292,0,17.192126477579492
a,A000293,0,14.07789964899966
a,A000294,0,12.28481841030982
a,A000295,0,14.233386471773889
a,A000296,0,15.7412581333112
a,A000297,0,6.218154603157382
a,A000298,1,9.042784041359186
a,A000299,0,7.991139921622897
a,A000300,0,16.46413885871267
a,A000301,1,16.456437775673763
a,A000302,1,14.312818371115595
a,A000303,0,9.658866706802833
a,A000304,0,15.093387959675503
a,A000305,0,15.334595362358948
a,A000306,0,14.1371965505213
a,A000307,0,13.709788295919738
a,A000308,0,17.977516059256427
a,A000309,0,7.086400300333361
a,A000310,0,14.25740996606376
a,A000311,0,7.145120945665343
a,A000312,0,1.638248531260322
a,A000313,0,20.03807066144742
a,A000314,0,2.729207896921799
a,A000315,0,4.667834881127798
a,A000316,0,2.4835218679141207
a,A000317,0,16.359653686537918
a,A000318,1,17.835376788944522
a,A000319,0,3.4528231493714494
a,A000320,0,7.423785687224648
a,A000321,0,16.66851735252647
a,A000322,0,9.804128368867133
a,A000323,0,13.92131390127096
a,A000324,0,15.18375204903844
a,A000325,0,-1.2573739756140472
a,A000326,0,16.45451121495262
a,A000327,0,8.323615868445804
a,A000328,0,15.593364764125637
a,A000329,0,14.601341183782631
a,A000330,0,20.0702971456011
a,A000331,0,16.982908640049917
a,A000332,0,17.283334218826177
a,A000333,0,12.236072929424202
a,A000334,0,8.670117999207788
a,A000335,1,14.851327928755587
a,A000336,0,17.608084645668296
a,A000337,0,8.772956727788438
a,A000338,0,10.511754151187782
a,A000339,0,14.039357637603327
a,A000340,0,4.417093864498948
a,A000341,0,12.902442270422364
a,A000342,0,13.891884978126022
a,A000343,0,7.3142778420348975
a,A000344,0,12.270942996803258
a,A000345,0,14.478371528949374
a,A000346,0,15.448522487001654
a,A000347,0,13.608790517377672
a,A000348,0,15.624553040043038
a,A000349,0,6.507826152438642
a,A000350,0,9.148075130001848
a,A000351,0,10.431211630667104
a,A000352,0,-1.618224690418368
a,A000353,0,15.683518881346034
a,A000354,0,14.344462469924968
a,A000355,0,14.037173086866588
a,A000356,1,17.19541774455677
a,A000357,0,12.441405091143007
a,A000358,0,17.6084581704653
a,A000359,0,21.19278270519934
a,A000360,0,-0.6595080319468591
a,A000361,0,13.26234983763633
a,A000362,0,21.80649994061041
a,A000363,0,7.927745501071314
a,A000364,1,18.300215508502298
a,A000365,0,13.582751083016383
a,A000366,0,15.991865198143206
a,A000367,0,13.718218890462952
a,A000368,0,16.288715530721852
a,A000369,0,14.395046070261724
a,A000370,0,-1.414639839087805
a,A000371,0,5.681902938135815
a,A000372,0,13.22161504774438
a,A000373,1,7.579686764425353
a,A000374,0,14.062773271654224
a,A000375,0,2.561266560644341
a,A000376,0,9.2771394398705
a,A000377,0,13.724077990870384
a,A000378,0,13.413326846573788
a,A000379,1,15.89685519471093
a,A000380,0,11.369846586898626
a,A000381,0,6.657476645754686
a,A000382,0,3.24378842759583
a,A000383,0,-2.94607801557686
a,A000384,0,15.912792943862645
a,A000385,0,5.029525652810629
a,A000386,0,14.40923428011497
a,A000387,0,5.780682284473486
a,A000388,0,9.953136299971789
a,A000389,0,13.49247246734441
a,A000390,0,15.87513943368217
a,A000391,1,16.179514496505647
a,A000392,0,10.156638764560109
a,A000393,0,22.426536973270057
a,A000394,0,-4.944878545808688
a,A000395,0,5.53912714158355
a,A000396,0,14.72719151578653
a,A000397,0,3.5247028744011994
a,A000398,0,14.291461818196922
a,A000399,0,10.942964841703516
a,A000400,0,15.920755507533908
a,A000401,0,15.468842033058152
a,A000402,0,16.026256234339026
a,A000403,0,12.93942525804145
a,A000404,0,21.93039623664587
a,A000405,0,16.207197886502158
a,A000406,0,14.722140406828611
a,A000407,1,16.656471165869828
a,A000408,0,17.957883438070265
a,A000409,0,9.841833164682084
a,A000410,0,14.17367348534398
a,A000411,1,15.685829068440428
a,A000412,0,16.893722616859435
a,A000413,0,15.252140990906875
a,A000414,0,20.073701062996697
a,A000415,0,15.25637268934126
a,A000416,0,16.225095084652647
a,A000417,0,4.077084068568098
a,A000418,0,7.088313675148016
a,A000419,0,18.41222365321317
a,A000420,0,11.26079475240769
a,A000421,0,24.409617892006587
a,A000422,0,11.466987935538013
a,A000423,0,17.611426316981298
a,A000424,0,17.622805315041433
a,A000425,0,16.58187314558559
a,A000426,0,13.435755349691966
a,A000427,0,14.820665900604832
a,A000428,0,17.802204935923317
a,A000429,0,16.71091791678535
a,A000430,0,15.730043049966012
a,A000431,1,15.958020941853798
a,A000432,0,10.377327446047907
a,A000433,0,16.46310601470533
a,A000434,0,12.373992154251434
a,A000435,1,14.75173627815085
a,A000436,1,19.92605404123452
a,A000437,1,7.279096051160465
a,A000438,0,11.799199717491565
a,A000439,1,15.858456583978066
a,A000440,0,5.454689211858313
a,A000441,0,4.372472482831932
a,A000442,0,18.434111797784805
a,A000443,0,10.86931262496046
a,A000444,0,13.495967389722482
a,A000445,0,17.169021854077823
a,A000446,0,17.46449599627142
a,A000447,0,13.246276931049524
a,A000448,0,16.726431809846453
a,A000449,0,15.803266928872288
a,A000450,0,8.659388736291625
a,A000451,0,20.90250528393869
a,A000452,1,18.607731595196626
a,A000453,0,11.183650572585556
a,A000454,0,17.46134567464554
a,A000455,0,10.297283243647126
a,A000456,0,20.666571955934533
a,A000457,0,15.808615986048808
a,A000458,0,17.399160982402766
a,A000459,0,11.974223737545229
a,A000460,0,20.063613078849983
a,A000461,0,15.81760740563126
a,A000462,0,10.280982444686671
a,A000463,0,12.87391801132478
a,A000464,0,13.692172033936227
a,A000465,0,14.603459726872863
a,A000466,0,15.96288604292658
a,A000467,0,15.123185086615187
a,A000468,1,17.51126633164415
a,A000469,0,10.51525536925756
a,A000470,0,13.887971586114602
a,A000471,0,14.58833826521571
a,A000472,0,6.712786499142801
a,A000473,0,16.077627940968917
a,A000474,0,12.770797912611028
a,A000475,1,16.074227250797367
a,A000476,0,13.836301099421446
a,A000477,0,9.513709227417214
a,A000478,0,12.30299277885541
a,A000479,0,-1.5377613767386444
a,A000480,0,16.592132600860126
a,A000481,0,13.725350840583332
a,A000482,0,12.04707088593627
a,A000483,0,16.215642814418135
a,A000484,0,14.724913240921088
a,A000485,0,9.74202673676534
a,A000486,0,13.731312134987144
a,A000487,0,-7.521290729208886
a,A000488,0,15.403505746490804
a,A000489,0,2.595496416846977
a,A000490,0,13.761326875170424
a,A000491,0,14.249259832924052
a,A000492,0,-1.726432826037318
a,A000493,0,19.067837972637538
a,A000494,0,0.5430384233004607
a,A000495,0,15.333061190260963
a,A000496,0,14.075070376082897
a,A000497,0,16.251413909492452
a,A000498,0,9.928522598385696
a,A000499,0,6.528499642117946
a,A000500,0,14.750832975683169
a,A000501,0,8.936230330049124
a,A000502,0,6.85161566272584
a,A000503,0,21.376736504661167
a,A000504,0,12.712749981318629
a,A000505,0,18.543422883518883
a,A000506,0,21.960392989263404
a,A000507,0,0.6573275478621862
a,A000508,0,18.77398274650997
a,A000509,0,13.587824795708451
a,A000510,0,13.783217056915554
a,A000511,0,12.085825084631296
a,A000512,0,12.94812855672719
a,A000513,1,17.343581331361335
a,A000514,0,17.068798699627656
a,A000515,0,17.647905377437258
a,A000516,0,24.68703921855144
a,A000517,0,7.220997172251738
a,A000518,0,14.480355531342848
a,A000519,1,8.088688940421427
a,A000520,0,14.756222394853957
a,A000521,0,5.180491764733822
a,A000522,0,3.121213616016564
a,A000523,0,1.827605155568051
a,A000524,0,0.9677909642847018
a,A000525,0,16.069769776442392
a,A000526,0,-6.607411264495488
a,A000527,0,12.155457383021984
a,A000528,0,-2.142264120176948
a,A000529,0,21.542939695343648
a,A000530,0,15.409012227251624
a,A000531,0,20.303082712470665
a,A000532,0,21.165520464143032
a,A000533,1,15.616589648102702
a,A000534,0,16.338796699952614
a,A000535,0,21.372265623992195
a,A000536,0,16.262474466021676
a,A000537,0,8.479114836285842
a,A000538,1,16.489613831734438
a,A000539,0,16.326149901492464
a,A000540,0,17.819477902517452
a,A000541,0,13.343085118593862
a,A000542,0,15.197447755952862
a,A000543,0,17.153377281728652
a,A000544,0,16.647123808865395
a,A000545,0,4.519542037165971
a,A000546,0,17.259411841001725
a,A000547,0,16.144775805787415
a,A000548,0,17.288665085139726
a,A000549,0,16.3657544031545
a,A000550,0,10.509479860739004
a,A000551,1,17.997847973422612
a,A000552,0,14.340452240077962
a,A000553,0,9.8370045418769
a,A000554,0,21.703665620030133
a,A000555,1,15.265296665739394
a,A000556,1,16.25460771613631
a,A000557,0,17.95534456667041
a,A000558,0,15.519766281697985
a,A000559,0,9.596411808205724
a,A000560,0,9.673829712073932
a,A000561,0,8.565185530847158
a,A000562,1,15.094101067017904
a,A000563,0,16.025459232102705
a,A000564,0,16.98905792714931
a,A000565,0,9.636159010903889
a,A000566,1,15.77001027216808
a,A000567,0,16.107416853368594
a,A000568,0,1.3110772636221637
a,A000569,0,15.82761488500023
a,A000570,0,15.136522209667929
a,A000571,0,20.87324429675505
a,A000572,1,14.910579946957398
a,A000573,0,1.453234922741321
a,A000574,0,13.48101747364652
a,A000575,0,13.13126935885963
a,A000576,1,9.885674192576111
a,A000577,0,14.51164314632413
a,A000578,0,10.115011481699224
a,A000579,0,17.965133236105537
a,A000580,0,13.681475587846178
a,A000581,0,16.129436636109897
a,A000582,0,7.274440829196373
a,A000583,0,18.13441701408927
a,A000584,0,18.78349543712915
a,A000585,0,20.586540043167567
a,A000586,0,10.521064166843315
a,A000587,0,11.947232743805325
a,A000588,0,7.622461661531291
a,A000589,0,16.853136514696438
a,A000590,1,15.575100526813705
a,A000591,0,14.784709739880718
a,A000592,0,8.611368142173868
a,A000593,0,15.117681755808952
a,A000594,0,-1.439981157262885
a,A000595,0,17.521851129524936
a,A000596,1,12.549667583104682
a,A000597,0,13.908364805581549
a,A000598,0,14.730311849105377
a,A000599,1,17.033134317168905
a,A000600,0,12.493100070364315
a,A000601,0,15.03209526007651
a,A000602,0,4.86676618998137
a,A000603,0,5.044256685975375
a,A000604,0,22.7352581774858
a,A000605,0,2.2031601861585592
a,A000606,0,21.55880594501576
a,A000607,0,14.145479113241002
a,A000608,0,6.130934069857114
a,A000609,0,2.713387917563444
a,A000610,0,16.089723158624313
a,A000611,0,12.943636966810706
a,A000612,0,3.854136794934522
a,A000613,0,13.911419486659124
a,A000614,0,20.84837326922225
a,A000615,0,14.305806096226195
a,A000616,0,0.5984661358318589
a,A000617,0,5.472137217133585
a,A000618,0,6.137331291173366
a,A000619,0,10.063072571004042
a,A000620,0,15.790359939018517
a,A000621,0,3.285389662345938
a,A000622,0,21.52348622134898
a,A000623,0,3.191312749149528
a,A000624,1,20.6185522170477
a,A000625,0,14.886297374533
a,A000626,0,3.1347763479484745
a,A000627,0,13.24832324001362
a,A000628,0,18.812695624042085
a,A000629,0,21.552924346155383
a,A000630,0,12.905563427098503
a,A000631,0,18.526828391395377
a,A000632,0,12.620731148879434
a,A000633,0,5.494217510939969
a,A000634,0,10.055845071470245
a,A000635,0,17.434183626961666
a,A000636,0,7.060147637994448
a,A000637,1,17.2692080369922
a,A000638,0,19.616145960746064
a,A000639,0,14.254217135711656
a,A000640,0,17.671308684052654
a,A000641,1,17.834443025875323
a,A000642,0,15.053524942469034
a,A000643,0,13.03054822827642
a,A000644,0,20.72242216422741
a,A000645,1,20.20068150897741
a,A000646,0,17.230249159259802
a,A000647,0,20.139274895038348
a,A000648,1,16.999452451939103
a,A000649,0,17.684019135344855
a,A000650,0,13.65850890380658
a,A000651,0,17.56404542582159
a,A000652,0,0.6525542480917897
a,A000653,0,3.088908873008388
a,A000654,0,8.192052289446076
a,A000655,0,-2.6112174176409293
a,A000656,0,4.083583641027041
a,A000657,0,13.502953796407605
a,A000658,1,16.23727752617954
a,A000659,0,20.083464274880924
a,A000660,0,14.395279885518631
a,A000661,0,7.268365669908563
a,A000662,0,3.711723780463197
a,A000663,0,4.4024074332559
a,A000664,0,1.0050710313879323
a,A000665,0,5.628097751770567
a,A000666,0,0.5562367947436508
a,A000667,0,16.137869054508425
a,A000668,0,17.86682915723305
a,A000669,0,15.9729415166802
a,A000670,1,16.60140544839045
a,A000671,0,4.17601563535617
a,A000672,0,14.2618339670361
a,A000673,0,22.15969888097357
a,A000674,0,23.637379235792206
a,A000675,0,18.000305810711936
a,A000676,0,16.642701270115893
a,A000677,0,12.56963895500045
a,A000678,1,8.226251985798902
a,A000679,0,12.308179620844088
a,A000680,0,11.770128567206337
a,A000681,0,1.143280994878245
a,A000682,0,3.2201152885968707
a,A000683,0,16.55598514623413
a,A000684,0,21.660380519374243
a,A000685,0,-0.5446954242926323
a,A000686,0,17.635936518837987
a,A000687,0,17.129486764691528
a,A000688,1,12.276239752798372
a,A000689,0,14.846399112403086
a,A000690,1,12.507323236422058
a,A000691,0,16.67293306422948
a,A000692,0,20.44459461002497
a,A000693,0,15.47511445809877
a,A000694,0,14.96808616911021
a,A000695,0,-4.066509324067101
a,A000696,0,9.278894774416866
a,A000697,1,16.458161880657922
a,A000698,0,21.45184668205465
a,A000699,0,12.039269519255996
a,A000700,0,16.8759786533095
a,A000701,0,17.016684498979405
a,A000702,0,17.231857635753357
a,A000703,0,6.3475195280995225
a,A000704,0,16.775235250607086
a,A000705,0,15.406399566107696
a,A000706,0,13.447031797793697
a,A000707,0,17.35160247721599
a,A000708,0,18.24561872601384
a,A000709,1,5.294418918844113
a,A000710,1,18.31937763666436
a,A000711,0,17.872078161378756
a,A000712,0,13.606087775749677
a,A000713,0,13.735349602551327
a,A000714,0,-3.9198711201446894
a,A000715,0,0.860973327436096
a,A000716,0,8.462244076945456
a,A000717,0,14.935881646581333
a,A000718,0,-0.477212414170127
a,A000719,0,8.955394713147871
a,A000720,1,14.969938480949269
a,A000721,0,3.989741930205129
a,A000722,0,8.306443158943496
a,A000723,0,22.138078589335446
a,A000724,0,3.468479453363867
a,A000725,0,13.297316314943396
a,A000726,0,12.94275716749664
a,A000727,0,18.256106757512057
a,A000728,0,12.821084615838162
a,A000729,0,1.005799394087226
a,A000730,0,17.724476053197712
a,A000731,0,6.861605869390172
a,A000732,0,4.731955251961719
a,A000733,0,16.561445424476084
a,A000734,0,14.385899111041956
a,A000735,0,7.9331125880234366
a,A000736,0,9.86711480971183
a,A000737,0,14.675372456474106
a,A000738,0,13.641584456988095
a,A000739,0,14.476031804594864
a,A000740,1,16.65168927538967
a,A000741,0,12.3774641383512
a,A000742,0,15.54119991594966
a,A000743,0,20.501327713018256
a,A000744,0,15.213572559174075
a,A000745,0,12.689660012292968
a,A000746,0,3.536595311564703
a,A000747,0,14.467771496195422
a,A000748,0,20.97317401429104
a,A000749,0,14.934467504073403
a,A000750,1,15.792598329790447
a,A000751,0,9.951945486296797
a,A000752,0,11.207759143250128
a,A000753,0,16.444477651707444
a,A000754,0,23.06077665675844
a,A000755,0,19.207194119959023
a,A000756,1,10.601239221669138
a,A000757,0,11.365875356081826
a,A000758,0,11.502146127061884
a,A000759,0,17.264473670161458
a,A000760,0,21.31590860232946
a,A000761,0,15.831391848466598
a,A000762,0,10.83292287674628
a,A000763,1,15.74127165281942
a,A000764,0,16.776553030057613
a,A000765,0,-0.7617368578287573
a,A000766,1,7.584642792756415
a,A000767,0,11.267298413170783
a,A000768,0,17.992893637074204
a,A000769,0,17.206283632701247
a,A000770,0,14.124694850038638
a,A000771,0,22.035794881143268
a,A000772,0,14.620770585853633
a,A000773,0,7.889295922019172
a,A000774,0,12.338810010932605
a,A000775,0,17.457939846895115
a,A000776,0,11.161387540138664
a,A000777,0,12.78099972436376
a,A000778,0,15.00645451296868
a,A000779,0,15.684865222027666
a,A000780,0,23.85280199410343
a,A000781,0,23.858007852300503
a,A000782,0,13.144004730312862
a,A000783,0,18.015290293939
a,A000784,0,12.924559628616077
a,A000785,0,13.119969942744824
a,A000786,1,19.012624287826103
a,A000787,0,15.529178926009662
a,A000788,0,17.23175269940421
a,A000789,0,18.18734854561874
a,A000790,0,16.047093338567088
a,A000791,0,17.440799770485498
a,A000792,0,4.299412788132325
a,A000793,0,7.084480110166035
a,A000794,0,6.426271542199745
a,A000795,0,18.003489972399912
a,A000796,0,12.22002284389886
a,A000797,0,20.8110264128371
a,A000798,0,15.396788450781491
a,A000799,0,16.00371785569987
a,A000800,0,12.708978160253984
a,A000801,0,8.94378735022964
a,A000802,0,2.13732433718134
a,A000803,0,15.245691177056822
a,A000804,0,11.786616274166066
a,A000805,0,17.35947162801466
a,A000806,0,7.975148662058133
a,A000807,0,14.822212554369274
a,A000808,0,1.857186363893848
a,A000809,0,16.840581356075475
a,A000810,0,16.325135916081624
a,A000811,0,9.69284354056754
a,A000812,0,15.556329227713436
a,A000813,0,3.594124710482096
a,A000814,1,14.458647302758251
a,A000815,1,17.252713571089192
a,A000816,1,18.93285001540717
a,A000817,0,18.927577812765627
a,A000818,0,16.647043858847603
a,A000819,0,-1.287239938847818
a,A000820,0,21.0117895787362
a,A000821,0,20.279248740966185
a,A000822,0,13.071837822452448
a,A000823,0,22.373620423733083
a,A000824,0,17.818648326359924
a,A000825,0,21.16018054633624
a,A000826,1,13.841238672091
a,A000827,0,20.868249873934367
a,A000828,0,16.688030218574248
a,A000829,0,9.918606817272789
a,A000830,0,18.352837061893563
a,A000831,0,22.892874504263496
a,A000832,0,13.354335262515926
a,A000833,0,14.138404076959
a,A000834,0,12.783060828598057
a,A000835,1,16.34573764550737
a,A000836,1,14.95044873332998
a,A000837,0,6.817724881796647
a,A000838,0,16.6716753557767
a,A000839,0,4.1642820103264295
a,A000840,0,19.871571183834035
a,A000841,1,8.549455369719851
a,A000842,1,15.675475492900649
a,A000843,0,14.891693455861589
a,A000844,1,11.27068408397298
a,A000845,0,8.558833405394047
a,A000846,0,17.015918922745563
a,A000847,0,5.978453479606345
a,A000848,1,15.663626473541209
a,A000849,0,15.354166344218417
a,A000850,0,10.5886459887006
a,A000851,0,5.53429863936159
a,A000852,0,13.526540149681969
a,A000853,0,22.15116087852641
a,A000854,0,16.251518444343372
a,A000855,0,11.58270499035884
a,A000856,0,2.9694687294085096
a,A000857,0,15.318296971073492
a,A000858,0,3.185405539309578
a,A000859,0,17.36537893646286
a,A000860,0,18.689446000951275
a,A000861,0,15.048100529670505
a,A000862,0,18.04289829898413
a,A000863,1,10.023923462053943
a,A000864,1,6.954025589058302
a,A000865,0,12.966987156358972
a,A000866,0,18.185229746744486
a,A000867,0,4.050132767441492
a,A000868,0,9.745872870101602
a,A000869,0,5.521749564238831
a,A000870,0,16.851037647456188
a,A000871,0,-1.0805803356958328
a,A000872,0,1.3589798373214987
a,A000873,0,15.17176931804815
a,A000874,0,10.595252346997327
a,A000875,0,7.76395338047827
a,A000876,0,0.6744956999754357
a,A000877,1,16.44150290314382
a,A000878,0,7.225984139183211
a,A000879,0,15.906216278665193
a,A000880,0,12.337152731380897
a,A000881,0,9.712294504034194
a,A000882,0,14.65367496030293
a,A000883,0,14.88529919113365
a,A000884,1,17.646935609827985
a,A000885,1,8.141816163225329
a,A000886,0,22.3391972539758
a,A000887,0,16.143935847915003
a,A000888,1,15.64328517621232
a,A000889,0,18.20049952684557
a,A000890,0,17.588505015519036
a,A000891,0,6.3906746759693895
a,A000892,0,3.661956438264266
a,A000893,0,15.46252670982656
a,A000894,0,22.57497835942264
a,A000895,0,16.29529363441093
a,A000896,0,17.782608838414756
a,A000897,0,12.645118892163673
a,A000898,0,11.577272110752746
a,A000899,1,14.978813190063216
a,A000900,0,15.594917693140037
a,A000901,0,3.1910120026933715
a,A000902,0,-3.908428583403788
a,A000903,1,7.467639822280895
a,A000904,0,15.731630078412604
a,A000905,0,13.687966976297863
a,A000906,0,13.53824265645414
a,A000907,0,17.540918437502256
a,A000908,0,-4.273030755298181
a,A000909,0,16.48816895673141
a,A000910,0,3.327148428125063
a,A000911,0,3.628464012049828
a,A000912,0,-1.7630794894800947
a,A000913,0,18.17388511779913
a,A000914,0,3.669360007000008
a,A000915,0,12.79304465638248
a,A000916,0,16.878532681993253
a,A000917,1,7.813205658931273
a,A000918,0,17.59516673451355
a,A000919,0,12.18456518287218
a,A000920,0,15.319344260484574
a,A000921,0,13.507036614472884
a,A000922,1,16.651786988055495
a,A000923,0,14.794317054015346
a,A000924,0,16.91557107409417
a,A000925,0,3.3568168978714428
a,A000926,0,5.858414203692237
a,A000927,0,6.347395952800997
a,A000928,1,16.477243739173044
a,A000929,0,17.338280222679032
a,A000930,0,14.278393447995102
a,A000931,0,17.486943880631706
a,A000932,0,21.496172536343785
a,A000933,1,14.7073891861305
a,A000934,0,12.5844390627617
a,A000935,0,15.160828264054045
a,A000936,0,7.879677369970591
a,A000937,0,16.65922683296774
a,A000938,0,2.9013981296845213
a,A000939,0,14.999363653822217
a,A000940,0,-5.84099889658326
a,A000941,0,4.167864752848317
a,A000942,0,12.966528939566883
a,A000943,0,17.331741866246897
a,A000944,0,4.868949781385069
a,A000945,0,6.341065698002621
a,A000946,0,7.550883281566498
a,A000947,0,20.803879735951263
a,A000948,0,17.262280312354655
a,A000949,0,4.761771887449996
a,A000950,0,-2.150136347724113
a,A000951,0,21.00549212919156
a,A000952,1,17.52728705473935
a,A000953,0,15.339865246583072
a,A000954,1,16.168233224745943
a,A000955,0,6.700691888782299
a,A000956,1,17.206101347410645
a,A000957,0,4.777698854735398
a,A000958,0,10.17557972850508
a,A000959,0,1.175029749006984
a,A000960,0,13.654117298549885
a,A000961,0,-4.409139797716278
a,A000962,1,21.368451070439995
a,A000963,0,17.67816920754306
a,A000964,0,14.472947335421562
a,A000965,0,7.757215142873262
a,A000966,0,3.098608237968524
a,A000967,0,16.803558286060472
a,A000968,0,3.0664373996469814
a,A000969,0,12.079332252592312
a,A000970,1,17.1331594541625
a,A000971,0,4.475466459168453
a,A000972,0,8.345216898552998
a,A000973,1,14.327841529437013
a,A000974,0,17.057190494306443
a,A000975,0,14.133507365347882
a,A000976,0,17.837529053449163
a,A000977,0,-1.7701633771941647
a,A000978,0,10.4119742683042
a,A000979,0,2.385307562467765
a,A000980,0,-7.330804046015677
a,A000981,0,6.559981567519079
a,A000982,0,21.82102959447553
a,A000983,0,4.286519226005125
a,A000984,0,15.164736699938844
a,A000985,0,16.58157266488647
a,A000986,0,17.67764077277626
a,A000987,0,15.144103863057504
a,A000988,1,15.0048497840691
a,A000989,1,12.663480155731463
a,A000990,0,8.094196464352738
a,A000991,0,15.023857379275382
a,A000992,0,14.07876805162
a,A000993,0,21.584746295984186
a,A000994,1,15.568038541994976
a,A000995,0,-5.688880084045596
a,A000996,1,17.461791138678873
a,A000997,0,4.350750488222103
a,A000998,0,13.851467316112355
a,A000999,0,18.930364299618223
a,A001000,0,16.761687768546945
a,A001001,0,5.625977286488095
a,A001002,0,13.86388690314643
a,A001003,0,5.393851293278238
a,A001004,0,16.33137496247199
a,A001005,0,1.686731829791266
a,A001006,0,15.01673799858853
a,A001007,0,18.041644732554992
a,A001008,0,14.067089296580276
a,A001009,1,11.197559950338617
a,A001010,0,12.398967330111644
a,A001011,0,17.02609870717456
a,A001012,1,8.35898009615117
a,A001013,0,15.042585609938396
a,A001014,0,-5.904612168226553
a,A001015,0,6.589650436561416
a,A001016,0,16.33163628206316
a,A001017,0,5.118582471620254
a,A001018,0,22.18649188582674
a,A001019,0,15.673318745420682
a,A001020,0,6.962007882002196
a,A001021,0,13.252832983151912
a,A001022,0,6.357707857905074
a,A001023,0,16.706575647773413
a,A001024,0,15.30029685960818
a,A001025,0,20.20893776038873
a,A001026,0,14.91984585677926
a,A001027,0,18.151989005473872
a,A001028,0,13.244905118098744
a,A001029,1,14.112657782370585
a,A001030,1,8.507475813085753
a,A001031,0,16.171004401498127
a,A001032,1,16.248108268239537
a,A001033,0,17.705846449081164
a,A001034,1,20.83296242306684
a,A001035,0,5.113699488498831
a,A001036,0,14.461722848790874
a,A001037,1,20.129612213626213
a,A001038,0,12.993860316402642
a,A001039,0,15.425024792047484
a,A001040,0,6.698675856716002
a,A001041,0,15.28395244352133
a,A001042,0,16.702577827571957
a,A001043,0,8.028569097121991
a,A001044,0,12.659286551249616
a,A001045,0,3.126620399660016
a,A001046,0,15.323376696005582
a,A001047,0,-6.602077572373365
a,A001048,0,9.19028303778589
a,A001049,0,13.931447321786363
a,A001050,1,8.652481774544247
a,A001051,0,3.5391017571658643
a,A001052,0,24.33061440057577
a,A001053,1,17.30480667374355
a,A001054,0,17.230001231142563
a,A001055,0,18.475688362856687
a,A001056,1,14.856353889460836
a,A001057,0,0.492975661814326
a,A001058,0,15.212620055461851
a,A001059,0,15.98421130706648
a,A001060,0,24.26098404656487
a,A001061,0,17.069678808665252
a,A001062,0,16.923904943228465
a,A001063,1,14.693793630540132
a,A001064,0,17.19031234569538
a,A001065,0,-2.5476926274951874
a,A001066,0,16.20000401779737
a,A001067,0,16.496143335412036
a,A001068,0,14.971228850204026
a,A001069,0,15.795778100208915
a,A001070,0,14.96753738079626
a,A001071,0,15.869837929679134
a,A001072,0,8.420447763240368
a,A001073,0,14.740569930753496
a,A001074,0,12.204441486223786
a,A001075,0,9.55189208246202
a,A001076,0,13.13572318011608
a,A001077,0,3.686737445127624
a,A001078,0,5.310899021340684
a,A001079,0,16.5830113380185
a,A001080,0,6.89636739294688
a,A001081,0,20.191758492208507
a,A001082,0,15.760143394101569
a,A001083,0,18.3768904721972
a,A001084,0,18.0523032488732
a,A001085,0,14.30345460948411
a,A001086,0,13.684040014160187
a,A001087,0,6.325675763531276
a,A001088,0,18.41690011956546
a,A001089,0,5.672709999090387
a,A001090,0,13.12981286889194
a,A001091,0,15.826949596433652
a,A001092,0,17.460571954705532
a,A001093,1,8.338798974204117
a,A001094,0,12.152331080804332
a,A001095,0,13.861848794073186
a,A001096,0,4.147378248421016
a,A001097,1,9.592007043361788
a,A001098,0,13.234708462136409
a,A001099,0,12.86281672735245
a,A001100,0,13.01080596859198
a,A001101,0,14.81795665322574
a,A001102,0,10.233138091623072
a,A001103,0,19.62658659275996
a,A001104,0,17.407762271282504
a,A001105,0,24.515262021027823
a,A001106,0,9.837748206854336
a,A001107,0,10.24030365734959
a,A001108,0,5.020031188640383
a,A001109,0,12.61559827499406
a,A001110,0,13.936622814217392
a,A001111,0,8.282092398197046
a,A001112,0,3.936198079073968
a,A001113,0,9.354345405708608
a,A001114,1,15.456056544918098
a,A001115,0,0.7158151907200152
a,A001116,1,20.82030243595399
a,A001117,0,3.377067314631476
a,A001118,0,8.689071845784124
a,A001119,0,15.073350603506588
a,A001120,0,7.206321043992937
a,A001121,1,16.52026359222717
a,A001122,0,17.43516079066929
a,A001123,1,8.373694793076611
a,A001124,0,18.041504779304123
a,A001125,0,21.48204149483478
a,A001126,0,-5.533191625908712
a,A001127,1,16.633829745129965
a,A001128,0,10.549426526933448
a,A001129,0,11.845670591791237
a,A001130,0,19.45445518337376
a,A001131,0,16.977225832081817
a,A001132,0,9.84979792717372
a,A001133,0,16.709378561522588
a,A001134,0,18.52215537378254
a,A001135,0,16.884212302083963
a,A001136,0,3.4335321021835745
a,A001137,0,9.628229413136731
a,A001138,0,14.82643396942317
a,A001139,0,17.500441621757847
a,A001140,1,8.680296701858788
a,A001141,0,8.477366144386048
a,A001142,0,11.390856377261152
a,A001143,0,8.603032646158288
a,A001144,0,13.199543365746983
a,A001145,0,22.901511609327205
a,A001146,0,12.84619556633147
a,A001147,1,15.826357999610122
a,A001148,0,4.237330756329657
a,A001149,0,3.4428326679025107
a,A001150,0,1.453112936591293
a,A001151,0,14.130886492455042
a,A001152,1,15.47394845060692
a,A001153,1,16.30800921936147
a,A001154,1,5.263461318500116
a,A001155,0,4.3231531286615885
a,A001156,0,22.778333333939187
a,A001157,0,-3.1945163089351234
a,A001158,0,15.97313056243264
a,A001159,0,14.33509781044584
a,A001160,0,9.309555965710627
a,A001161,0,16.797726771850417
a,A001162,1,16.564013864019486
a,A001163,0,9.778695225833944
a,A001164,0,17.12877617833163
a,A001165,0,-6.158373807327632
a,A001166,0,14.38996557698035
a,A001167,0,8.500914663897529
a,A001168,0,4.485241366891302
a,A001169,0,17.377169107118355
a,A001170,0,12.409166203950733
a,A001171,0,5.474611643887772
a,A001172,0,-3.470493575884968
a,A001173,1,15.760995162477323
a,A001174,0,5.916776392440956
a,A001175,1,17.42200638969683
a,A001176,0,-5.040246859313248
a,A001177,0,17.111108746198255
a,A001178,0,16.73549804640372
a,A001179,0,16.38941610792082
a,A001180,0,13.858907991478407
a,A001181,0,9.15715056982223
a,A001182,0,16.956359777941483
a,A001183,0,14.643662668477733
a,A001184,0,17.839866707626
a,A001185,0,9.425687966395554
a,A001186,0,18.83214942433751
a,A001187,0,13.79134096542413
a,A001188,0,17.574361288462015
a,A001189,1,16.33885964073655
a,A001190,0,4.129704819336876
a,A001191,0,14.328917887539848
a,A001192,0,0.5204132482407222
a,A001193,0,8.291216433766577
a,A001194,0,18.227130318071325
a,A001195,0,14.887766842010318
a,A001196,0,18.3622394588765
a,A001197,0,12.487929933607836
a,A001198,0,-2.011861171332657
a,A001199,0,16.003133887223242
a,A001200,0,4.849139666728799
a,A001201,0,22.54231042153271
a,A001202,0,15.391359214058744
a,A001203,0,13.532829834059315
a,A001204,0,15.502538820363707
a,A001205,1,7.613726488585794
a,A001206,0,14.121523554839523
a,A001207,0,5.262666666565044
a,A001208,1,15.530427398082583
a,A001209,1,8.738805537078177
a,A001210,0,15.025663855764314
a,A001211,0,2.777174795603121
a,A001212,0,18.79666123223744
a,A001213,0,2.53910380014062
a,A001214,0,19.988825539736936
a,A001215,0,-7.463938019117521
a,A001216,0,17.795517910817445
a,A001217,1,16.05616583268483
a,A001218,0,7.9611917213950365
a,A001219,0,16.4213275484181
a,A001220,0,15.463155992919232
a,A001221,0,-4.16999137552011
a,A001222,0,21.98989249900245
a,A001223,0,16.94381933001357
a,A001224,0,2.9944509487256497
a,A001225,1,16.078433110786975
a,A001226,0,3.485469450984279
a,A001227,0,21.27102638985278
a,A001228,0,23.49487908382747
a,A001229,0,3.0879550547053265
a,A001230,0,16.79096691395153
a,A001231,0,10.029316130111928
a,A001232,1,9.711174974679116
a,A001233,0,-0.2088909388519591
a,A001234,1,14.693042320662313
a,A001235,0,8.498058991759214
a,A001236,0,16.133174903516572
a,A001237,0,8.809630850495784
a,A001238,1,15.413800064458572
a,A001239,0,15.647386764581894
a,A001240,0,11.809305882633234
a,A001241,0,6.525297413399423
a,A001242,0,13.568889003825346
a,A001243,0,13.62026609600962
a,A001244,0,4.378583723813116
a,A001245,0,-5.07843418268249
a,A001246,0,16.78040807965752
a,A001247,0,17.21757553207856
a,A001248,1,8.6169771787114
a,A001249,0,16.391360233463512
a,A001250,0,12.470487040123908
a,A001251,0,14.66529759798433
a,A001252,0,7.43520623510028
a,A001253,0,8.841284583974803
a,A001254,0,14.244907801015271
a,A001255,0,12.430308797336274
a,A001256,0,17.201617237513084
a,A001257,0,13.460610391969931
a,A001258,0,9.811532955589549
a,A001259,0,5.364573985701255
a,A001260,0,6.846254754457237
a,A001261,0,13.135681873648185
a,A001262,0,16.635605862773282
a,A001263,0,14.90709622579516
a,A001264,0,16.39025155737861
a,A001265,0,8.991600795688932
a,A001266,0,18.20771484950964
a,A001267,0,21.789861587580567
a,A001268,0,15.48306189562892
a,A001269,0,13.74961280958132
a,A001270,0,3.425254929550429
a,A001271,0,3.159969046236176
a,A001272,0,9.361514802196853
a,A001273,0,15.714541498374542
a,A001274,0,11.021512287420546
a,A001275,0,6.854853458220647
a,A001276,0,6.782386754644601
a,A001277,0,22.06279611272977
a,A001278,0,15.861157545325147
a,A001279,1,19.376773670482034
a,A001280,0,16.067444433519725
a,A001281,0,3.587006932630894
a,A001282,0,14.585659887071165
a,A001283,0,16.426608063481797
a,A001284,1,16.346044704787424
a,A001285,0,4.910462194032149
a,A001286,0,8.065622158840617
a,A001287,0,22.80859508653771
a,A001288,0,18.62391322665614
a,A001289,0,3.900103701840668
a,A001290,0,15.45549715705341
a,A001291,0,2.198711326619013
a,A001292,0,22.9795603675116
a,A001293,0,17.534994979220695
a,A001294,0,8.149575535438508
a,A001295,1,17.698733375762313
a,A001296,0,17.358621370339293
a,A001297,0,12.0608030327448
a,A001298,0,13.610046407450882
a,A001299,0,6.4510016314503655
a,A001300,0,21.71569541654121
a,A001301,0,-4.621150212900262
a,A001302,0,21.4388052262746
a,A001303,0,15.483688599653224
a,A001304,1,18.27937641837672
a,A001305,0,15.068681734790095
a,A001306,0,15.787093998148958
a,A001307,1,16.751144466451002
a,A001308,0,15.505751070149222
a,A001309,0,16.211523328095602
a,A001310,0,12.845259654189816
a,A001311,0,8.563493625235756
a,A001312,0,13.482402823232752
a,A001313,0,8.226129920630715
a,A001314,0,8.229721578237875
a,A001315,1,9.625514708522124
a,A001316,0,15.517743239219676
a,A001317,0,5.047130331282235
a,A001318,0,-2.0546179686922192
a,A001319,0,14.23627616408586
a,A001320,0,18.57938565607436
a,A001321,1,13.66320905761028
a,A001322,0,3.0405635214228464
a,A001323,0,19.807329598208742
a,A001324,0,2.6205090704263463
a,A001325,0,18.86685492320208
a,A001326,0,12.481057840824011
a,A001327,0,5.756489389077497
a,A001328,0,13.730051036526666
a,A001329,0,12.887971499216045
a,A001330,0,16.010255872414874
a,A001331,0,13.796549013878334
a,A001332,0,18.128258578328943
a,A001333,0,9.408624991461116
a,A001334,0,8.718903446975682
a,A001335,0,14.322830203095988
a,A001336,0,14.943397843212358
a,A001337,0,11.23761495946959
a,A001338,0,17.208499497806063
a,A001339,1,16.7922775276262
a,A001340,0,2.76219059384126
a,A001341,0,-7.561370817185771
a,A001342,1,17.356986120454337
a,A001343,0,18.67338586289305
a,A001344,1,14.83632459749916
a,A001345,0,13.61726897030988
a,A001346,0,16.355888716816803
a,A001347,0,4.505873093601573
a,A001348,0,17.685924595334136
a,A001349,0,15.715617865503162
a,A001350,0,9.5890217468555
a,A001351,0,15.095083912717987
a,A001352,0,11.011590618257127
a,A001353,0,18.531466194175724
a,A001354,0,3.32407399233617
a,A001355,0,9.282298224260916
a,A001356,0,15.988720731485458
a,A001357,1,13.98211880346303
a,A001358,0,14.691133841790966
a,A001359,0,18.231998235509888
a,A001360,0,13.306204129296512
a,A001361,0,2.4610207321578126
a,A001362,0,16.165491980833988
a,A001363,1,7.704734208209123
a,A001364,0,17.661731546103795
a,A001365,0,8.98184546440458
a,A001366,0,14.252927624922558
a,A001367,0,5.413231701447706
a,A001368,0,16.30866324667348
a,A001369,0,12.988210326794146
a,A001370,1,19.73411308543465
a,A001371,0,14.20423350528818
a,A001372,0,5.85593504780424
a,A001373,0,15.128377858189282
a,A001374,0,15.664848808774048
a,A001375,0,2.9946712436276206
a,A001376,1,7.94550208321559
a,A001377,0,-0.2723485180462116
a,A001378,1,14.752448210288073
a,A001379,0,9.836622290406677
a,A001380,0,18.26013913096696
a,A001381,0,14.294225528172008
a,A001382,0,12.22322557499999
a,A001383,0,13.782557038168342
a,A001384,1,11.345390152472488
a,A001385,0,16.195862070852392
a,A001386,0,-1.028129882414473
a,A001387,0,13.19361664498167
a,A001388,0,14.559905288293043
a,A001389,1,16.732848417125727
a,A001390,1,15.898120965990088
a,A001391,0,11.1714972376844
a,A001392,0,17.781529556956826
a,A001393,0,14.94193184873408
a,A001394,0,8.43729814578388
a,A001395,0,-2.727291332086303
a,A001396,0,16.410575974365663
a,A001397,0,16.608911322759116
a,A001398,0,14.84131189029011
a,A001399,0,14.292741622438577
a,A001400,0,7.941754158381041
a,A001401,0,17.159659917330444
a,A001402,0,17.6956208088342
a,A001403,0,15.625866758301692
a,A001404,0,18.073533968961943
a,A001405,0,4.593407075594634
a,A001406,1,15.89075613456268
a,A001407,0,24.46831273877445
a,A001408,0,10.177318967587398
a,A001409,0,15.385227817893629
a,A001410,1,16.978923224020843
a,A001411,0,14.578771207317978
a,A001412,0,12.57038634878019
a,A001413,0,16.30229035678702
a,A001414,0,-0.3190624852360347
a,A001415,0,15.491220377501774
a,A001416,1,15.647633569501563
a,A001417,1,14.552618171969645
a,A001418,0,9.8730298825728
a,A001419,0,6.91005318670172
a,A001420,0,19.494476649237235
a,A001421,0,18.260569314402684
a,A001422,0,17.260928869338468
a,A001423,0,15.343111590926092
a,A001424,1,20.567709448667213
a,A001425,1,15.702915529077906
a,A001426,1,6.783614598693625
a,A001427,0,18.58643947007289
a,A001428,0,10.923596246910549
a,A001429,0,14.697557955701866
a,A001430,0,16.96419863125627
a,A001431,0,14.909374284081972
a,A001432,0,12.031717832458511
a,A001433,0,14.80815075623303
a,A001434,0,16.58509161947827
a,A001435,0,18.58106653347745
a,A001436,0,17.03280277638884
a,A001437,0,16.42382627175301
a,A001438,0,13.534214887111368
a,A001439,0,15.54271442692079
a,A001440,0,17.04171193930466
a,A001441,0,5.8348595854161625
a,A001442,0,21.155861249513062
a,A001443,0,18.099678641046705
a,A001444,1,20.180954846322788
a,A001445,0,16.241800958821223
a,A001446,0,7.493015986332831
a,A001447,0,2.3956895621752285
a,A001448,1,16.568791587693436
a,A001449,0,13.804386618132048
a,A001450,0,16.863482900236622
a,A001451,0,3.565956534376737
a,A001452,1,15.974099004758084
a,A001453,0,20.05605828606045
a,A001454,0,2.4662564670247367
a,A001455,0,13.625184962416974
a,A001456,0,9.196610442829268
a,A001457,0,15.18180465450895
a,A001458,0,22.673195370061595
a,A001459,0,15.233085616313389
a,A001460,0,13.945922713065928
a,A001461,0,1.604099027192636
a,A001462,0,14.62593017050682
a,A001463,0,14.761893067465152
a,A001464,0,21.139654501568064
a,A001465,0,-6.902628662638929
a,A001466,0,-1.2380139894945894
a,A001467,0,6.04011552162563
a,A001468,0,-7.130971501466039
a,A001469,0,16.861194671139675
a,A001470,0,17.065605774010734
a,A001471,0,18.037157709392503
a,A001472,0,12.495442084759311
a,A001473,0,18.015162706021933
a,A001474,0,3.3743739726730264
a,A001475,0,15.299771297642748
a,A001476,0,4.170599036322729
a,A001477,0,5.488787953201493
a,A001478,0,21.626649146034
a,A001479,0,5.6314551818918375
a,A001480,0,14.181943354860064
a,A001481,1,16.633198977089574
a,A001482,0,13.807082580297395
a,A001483,0,17.316473741631302
a,A001484,0,10.440947777960927
a,A001485,0,3.854164028373386
a,A001486,0,19.044763476385683
a,A001487,0,12.278276419210972
a,A001488,0,-0.7518824815573543
a,A001489,0,13.385083276360426
a,A001490,0,11.440078819362208
a,A001491,0,14.769583452510158
a,A001492,0,15.688070298347116
a,A001493,1,16.98727665633845
a,A001494,0,3.1352135694568912
a,A001495,0,17.69774106898661
a,A001496,0,21.56575981371653
a,A001497,1,12.651398324072575
a,A001498,0,9.880918141923246
a,A001499,1,7.271201319168058
a,A001500,0,17.574219550183667
a,A001501,1,5.912327956813713
a,A001502,0,16.985148685492504
a,A001503,0,4.741678073659142
a,A001504,0,13.29250858466422
a,A001505,1,16.23391146990574
a,A001506,0,16.514894016963684
a,A001507,0,3.310141904851427
a,A001508,0,5.335951318347041
a,A001509,0,15.91549722469906
a,A001510,0,14.141378960348808
a,A001511,0,13.871096820380266
a,A001512,0,16.96808047217734
a,A001513,1,15.866839065778688
a,A001514,0,21.76171390043677
a,A001515,0,-2.073476605599513
a,A001516,1,5.839822840722183
a,A001517,0,13.35544288468944
a,A001518,1,15.31123179615955
a,A001519,0,4.499279028464721
a,A001520,0,16.061790862898615
a,A001521,0,-1.9099667863005056
a,A001522,0,15.467133912584185
a,A001523,0,15.954386373774923
a,A001524,1,20.65837007390724
a,A001525,0,5.784238994113979
a,A001526,0,17.075985931170045
a,A001527,0,12.572998969676233
a,A001528,0,11.090529537470614
a,A001529,0,7.56606427994337
a,A001530,0,2.8159105383552063
a,A001531,0,13.40528312441681
a,A001532,0,1.8504778128629296
a,A001533,0,15.777154038847536
a,A001534,0,14.694844263434875
a,A001535,0,-0.1099654253124359
a,A001536,1,17.64541363099408
a,A001537,0,8.32458021828959
a,A001538,1,14.494057996605235
a,A001539,0,9.420060106366217
a,A001540,0,17.25637232710608
a,A001541,0,14.74780353623143
a,A001542,1,16.54799287560131
a,A001543,0,17.85245326912958
a,A001544,0,14.909915685444808
a,A001545,0,24.423147288182143
a,A001546,0,1.0254260485139814
a,A001547,0,15.536510408858309
a,A001548,0,19.489367003082847
a,A001549,0,17.79927478259704
a,A001550,0,16.381854971910307
a,A001551,0,12.144069743427217
a,A001552,0,9.56086378439723
a,A001553,0,14.651948592054092
a,A001554,0,12.191625770269532
a,A001555,0,13.849392847950272
a,A001556,1,8.718204642866722
a,A001557,0,2.9982584980710367
a,A001558,0,18.380824883357743
a,A001559,1,16.06542138135067
a,A001560,0,9.490190053971158
a,A001561,0,8.408283106050542
a,A001562,0,2.62860952207092
a,A001563,0,12.962921525602372
a,A001564,1,17.251909299521078
a,A001565,0,17.563527333585174
a,A001566,0,14.2252746610374
a,A001567,0,12.34258241995265
a,A001568,0,21.160350216395106
a,A001569,0,11.069512071589912
a,A001570,0,16.38856867999926
a,A001571,0,14.65671398349185
a,A001572,0,16.691437150212916
a,A001573,0,15.060885837955151
a,A001574,0,10.566889574672276
a,A001575,0,4.301801393650639
a,A001576,0,23.46313796781752
a,A001577,0,11.06116455210323
a,A001578,0,9.987752338950116
a,A001579,0,19.16626255832054
a,A001580,0,18.315354530615007
a,A001581,0,13.55099424204239
a,A001582,0,7.467479459008495
a,A001583,0,15.14260999921127
a,A001584,0,17.043204199833376
a,A001585,0,16.36625297675413
a,A001586,0,5.260698923251252
a,A001587,0,16.388350651730512
a,A001588,0,5.354802939098489
a,A001589,0,14.42657716919979
a,A001590,1,12.929894788963216
a,A001591,0,15.40868716153044
a,A001592,0,11.50197566606488
a,A001593,0,14.6150480248863
a,A001594,0,2.034386429057724
a,A001595,0,14.517209828682866
a,A001596,0,7.79710241533644
a,A001597,0,17.439993078458198
a,A001598,0,13.392292562402725
a,A001599,0,17.307407249713926
a,A001600,0,17.081444768782124
a,A001601,0,12.975874580925982
a,A001602,0,14.37461469491824
a,A001603,0,8.198312246425823
a,A001604,0,15.381351543232322
a,A001605,0,17.909982674598904
a,A001606,0,15.173133629142212
a,A001607,0,4.239084521193974
a,A001608,0,17.123971949488237
a,A001609,0,1.8883345178346524
a,A001610,0,14.18574781785064
a,A001611,0,13.820805581208797
a,A001612,0,14.009031579056888
a,A001613,0,13.649167161945764
a,A001614,0,14.790926051871535
a,A001615,0,-2.4941709843501174
a,A001616,0,3.818676771281063
a,A001617,0,17.412105853524583
a,A001618,0,8.417287765646943
a,A001619,0,8.843803931706665
a,A001620,0,-3.623338439105977
a,A001621,0,5.503939060728509
a,A001622,0,6.471133919054721
a,A001623,0,12.71069598836891
a,A001624,0,17.694634967300235
a,A001625,1,8.776963660754461
a,A001626,0,14.762385813254518
a,A001627,0,14.994141087864453
a,A001628,0,-0.7042808585513803
a,A001629,0,3.418636131339186
a,A001630,0,10.609854787534475
a,A001631,0,4.012763205761185
a,A001632,0,15.853539020458577
a,A001633,1,14.912943059109232
a,A001634,0,14.422185676936776
a,A001635,0,11.709371215846035
a,A001636,0,14.628876404743494
a,A001637,0,15.837225921374332
a,A001638,0,9.777807779571944
a,A001639,1,15.015483983737516
a,A001640,0,3.3116503376656867
a,A001641,0,15.71480436999863
a,A001642,0,11.653322803102393
a,A001643,0,3.2559349445728114
a,A001644,0,6.220612426533124
a,A001645,0,9.791108792620289
a,A001646,0,16.61185520742488
a,A001647,0,17.47418691142133
a,A001648,0,7.653859366485478
a,A001649,0,13.580374072718612
a,A001650,0,18.13781731202944
a,A001651,0,-0.2349418843973716
a,A001652,0,14.39944300352016
a,A001653,1,17.67454596203731
a,A001654,0,15.07801744395124
a,A001655,0,-0.4598087630320296
a,A001656,0,14.809249950132818
a,A001657,1,9.718792838317215
a,A001658,0,3.5528174285297025
a,A001659,0,5.52857416760395
a,A001660,0,15.7180882988819
a,A001661,0,16.469957683204903
a,A001662,0,14.30620647640192
a,A001663,0,12.476239640560406
a,A001664,0,14.00401304201833
a,A001665,0,9.983918123516688
a,A001666,0,17.433269294113263
a,A001667,0,12.33220548946796
a,A001668,0,16.07787248267081
a,A001669,0,4.263241300624578
a,A001670,0,13.374595782551667
a,A001671,1,8.84768136860917
a,A001672,0,13.512466934603207
a,A001673,0,15.464391245761032
a,A001674,0,5.481539247973606
a,A001675,0,12.75207434239734
a,A001676,0,10.692208141503633
a,A001677,0,17.228153183541078
a,A001678,1,17.061958223016266
a,A001679,1,9.709973889403926
a,A001680,1,15.969318575360514
a,A001681,0,0.8459729081379235
a,A001682,0,15.881279114562323
a,A001683,0,14.791048984807116
a,A001684,0,5.130505456005021
a,A001685,0,17.080115219823963
a,A001686,0,17.604017003875946
a,A001687,0,20.18236040924621
a,A001688,0,2.442948821234124
a,A001689,0,7.574605742300225
a,A001690,0,21.9671567463674
a,A001691,0,13.439550417966128
a,A001692,0,18.16975351779818
a,A001693,0,8.423450642730717
a,A001694,0,15.488000548897595
a,A001695,1,12.666654229460963
a,A001696,0,13.459503812011514
a,A001697,0,6.523533391206877
a,A001698,0,12.314293639653902
a,A001699,0,12.94329066689953
a,A001700,0,13.173890695773338
a,A001701,0,18.72477373935209
a,A001702,0,8.565126137533657
a,A001703,1,16.054792690000404
a,A001704,0,18.25285497378849
a,A001705,0,3.247834439340069
a,A001706,0,13.680881307076527
a,A001707,0,14.71297098868502
a,A001708,1,8.449012381203994
a,A001709,0,12.358410270862905
a,A001710,0,13.743879048664995
a,A001711,0,13.218691715403308
a,A001712,0,8.088170683020705
a,A001713,0,18.33029570245629
a,A001714,0,-0.354673728100065
a,A001715,0,3.364140724076947
a,A001716,1,20.380452979593304
a,A001717,0,9.96302001121233
a,A001718,0,15.40182472023518
a,A001719,0,10.757066297629194
a,A001720,1,8.65785380140133
a,A001721,1,9.951101323994996
a,A001722,0,9.491806050052498
a,A001723,0,17.05262782258922
a,A001724,0,13.129091271553175
a,A001725,0,16.841246814043313
a,A001726,0,16.535304970930852
a,A001727,0,17.91661072138746
a,A001728,0,18.01889220041963
a,A001729,0,12.543875906938398
a,A001730,0,1.6710487045967797
a,A001731,0,14.083437037608393
a,A001732,0,2.5141443962210523
a,A001733,0,2.099080649039112
a,A001734,0,18.503782986654645
a,A001735,0,18.49834225789153
a,A001736,0,19.01234738895433
a,A001737,0,6.517988363516125
a,A001738,0,5.077004435863876
a,A001739,0,12.962158136371752
a,A001740,1,14.224310330951951
a,A001741,0,16.880042283895605
a,A001742,0,16.23619840548199
a,A001743,0,16.097743536699653
a,A001744,1,8.249876025814846
a,A001745,0,16.030385591808308
a,A001746,0,5.521954041899152
a,A001747,0,9.18523197592937
a,A001748,0,-3.4086744838952643
a,A001749,0,14.062915642465718
a,A001750,0,5.931030381418188
a,A001751,0,18.319885000882017
a,A001752,0,13.939881533197068
a,A001753,0,18.323298289955886
a,A001754,0,19.614108805350376
a,A001755,0,13.932509239281632
a,A001756,0,16.098813922598644
a,A001757,0,12.073378359051322
a,A001758,0,11.537872075034796
a,A001759,0,6.209725567332656
a,A001760,0,12.52991426161785
a,A001761,0,9.64637638618658
a,A001762,0,1.2094346076325198
a,A001763,0,13.98965164801862
a,A001764,1,9.310497731703984
a,A001765,0,17.763972445482885
a,A001766,1,7.347943617549835
a,A001767,0,4.21789871551873
a,A001768,0,15.76265008510244
a,A001769,0,9.905161988464132
a,A001770,0,10.68938918950847
a,A001771,0,15.331974573644748
a,A001772,0,11.053652541849168
a,A001773,0,14.42202088132782
a,A001774,0,4.793651918360352
a,A001775,0,12.39064248403335
a,A001776,1,17.27720458442618
a,A001777,0,13.61261726017712
a,A001778,1,15.869940297731787
a,A001779,0,17.77169464561174
a,A001780,0,2.956016397676545
a,A001781,0,16.998181010010768
a,A001782,1,8.278150395796203
a,A001783,0,9.818788895008897
a,A001784,0,21.00013140958285
a,A001785,0,9.365375747324668
a,A001786,0,16.482912611322504
a,A001787,0,5.355939212681014
a,A001788,1,17.656753384320826
a,A001789,0,8.052784970676026
a,A001790,0,9.37526270147468
a,A001791,0,22.46649383094572
a,A001792,0,12.766205650054948
a,A001793,0,9.727991786253396
a,A001794,0,21.23246095473044
a,A001795,0,24.43515927464408
a,A001796,0,4.581920978609466
a,A001797,0,6.44052199905741
a,A001798,0,17.136495218294197
a,A001799,0,17.940575837700546
a,A001800,0,20.687916600785417
a,A001801,1,20.63749739823984
a,A001802,0,-2.733412366001496
a,A001803,0,16.08606678126379
a,A001804,0,13.876146194421896
a,A001805,0,-6.688599387296258
a,A001806,1,20.39444127949319
a,A001807,0,11.742126633098351
a,A001808,0,12.292249860542896
a,A001809,0,14.642629445993064
a,A001810,0,4.1251162700502695
a,A001811,0,15.571067316986362
a,A001812,0,15.01406492646893
a,A001813,0,21.885396516641464
a,A001814,0,6.343609949588875
a,A001815,0,9.400391247409274
a,A001816,1,19.149374167112487
a,A001817,0,10.683830092810114
a,A001818,1,11.158506867828104
a,A001819,1,14.508723728593422
a,A001820,0,11.65185101103167
a,A001821,0,12.91469484369922
a,A001822,1,15.59914514866438
a,A001823,0,11.302693884679108
a,A001824,0,6.50726394124583
a,A001825,0,18.39648574077048
a,A001826,1,16.95660311365029
a,A001827,0,-2.2892756527288314
a,A001828,0,14.23016089128013
a,A001829,0,7.0661493666687205
a,A001830,0,0.775636359143797
a,A001831,0,8.787370216294297
a,A001832,0,18.27396647972717
a,A001833,1,9.433149662516104
a,A001834,0,7.976529923214614
a,A001835,1,14.611746814053378
a,A001836,0,11.169903943665044
a,A001837,0,17.92523718744123
a,A001838,0,4.253498600582049
a,A001839,1,18.33935590715034
a,A001840,0,13.287252781593304
a,A001841,0,16.270374187203398
a,A001842,0,4.614903420452727
a,A001843,0,18.44547308568693
a,A001844,0,14.12640762000065
a,A001845,0,8.898171830402816
a,A001846,0,15.865694831632476
a,A001847,0,13.363990906690113
a,A001848,0,20.129993599003807
a,A001849,0,7.180685416532595
a,A001850,0,-1.230177446619627
a,A001851,0,16.46374744635355
a,A001852,0,13.399295852738774
a,A001853,0,17.138705875091276
a,A001854,0,13.199214624095092
a,A001855,0,11.60018942824632
a,A001856,1,8.868700705054607
a,A001857,0,7.332170634711426
a,A001858,0,22.21630841643435
a,A001859,0,17.845651066287306
a,A001860,0,14.222041689749158
a,A001861,0,13.881823266870114
a,A001862,0,6.701207744514023
a,A001863,0,12.240612845367345
a,A001864,0,11.511462943052598
a,A001865,1,14.483714773862369
a,A001866,0,9.442691820115586
a,A001867,0,12.097016833594749
a,A001868,0,13.33020560119083
a,A001869,0,15.485738782404006
a,A001870,1,14.588485575129996
a,A001871,0,7.149380109811864
a,A001872,0,17.626220147420888
a,A001873,0,13.157819365808932
a,A001874,1,8.855356816874258
a,A001875,0,15.700935150453926
a,A001876,0,8.161356180449427
a,A001877,0,17.746990719138704
a,A001878,1,6.931258601585915
a,A001879,0,12.618051647835491
a,A001880,0,5.554209975768026
a,A001881,0,12.441336629862164
a,A001882,0,2.926773363855025
a,A001883,0,14.205380248894915
a,A001884,0,1.6620991557882827
a,A001885,0,16.918820881578988
a,A001886,0,2.8676840784414708
a,A001887,0,16.26497073302263
a,A001888,0,-2.7522267507816776
a,A001889,0,-6.295702731445635
a,A001890,0,14.186058600296438
a,A001891,0,13.698170873379684
a,A001892,0,8.355946727037376
a,A001893,0,14.610300500852826
a,A001894,0,18.66539172771064
a,A001895,1,16.07549574740898
a,A001896,0,13.354059955412712
a,A001897,0,1.2180692596096272
a,A001898,0,12.014715324927034
a,A001899,0,8.409518278273444
a,A001900,0,13.433006662419253
a,A001901,1,15.803288304420802
a,A001902,0,11.877853549401296
a,A001903,0,13.836246026052518
a,A001904,1,8.484002831608093
a,A001905,0,4.861016636880743
a,A001906,0,20.593394486498724
a,A001907,0,14.844599068686303
a,A001908,0,13.289224942260608
a,A001909,0,0.4575341849574305
a,A001910,0,6.764284889028914
a,A001911,0,1.0901514047971756
a,A001912,1,8.328881489888332
a,A001913,0,17.20517868727406
a,A001914,0,20.69310238355263
a,A001915,0,13.684609698150316
a,A001916,0,17.31951414948479
a,A001917,0,9.569119964986664
a,A001918,0,12.200019765751946
a,A001919,0,15.245024380535046
a,A001920,0,13.93866697289919
a,A001921,0,6.9013566725653455
a,A001922,0,16.60438890518857
a,A001923,0,17.753647150037505
a,A001924,0,18.68036831885149
a,A001925,0,8.5435240696651
a,A001926,0,8.537854096233309
a,A001927,0,14.508231058225077
a,A001928,1,15.496269589302155
a,A001929,0,14.728083531241769
a,A001930,0,9.63577063107827
a,A001931,1,15.547778094330786
a,A001932,1,8.724640426105285
a,A001933,0,15.587526668912368
a,A001934,0,5.005459975481599
a,A001935,1,15.851078484906273
a,A001936,0,19.151303341573527
a,A001937,0,-2.463043813634023
a,A001938,0,16.5758896746126
a,A001939,1,17.30980896599927
a,A001940,0,21.495532212332048
a,A001941,0,2.559729334423808
a,A001942,0,18.49161842332882
a,A001943,1,8.523585497071855
a,A001944,0,10.147997401850992
a,A001945,0,15.47230401803915
a,A001946,0,16.92907653489412
a,A001947,0,9.738286077852615
a,A001948,0,13.821412272632069
a,A001949,0,8.124481960617947
a,A001950,0,12.63869182196932
a,A001951,1,19.1570580201942
a,A001952,0,11.691924122927617
a,A001953,1,8.324206475032701
a,A001954,0,5.262529965216784
a,A001955,0,-7.81566762340563
a,A001956,0,15.915663956282325
a,A001957,1,19.45559855517469
a,A001958,0,2.636243105981152
a,A001959,0,10.495974104017264
a,A001960,0,3.830158486530813
a,A001961,0,5.27901611078349
a,A001962,0,9.233835206055742
a,A001963,0,16.344444454118523
a,A001964,0,16.470712018958636
a,A001965,0,15.8908403568559
a,A001966,0,13.4460480094562
a,A001967,1,14.80557347482213
a,A001968,0,20.15459982485046
a,A001969,0,7.064039715961664
a,A001970,0,15.73432278072575
a,A001971,0,2.227059129053027
a,A001972,0,2.403301140326122
a,A001973,1,17.068799621138407
a,A001974,0,10.919242222139754
a,A001975,0,13.61664126155594
a,A001976,0,6.249156788885974
a,A001977,0,15.420582388553608
a,A001978,0,4.219063336164996
a,A001979,0,-3.449855619757788
a,A001980,0,17.98916541377322
a,A001981,0,-1.932512668291064
a,A001982,0,21.595381209530323
a,A001983,0,10.462072133597664
a,A001984,0,8.440206834708306
a,A001985,0,-3.1293083027059407
a,A001986,0,14.075941724094914
a,A001987,1,7.750924037703606
a,A001988,0,16.877575905241237
a,A001989,0,13.205635230497744
a,A001990,0,19.1093870118728
a,A001991,0,15.018696822633297
a,A001992,0,12.228960872977924
a,A001993,1,6.982504685193091
a,A001994,0,15.484228471003924
a,A001995,0,-4.324255375887563
a,A001996,0,14.897405572207337
a,A001997,0,5.820729096814688
a,A001998,1,14.63704573896976
a,A001999,0,16.862932682842143
a,A002000,0,15.21233106149256
a,A002001,0,16.43559293643606
a,A002002,0,15.94682232979276
a,A002003,0,7.522220678111739
a,A002004,0,16.02886624895414
a,A002005,0,8.026099450344722
a,A002006,0,16.46719481042626
a,A002007,0,16.49708370625305
a,A002008,0,6.478132582262055
a,A002009,0,16.752447561197105
a,A002010,1,14.811696527328005
a,A002011,0,16.70860738849436
a,A002012,0,17.567781623034133
a,A002013,0,14.387635917217262
a,A002014,0,17.376083792135773
a,A002015,0,10.4825706098964
a,A002016,0,18.30497907862354
a,A002017,0,6.557743791798718
a,A002018,0,14.845836727333166
a,A002019,0,8.318746421248866
a,A002020,0,18.4075756341961
a,A002021,0,17.384294254727017
a,A002022,0,6.419981994223151
a,A002023,0,-3.350517686515001
a,A002024,0,10.192036441434084
a,A002025,1,19.229059772098008
a,A002026,0,16.244758161054378
a,A002027,0,17.49052014806342
a,A002028,1,8.831461008120565
a,A002029,0,-8.924557031846804
a,A002030,0,13.50896352110627
a,A002031,0,12.395138556202374
a,A002032,0,17.97124615362851
a,A002033,0,16.22842535676126
a,A002034,0,17.97798844947266
a,A002035,0,17.333261905638352
a,A002036,0,13.73322536914853
a,A002037,1,17.686649031638737
a,A002038,0,12.137551466773331
a,A002039,0,11.736379420249529
a,A002040,0,13.539781255378484
a,A002041,1,15.63171124064838
a,A002042,0,4.612768540843343
a,A002043,0,13.080113003284906
a,A002044,0,9.429563367614952
a,A002045,0,11.94796589206342
a,A002046,0,16.0389120638155
a,A002047,0,13.589195626687436
a,A002048,0,15.612341871086228
a,A002049,0,10.122286306448018
a,A002050,0,19.458843868757707
a,A002051,0,16.082467610464604
a,A002052,0,-4.604404896480067
a,A002053,0,16.504677573840887
a,A002054,0,6.142384710573642
a,A002055,0,5.4932542848252135
a,A002056,0,-3.3721884548428647
a,A002057,1,8.890274398562225
a,A002058,0,11.344412313535765
a,A002059,0,-7.608610210338086
a,A002060,0,6.050241955894457
a,A002061,1,17.39872654799244
a,A002062,0,22.26029815497627
a,A002063,0,15.42919767621425
a,A002064,0,16.60007641861081
a,A002065,0,5.107243610187217
a,A002066,0,14.544267350510877
a,A002067,0,24.38219282468033
a,A002068,0,13.9511663888193
a,A002069,0,15.191859933880783
a,A002070,0,19.16951281356869
a,A002071,0,8.245443861083611
a,A002072,0,2.2609258319814654
a,A002073,1,15.152681582741856
a,A002074,0,16.669428005066454
a,A002075,0,15.431833958497457
a,A002076,0,16.646839767318323
a,A002077,0,-2.736897288468912
a,A002078,0,15.53197481667398
a,A002079,0,15.185079752660746
a,A002080,0,16.794894976507198
a,A002081,1,6.482150217025928
a,A002082,0,10.611914031392589
a,A002083,0,14.81885500788358
a,A002084,1,9.147442829983817
a,A002085,0,17.441174993815487
a,A002086,0,16.92426122306616
a,A002087,0,4.644237383994265
a,A002088,0,22.505056776499973
a,A002089,0,10.605285215086962
a,A002090,0,12.503811209724468
a,A002091,0,11.461694714956488
a,A002092,0,3.569672714032145
a,A002093,1,15.913237433531108
a,A002094,0,20.2148829149323
a,A002095,0,19.819895197184067
a,A002096,1,17.843835995325467
a,A002097,0,14.66566748536485
a,A002098,1,16.860196709676966
a,A002099,0,15.651789551390172
a,A002100,0,-1.5847442499411573
a,A002101,1,16.789996995300847
a,A002102,0,14.62259812101115
a,A002103,0,12.923915072315308
a,A002104,0,15.80385110506332
a,A002105,1,18.41798771116092
a,A002106,0,20.166517775014874
a,A002107,1,7.64809722367349
a,A002108,0,14.544141421107687
a,A002109,0,17.570862990014454
a,A002110,1,15.822947493287684
a,A002111,0,12.262235390220573
a,A002112,0,3.684730320559789
a,A002113,1,16.204297571848343
a,A002114,0,17.700129998982316
a,A002115,0,15.779843657521052
a,A002116,0,19.352113655697632
a,A002117,0,13.794239750442827
a,A002118,0,14.871381481435389
a,A002119,0,10.298777688559648
a,A002120,0,7.448502257720536
a,A002121,0,13.626517509086344
a,A002122,0,13.335268931808145
a,A002123,1,17.37495142865477
a,A002124,0,13.818242923927029
a,A002125,0,23.39382976160303
a,A002126,0,21.34486957200308
a,A002127,0,-3.993794556898904
a,A002128,0,11.90508610127466
a,A002129,1,15.463350632591643
a,A002130,1,15.607548658384372
a,A002131,0,21.74181163217732
a,A002132,0,23.32302591033052
a,A002133,0,14.321888949292788
a,A002134,0,1.2989232509649578
a,A002135,0,15.193509647005598
a,A002136,0,13.320801292989758
a,A002137,0,9.076457246420905
a,A002138,0,13.737099300940288
a,A002139,0,23.20691401572535
a,A002140,0,18.573609928074635
a,A002141,0,17.49183023752518
a,A002142,0,4.060512703034475
a,A002143,0,4.3125029120343
a,A002144,0,3.642067323125532
a,A002145,0,20.068594945574063
a,A002146,0,17.82601730840051
a,A002147,0,12.854508308112557
a,A002148,0,15.81403718640701
a,A002149,0,16.749971574007198
a,A002150,0,7.8230854051262755
a,A002151,0,13.420718389569911
a,A002152,0,5.50727477994925
a,A002153,1,12.671434071105304
a,A002154,0,15.385156172344589
a,A002155,0,8.87398766873913
a,A002156,0,0.7905314075917819
a,A002157,0,3.3896111237752127
a,A002158,0,17.72565170731097
a,A002159,0,14.542592434466403
a,A002160,0,2.901919684940788
a,A002161,0,4.3884319208292215
a,A002162,0,10.979655158003697
a,A002163,0,17.182512398744187
a,A002164,0,16.997347396053097
a,A002165,0,14.083879920610345
a,A002166,0,21.98900391717268
a,A002167,0,17.01350028239093
a,A002168,0,0.5007663092032263
a,A002169,0,10.450857500703217
a,A002170,0,14.115115402807028
a,A002171,0,14.728415939754148
a,A002172,0,17.66187574851961
a,A002173,0,14.01773434382557
a,A002174,0,1.7734165452945363
a,A002175,0,10.171819316178818
a,A002176,0,-0.1977486178630443
a,A002177,0,16.94309150403704
a,A002178,1,17.443725038147058
a,A002179,0,17.473054656037423
a,A002180,0,17.852843253255465
a,A002181,0,13.638562635095631
a,A002182,0,3.740061860556896
a,A002183,0,4.389914936522729
a,A002184,0,13.346862763489137
a,A002185,0,9.833610088297172
a,A002186,1,17.064517579366974
a,A002187,0,-3.193558008023315
a,A002188,0,10.274084765874816
a,A002189,0,9.802695830870528
a,A002190,0,13.46992599298206
a,A002191,0,17.629194663653134
a,A002192,0,4.858645374045709
a,A002193,0,22.115939106261983
a,A002194,0,14.095137556466156
a,A002195,0,15.346055998293076
a,A002196,0,17.31046973371075
a,A002197,1,17.04866000121032
a,A002198,0,14.429563969856966
a,A002199,1,17.12848247735966
a,A002200,1,7.7840116803286366
a,A002201,0,13.360735296334951
a,A002202,0,21.43443294642394
a,A002203,0,13.165457324337284
a,A002204,0,17.03025010922323
a,A002205,0,24.39401051085059
a,A002206,1,20.55111691648881
a,A002207,0,15.508259829930529
a,A002208,0,11.995763035083844
a,A002209,0,6.127833350823172
a,A002210,0,13.32888416596612
a,A002211,0,16.37970669848492
a,A002212,0,10.502443550351224
a,A002213,0,14.268676900058097
a,A002214,0,18.427206011845563
a,A002215,0,7.352542068393117
a,A002216,1,8.014474747205936
a,A002217,0,13.881863287785684
a,A002218,1,17.52815715747357
a,A002219,1,16.72203010624347
a,A002220,1,18.74313511586555
a,A002221,0,8.960874360977817
a,A002222,0,16.062548788128385
a,A002223,0,19.46016140385729
a,A002224,0,17.879151911288304
a,A002225,0,-0.1359456124164727
a,A002226,0,15.680900997608443
a,A002227,0,13.0582126557637
a,A002228,1,17.444108686638153
a,A002229,0,-5.765895030062208
a,A002230,0,14.42697550073551
a,A002231,1,15.115869129388782
a,A002232,0,14.39895788303106
a,A002233,0,14.224578443065706
a,A002234,1,13.504101716586158
a,A002235,0,16.156342629826703
a,A002236,0,15.720524988420834
a,A002237,1,17.934653134418184
a,A002238,0,17.55977337572642
a,A002239,0,-3.2770868605080383
a,A002240,1,6.613030743139031
a,A002241,0,16.903889313853426
a,A002242,0,10.316892350369232
a,A002243,0,16.931559294186425
a,A002244,1,15.73241539634029
a,A002245,0,15.17988421900777
a,A002246,0,16.86965113920861
a,A002247,0,5.486618014887799
a,A002248,0,21.45536814218956
a,A002249,0,9.6127858099439
a,A002250,0,9.471729976913844
a,A002251,0,7.894964524472821
a,A002252,1,17.483498768362836
a,A002253,0,4.660811598858507
a,A002254,0,9.006892622286484
a,A002255,0,2.8754906895366426
a,A002256,0,12.9338535191549
a,A002257,0,11.334141613670376
a,A002258,0,13.8385557708628
a,A002259,0,11.332562342053963
a,A002260,0,9.392103636951308
a,A002261,1,16.986200324656952
a,A002262,1,16.433668893660105
a,A002263,0,-1.5999556515947642
a,A002264,0,16.353182307930126
a,A002265,0,12.63324174458082
a,A002266,0,9.077152814877238
a,A002267,1,15.337724973780494
a,A002268,0,16.120088617555353
a,A002269,0,15.66805339094777
a,A002270,1,19.516893220904013
a,A002271,0,-1.0282410202077856
a,A002272,0,14.432783029209237
a,A002273,1,11.889612309027996
a,A002274,0,-4.73911784949259
a,A002275,0,17.976734137013295
a,A002276,0,22.391610718130483
a,A002277,0,24.28010351870143
a,A002278,0,6.048344461460999
a,A002279,0,18.813315594126035
a,A002280,0,14.338579199266691
a,A002281,0,10.714528573316509
a,A002282,0,16.095938691556473
a,A002283,0,10.092357074891307
a,A002284,0,20.36464689304906
a,A002285,0,7.025389112687608
a,A002286,0,4.341766911149766
a,A002287,0,14.652580522797344
a,A002288,0,16.50571259517388
a,A002289,1,16.453850556300726
a,A002290,0,5.672523892330316
a,A002291,1,17.352453751587376
a,A002292,0,17.910550709361573
a,A002293,0,16.2362253006005
a,A002294,0,16.261388654883206
a,A002295,0,3.6521909899844864
a,A002296,1,8.603435247533747
a,A002297,0,20.989037975693467
a,A002298,0,15.962467167756946
a,A002299,0,15.641291810363436
a,A002300,0,19.835132241292875
a,A002301,1,17.137605947753823
a,A002302,0,12.080657741669045
a,A002303,0,18.31146543780112
a,A002304,0,12.244589128579422
a,A002305,0,18.7429361729484
a,A002306,0,8.898558937443289
a,A002307,0,17.57473505520609
a,A002308,0,-2.239954742820084
a,A002309,1,8.40695562525788
a,A002310,0,15.841445779763593
a,A002311,0,18.02358638072148
a,A002312,1,15.508914972396672
a,A002313,0,11.469251350916036
a,A002314,0,4.205771359595224
a,A002315,1,18.310880339239365
a,A002316,1,15.772051673615175
a,A002317,0,3.737983636999126
a,A002318,0,20.13676368861012
a,A002319,0,18.008018937881186
a,A002320,1,13.17026124320354
a,A002321,0,12.40842460180497
a,A002322,0,12.69514319671928
a,A002323,0,11.032441140348784
a,A002324,1,14.769933592877756
a,A002325,0,9.343054912331429
a,A002326,0,24.16187252677036
a,A002327,0,18.17136576025813
a,A002328,0,16.518909582998578
a,A002329,0,5.78335949724764
a,A002330,0,21.26716030417188
a,A002331,0,12.054313641129424
a,A002332,0,17.323184279491777
a,A002333,1,16.953865077805833
a,A002334,0,4.985476330614236
a,A002335,0,13.5972560900547
a,A002336,0,9.503937102532891
a,A002337,0,3.666282148863053
a,A002338,0,13.099039595619208
a,A002339,0,9.980915688130247
a,A002340,0,14.070497867610696
a,A002341,0,4.956708620104182
a,A002342,1,15.41662214723804
a,A002343,0,4.249640601490803
a,A002344,1,9.63695970737726
a,A002345,0,7.99216196882312
a,A002346,0,8.017859749280879
a,A002347,0,15.079400736127589
a,A002348,0,1.5605688881975823
a,A002349,0,10.152894146640204
a,A002350,0,13.159705127591518
a,A002351,0,13.191128043790572
a,A002352,1,15.521690716873898
a,A002353,1,20.66361852748651
a,A002354,0,17.407629240082446
a,A002355,0,3.272565680583311
a,A002356,0,9.72920080219559
a,A002357,1,14.4977486119129
a,A002358,0,13.214501886527298
a,A002359,0,14.98773284177342
a,A002360,0,13.542606476512756
a,A002361,0,9.286195128181843
a,A002362,0,3.3656353865764013
a,A002363,1,9.60709471252364
a,A002364,0,14.682893339780366
a,A002365,0,5.359710787682856
a,A002366,0,14.899144291080711
a,A002367,0,4.91751352719183
a,A002368,0,4.104952759784358
a,A002369,0,16.385159216601906
a,A002370,0,13.552677867117978
a,A002371,0,5.24837367320587
a,A002372,0,12.394160952148916
a,A002373,0,17.01683472658357
a,A002374,0,23.562165335854928
a,A002375,0,9.00751882107896
a,A002376,0,13.621580027849248
a,A002377,0,5.96955577389607
a,A002378,0,-1.2276962551684976
a,A002379,1,20.139352770933748
a,A002380,0,22.43962266605158
a,A002381,0,13.63116453469781
a,A002382,0,4.499246089125116
a,A002383,0,24.27943870440239
a,A002384,0,-5.172738787115009
a,A002385,0,13.780350266437807
a,A002386,0,12.76976776642088
a,A002387,0,2.885491061347849
a,A002388,0,14.967465851434577
a,A002389,0,6.596631374674952
a,A002390,0,11.187420674600482
a,A002391,0,9.673252868411783
a,A002392,0,16.577005670578345
a,A002393,0,23.345107817341905
a,A002394,0,11.80896163543414
a,A002395,0,13.968153067051446
a,A002396,0,9.4660256229822
a,A002397,0,16.50741981029978
a,A002398,0,0.9955969488056576
a,A002399,0,14.7301090366561
a,A002400,0,15.815028615613231
a,A002401,0,13.950688521257575
a,A002402,0,13.368143091603384
a,A002403,1,15.38122350606061
a,A002404,0,21.426688762456305
a,A002405,0,13.8029993637369
a,A002406,0,15.908859260105409
a,A002407,0,16.60684343578823
a,A002408,0,15.768212880725136
a,A002409,0,-3.406253068826485
a,A002410,1,20.14332135981537
a,A002411,0,11.185156539166488
a,A002412,0,16.408222471122137
a,A002413,0,15.202261388808
a,A002414,0,1.7729406315884275
a,A002415,0,21.25132748041844
a,A002416,0,13.095188759776688
a,A002417,0,13.09074697184924
a,A002418,0,16.0452859829059
a,A002419,0,14.205603077299378
a,A002420,0,-5.75070652758287
a,A002421,0,-2.5363588854472034
a,A002422,0,16.407755510539655
a,A002423,0,7.851327509349979
a,A002424,0,17.250973778725093
a,A002425,1,9.11743625686902
a,A002426,0,11.619085170874191
a,A002427,0,5.714984082695971
a,A002428,0,9.644327195788
a,A002429,0,12.930135757883852
a,A002430,0,12.548659430346412
a,A002431,0,16.76070896973307
a,A002432,0,16.504709799976187
a,A002433,0,7.524529559795345
a,A002434,0,3.192459602615603
a,A002435,0,17.802531572661206
a,A002436,0,-4.381454051713192
a,A002437,0,15.925023499081124
a,A002438,0,6.865309439823722
a,A002439,0,16.532476353413205
a,A002440,0,-7.251313166069043
a,A002441,0,19.776864538550647
a,A002442,1,16.064206105079112
a,A002443,1,17.308840026267717
a,A002444,1,8.22551605638868
a,A002445,0,2.9209439583671943
a,A002446,0,3.3753137237762707
a,A002447,0,-0.2692481480118583
a,A002448,0,2.94282868413516
a,A002449,0,13.42373204293784
a,A002450,0,-5.089700261202731
a,A002451,0,15.079035369925334
a,A002452,0,14.587035876304553
a,A002453,0,18.062734225539312
a,A002454,1,16.84945756219991
a,A002455,1,17.698495567886358
a,A002456,0,8.90097711754605
a,A002457,0,13.731040370614773
a,A002458,0,16.117117104162322
a,A002459,0,22.38977538020801
a,A002460,0,15.664828341556204
a,A002461,0,16.550965542370445
a,A002462,0,15.614289774067371
a,A002463,0,19.32694230277903
a,A002464,0,14.1932196228911
a,A002465,0,16.179235940635852
a,A002466,0,4.711175806270952
a,A002467,0,14.805456594687977
a,A002468,0,2.4027199384947737
a,A002469,0,17.117985909486343
a,A002470,0,20.28537482147147
a,A002471,0,18.22014477769245
a,A002472,0,-2.753590290009529
a,A002473,0,16.25981111821251
a,A002474,0,15.119978865514566
a,A002475,0,23.293986871203675
a,A002476,0,7.440231924810018
a,A002477,0,13.54586504143983
a,A002478,0,14.571729211443817
a,A002479,0,17.067264249145758
a,A002480,1,17.46545801529527
a,A002481,1,15.98832960572456
a,A002482,0,14.54268719287758
a,A002483,0,14.130806410257389
a,A002484,0,-1.3247493997559106
a,A002485,0,17.104058360681453
a,A002486,1,14.837901601436728
a,A002487,0,5.443660415836456
a,A002488,0,10.973729641005724
a,A002489,0,18.601476594766385
a,A002490,0,9.512065611989923
a,A002491,0,16.45223341038413
a,A002492,0,24.29015960501503
a,A002493,1,17.25112044317965
a,A002494,0,17.863796832775495
a,A002495,0,9.835801557152486
a,A002496,0,18.11402925534825
a,A002497,1,15.81152437827406
a,A002498,0,12.003451388274469
a,A002499,0,-4.648892535942572
a,A002500,0,13.868878802943296
a,A002501,0,5.932939356047184
a,A002502,0,14.584408460727484
a,A002503,0,16.999954975947876
a,A002504,0,16.236406579741768
a,A002505,0,12.156590680901518
a,A002506,0,13.194942196691194
a,A002507,0,17.960394578179198
a,A002508,0,0.0715115724026442
a,A002509,0,14.415355870539852
a,A002510,0,14.16401235133536
a,A002511,0,13.89207894970769
a,A002512,0,10.39493583415634
a,A002513,0,20.0175088913222
a,A002514,0,14.708543405343413
a,A002515,0,16.773161146275726
a,A002516,0,-5.16724724944586
a,A002517,0,14.457983174486996
a,A002518,0,21.47841642645292
a,A002519,1,7.827539684290509
a,A002520,0,17.54606159726076
a,A002521,0,16.89245723325115
a,A002522,0,14.520083929500636
a,A002523,0,18.52883268887406
a,A002524,1,15.229899142703632
a,A002525,0,18.45592762292886
a,A002526,0,16.222696876963607
a,A002527,0,3.48248689229382
a,A002528,0,-5.99930215045541
a,A002529,0,19.60507519643284
a,A002530,0,3.461039462681512
a,A002531,1,5.988740112979205
a,A002532,0,14.82175902328764
a,A002533,0,4.844222131118928
a,A002534,0,16.7805951163787
a,A002535,0,9.711332039
a,A002536,1,18.457423803114832
a,A002537,0,10.995754318119705
a,A002538,0,21.22408821829758
a,A002539,0,15.542108015399156
a,A002540,1,20.23014801267978
a,A002541,1,16.05637340167638
a,A002542,0,18.02600388908804
a,A002543,0,15.239692037289734
a,A002544,0,15.18695513389147
a,A002545,1,9.099691606260564
a,A002546,1,18.18817679161003
a,A002547,1,17.601538758220862
a,A002548,1,16.830015445547975
a,A002549,0,14.849914649951426
a,A002550,0,13.241888001043929
a,A002551,0,6.1849592061823335
a,A002552,0,15.23296463057694
a,A002553,0,16.89248279465363
a,A002554,0,18.554783702180465
a,A002555,0,14.315620096517112
a,A002556,1,16.20766972414074
a,A002557,1,19.487054221761174
a,A002558,0,21.594444246036325
a,A002559,0,18.757184987731705
a,A002560,0,10.9905289697041
a,A002561,0,11.713055134503731
a,A002562,0,4.890165643398792
a,A002563,0,14.444118249706356
a,A002564,0,10.18660948914839
a,A002565,0,15.833977966465218
a,A002566,0,0.9144698015489972
a,A002567,1,17.28970963301414
a,A002568,0,12.041850336187656
a,A002569,0,14.756746249603433
a,A002570,0,5.489254246484733
a,A002571,0,15.123161386118316
a,A002572,0,16.247860266721126
a,A002573,0,8.921539341330194
a,A002574,0,4.518198916765481
a,A002575,0,6.651230081409054
a,A002576,0,15.382752352793416
a,A002577,0,-1.3952317637119909
a,A002578,0,6.318384866414531
a,A002579,0,9.813576255034986
a,A002580,0,22.019438132307904
a,A002581,0,14.163560714301834
a,A002582,0,9.291334497343444
a,A002583,0,14.768095616087516
a,A002584,1,11.241289188852823
a,A002585,0,22.28149649864037
a,A002586,0,15.869483088605614
a,A002587,0,14.728521355424231
a,A002588,1,14.88297507651102
a,A002589,0,-0.5087024812369852
a,A002590,0,1.319900288956836
a,A002591,1,14.855188892205517
a,A002592,0,0.9539142318266364
a,A002593,0,4.614449370356952
a,A002594,0,18.80851993512258
a,A002595,1,7.345399729907045
a,A002596,0,11.091932863315424
a,A002597,1,17.098967732522492
a,A002598,0,17.90951100685492
a,A002599,0,17.885924071035333
a,A002600,0,15.79967661169144
a,A002601,0,2.469551754647899
a,A002602,0,15.010162862064098
a,A002603,0,3.759693164210896
a,A002604,0,15.436722175186748
a,A002605,0,16.870694865273094
a,A002606,0,22.09720554937074
a,A002607,0,9.047565623808971
a,A002608,0,12.684672124497403
a,A002609,0,14.973438675240835
a,A002610,0,16.392255514573666
a,A002611,0,14.357656271157506
a,A002612,0,8.761695824334296
a,A002613,0,2.14679946457111
a,A002614,0,7.383243896214961
a,A002615,0,16.96141193598011
a,A002616,0,18.039296757297127
a,A002617,0,15.14199898994021
a,A002618,0,15.827349812457504
a,A002619,1,17.515750028535987
a,A002620,0,14.154639193569016
a,A002621,0,16.575983002974617
a,A002622,0,8.402744599775362
a,A002623,0,13.892197548193325
a,A002624,0,13.776127527009482
a,A002625,0,-7.292726813140719
a,A002626,0,-0.9423347737005436
a,A002627,0,21.26195935605472
a,A002628,0,1.3899034857921395
a,A002629,0,10.667956539129142
a,A002630,1,6.932170394319133
a,A002631,0,0.9374894467829712
a,A002632,0,5.180397645828686
a,A002633,0,16.28427269491339
a,A002634,0,13.618625636994246
a,A002635,0,17.600295887053118
a,A002636,0,23.434025210347546
a,A002637,1,9.386750957717169
a,A002638,0,15.239992542156376
a,A002639,1,13.898503618411254
a,A002640,0,11.99947730166746
a,A002641,0,2.06067032595143
a,A002642,0,5.181961350708198
a,A002643,0,17.280227081814473
a,A002644,0,9.256521877925282
a,A002645,0,-0.4813731243707538
a,A002646,0,17.43822229868827
a,A002647,0,17.18951428337204
a,A002648,0,16.660633833218693
a,A002649,0,12.951176789137204
a,A002650,0,14.505159978345963
a,A002651,0,4.848201750339031
a,A002652,0,0.8021454841400748
a,A002653,0,13.83470496545269
a,A002654,0,-0.928502860528276
a,A002655,0,17.401752364852715
a,A002656,0,12.809201820881135
a,A002657,0,20.33500000962491
a,A002658,1,17.980610462227865
a,A002659,0,14.211770929640752
a,A002660,0,21.19070907145456
a,A002661,1,16.024426310758308
a,A002662,0,17.708038616951914
a,A002663,0,12.384620345818911
a,A002664,0,1.91284421137916
a,A002665,0,17.25438664820451
a,A002666,1,14.901147097499727
a,A002667,0,16.87435335907866
a,A002668,1,8.244691989327967
a,A002669,0,13.26673135216154
a,A002670,0,12.481746910922466
a,A002671,0,5.804406735028153
a,A002672,1,7.930826238609332
a,A002673,0,15.977539861187658
a,A002674,1,17.35884520508504
a,A002675,0,15.157603588342536
a,A002676,1,16.192671737646272
a,A002677,0,22.421536250589288
a,A002678,0,14.397817250692867
a,A002679,0,8.77051029533991
a,A002680,1,14.290388096748876
a,A002681,0,23.48627540659288
a,A002682,0,19.091031118821384
a,A002683,0,1.4915995627993557
a,A002684,0,6.081741199050577
a,A002685,0,15.50858155746053
a,A002686,0,3.5734340716671205
a,A002687,0,14.492872060157604
a,A002688,0,15.7769900127928
a,A002689,0,13.935089691386851
a,A002690,0,16.660681442682893
a,A002691,0,14.153668134230358
a,A002692,0,20.26293889058001
a,A002693,0,21.717955504848604
a,A002694,0,14.4027369308964
a,A002695,1,17.18541452384012
a,A002696,0,20.270836500381066
a,A002697,0,13.940077094929782
a,A002698,0,-6.201044844091875
a,A002699,0,20.613591260121588
a,A002700,0,4.643241627862937
a,A002701,1,19.069091236398627
a,A002702,0,-1.434249830101228
a,A002703,0,10.72114809648012
a,A002704,1,14.534846954855364
a,A002705,0,12.24558291106264
a,A002706,0,15.692848125211366
a,A002707,0,-0.060478166425106
a,A002708,0,2.64647849093194
a,A002709,0,13.38510731227515
a,A002710,1,6.701372651816113
a,A002711,0,14.858095806536172
a,A002712,0,1.5308083165958328
a,A002713,0,17.204241845636187
a,A002714,0,15.457377029346786
a,A002715,0,17.196033715285854
a,A002716,0,18.16479789991799
a,A002717,0,14.987465179360088
a,A002718,0,13.474787858595295
a,A002719,0,1.7551037140248231
a,A002720,0,8.941679210868772
a,A002721,0,9.866709297832154
a,A002722,0,18.45209237492948
a,A002723,0,14.60025157920284
a,A002724,0,17.98076868556924
a,A002725,0,14.59291159236612
a,A002726,0,19.11632470468092
a,A002727,0,14.944608382677233
a,A002728,0,13.43312621602896
a,A002729,0,2.1573401669129986
a,A002730,0,16.13233035154829
a,A002731,0,8.846342429640655
a,A002732,0,14.929281679801806
a,A002733,0,16.292579719297077
a,A002734,0,17.13198451031325
a,A002735,0,10.119310191161995
a,A002736,0,14.356709747300147
a,A002737,0,13.363749403561105
a,A002738,0,16.5311660762105
a,A002739,0,3.349139949891893
a,A002740,0,-3.0083311982934444
a,A002741,0,16.293608587310864
a,A002742,0,12.101356794752936
a,A002743,0,9.835159573602327
a,A002744,0,21.69633412782716
a,A002745,0,8.58720685202461
a,A002746,0,2.5902463823398425
a,A002747,0,16.25862955456546
a,A002748,0,15.41014526613628
a,A002749,0,-2.51188140733287
a,A002750,0,8.729862416308748
a,A002751,1,16.556622565837205
a,A002752,0,17.482413609313436
a,A002753,0,5.143222206893883
a,A002754,1,12.651774025455175
a,A002755,0,23.38784635376784
a,A002756,0,18.26871860575243
a,A002757,0,15.503424259649488
a,A002758,0,18.399869629523977
a,A002759,0,23.95066570913841
a,A002760,0,9.955939758367732
a,A002761,1,17.07386407065704
a,A002762,0,14.812392043873466
a,A002763,0,5.879435424060708
a,A002764,0,15.969689378598956
a,A002765,1,16.085376859515755
a,A002766,0,8.441303074321306
a,A002767,0,2.420166028120809
a,A002768,1,18.132493219224862
a,A002769,0,13.124025007460643
a,A002770,0,21.26038362341632
a,A002771,0,-6.452951330499567
a,A002772,0,16.66230992025215
a,A002773,0,18.36372021884753
a,A002774,0,8.902463179937547
a,A002775,0,3.0564234167628883
a,A002776,0,13.68856563560111
a,A002777,0,12.402845149975656
a,A002778,0,4.057844511141007
a,A002779,0,10.64875835379594
a,A002780,0,17.8270236166705
a,A002781,0,18.516466485437167
a,A002782,0,6.623055934783889
a,A002783,0,15.688383051371686
a,A002784,0,15.54832150624009
a,A002785,0,18.367799001536937
a,A002786,0,0.7143644070898559
a,A002787,0,18.22140289182965
a,A002788,1,17.289887687013962
a,A002789,0,-4.830897486820194
a,A002790,0,1.5562185357060834
a,A002791,1,18.62527754157935
a,A002792,0,16.15087570757242
a,A002793,0,15.083010093545091
a,A002794,0,11.23650843797682
a,A002795,0,18.262277940540955
a,A002796,0,17.501783076684607
a,A002797,0,2.81026911370381
a,A002798,1,14.776409700808694
a,A002799,0,14.056345601260771
a,A002800,0,17.68063722139283
a,A002801,0,15.733072163488458
a,A002802,0,19.240412063142752
a,A002803,0,5.262631956704139
a,A002804,0,15.731188814352164
a,A002805,0,13.667007774770536
a,A002806,0,20.95658351060244
a,A002807,0,15.270663194806602
a,A002808,0,17.352115430298667
a,A002809,0,9.774362556566851
a,A002810,0,17.01937255910455
a,A002811,0,13.713481267371494
a,A002812,0,0.6451653577191291
a,A002813,0,17.097641920471307
a,A002814,0,15.859124417790564
a,A002815,0,-0.023428549635783
a,A002816,0,3.286950456933597
a,A002817,0,6.773497314813668
a,A002818,0,13.53421799335904
a,A002819,0,12.087181405042235
a,A002820,0,-7.313062209837954
a,A002821,0,20.23991674681857
a,A002822,0,11.735943251437128
a,A002823,0,22.27448327410144
a,A002824,0,8.045810717440801
a,A002825,0,1.3172303186872183
a,A002826,0,12.499149409959056
a,A002827,0,4.436432626338286
a,A002828,0,15.15226069857358
a,A002829,0,11.729651091643486
a,A002830,0,9.229946860537884
a,A002831,1,16.213817149188383
a,A002832,0,15.019866518725877
a,A002833,0,3.3570914391779434
a,A002834,0,14.091997546374326
a,A002835,0,7.072829179715373
a,A002836,0,0.3647116871500601
a,A002837,0,9.926057523550144
a,A002838,0,12.829151955113277
a,A002839,1,9.318029200169066
a,A002840,0,13.84154900046998
a,A002841,0,-0.5456182268148538
a,A002842,0,15.080510330502571
a,A002843,0,4.811837772732684
a,A002844,0,18.58120150167881
a,A002845,0,13.023833832912144
a,A002846,0,-0.8953355765773557
b,B000001,0,15.437
b,B000002,0,26.639
b,B000003,0,22.279
b,B000004,0,29.054
b,B000005,1,30.846
b,B000006,0,25.611
b,B000007,0,25.429
b,B000008,0,27.677
b,B000009,0,19.266
b,B000010,0,12.607
b,B000011,0,12.392
b,B000012,0,31.631
b,B000013,0,26.269
b,B000014,0,16.546
b,B000015,1,30.85
b,B000016,0,23.57
b,B000017,0,30.354
b,B000018,1,26.911
b,B000019,0,32.107
b,B000020,0,22.599
b,B000021,0,22.713
b,B000022,0,46.108
b,B000023,0,25.382
b,B000024,0,15.018
b,B000025,0,27.571
b,B000026,0,27.529
b,B000027,0,11.455
b,B000028,1,26.262
b,B000029,0,39.914
b,B000030,0,37.962
b,B000031,0,29.673
b,B000032,1,25.301
b,B000033,0,16.057
b,B000034,0,14.049
b,B000035,0,31.024
b,B000036,0,31.28
b,B000037,0,26.193
b,B000038,0,31.851
b,B000039,0,13.559
b,B000040,0,29.12
b,B000041,0,27.418
b,B000042,0,55.871
b,B000043,1,25.54
b,B000044,0,33.718
b,B000045,0,25.804
b,B000046,0,54.894
b,B000047,0,26.271
b,B000048,0,28.284
b,B000049,0,19.852
b,B000050,0,10.975
b,B000051,0,19.105
b,B000052,1,31.189
b,B000053,0,37.914
b,B000054,0,13.751
b,B000055,1,24.337
b,B000056,1,26.647
b,B000057,1,49.826
b,B000058,1,25.138
b,B000059,0,27.001
b,B000060,0,25.854
b,B000061,1,28.266
b,B000062,0,26.138
b,B000063,0,23.379
b,B000064,0,26.805
b,B000065,0,42.029
b,B000066,0,23.742
b,B000067,0,29.444
b,B000068,0,24.705
b,B000069,0,24.78
b,B000070,1,15.6
b,B000071,0,24.395
b,B000072,0,25.509
b,B000073,0,15.01
b,B000074,0,28.808
b,B000075,0,26.856
b,B000076,0,33.723
b,B000077,0,29.106
b,B000078,0,17.431
b,B000079,0,13.721
b,B000080,0,22.61
b,B000081,1,30.295
b,B000082,0,27.125
b,B000083,0,27.693
b,B000084,0,26.199
b,B000085,0,27.914
b,B000086,1,52.548
b,B000087,1,28.717
b,B000088,0,26.276
b,B000089,0,32.147
b,B000090,0,14.301
b,B000091,0,46.928
b,B000092,1,25.69
b,B000093,0,27.696
b,B000094,1,34.638
b,B000095,0,27.777
b,B000096,0,19.213
b,B000097,0,22.299
b,B000098,0,13.599
b,B000099,0,32.487
b,B000100,0,14.104
b,B000101,0,29.845
b,B000102,0,33.958
b,B000103,1,25.13
b,B000104,1,32.171
b,B000105,0,14.52
b,B000106,0,34.945
b,B000107,0,41.928
b,B000108,0,23.254
b,B000109,0,16.713
b,B000110,0,31.252
b,B000111,0,27.128
b,B000112,0,24.945
b,B000113,0,24.513
b,B000114,0,32.481
b,B000115,0,22.346
b,B000116,0,31.625
b,B000117,0,33.502
b,B000118,0,28.919
b,B000119,0,13.903
b,B000120,0,16.418
b,B000121,1,24.536
b,B000122,1,29.892
b,B000123,0,42.983
b,B000124,0,48.237
b,B000125,0,29.547
b,B000126,0,22.597
b,B000127,1,36.416
b,B000128,1,28.127
b,B000129,0,27.211
b,B000130,0,21.461
b,B000131,0,21.541
b,B000132,0,13.846
b,B000133,0,14.347
b,B000134,0,17.998
b,B000135,0,26.214
b,B000136,1,31.931
b,B000137,0,22.918
b,B000138,0,20.646
b,B000139,0,26.298
b,B000140,0,29.711
b,B000141,0,32.918
b,B000142,0,10.003
b,B000143,0,25.547
b,B000144,0,46.135
b,B000145,0,28.246
b,B000146,0,19.472
b,B000147,0,35.286
b,B000148,0,31.319
b,B000149,0,16.712
b,B000150,0,32.917
b,B000151,0,11.8
b,B000152,0,36.922
b,B000153,1,21.324
b,B000154,0,10.84
b,B000155,0,27.344
b,B000156,1,17.9
b,B000157,0,31.507
b,B000158,0,34.063
b,B000159,1,26.379
b,B000160,0,30.439
b,B000161,0,27.944
b,B000162,0,32.218
b,B000163,0,23.193
b,B000164,0,26.187
b,B000165,0,35.945
b,B000166,0,25.08
b,B000167,0,27.097
b,B000168,1,44.381
b,B000169,0,24.112
b,B000170,1,29.49
b,B000171,0,34.745
b,B000172,1,27.193
b,B000173,0,20.213
b,B000174,0,15.118
b,B000175,1,24.973
b,B000176,1,42.635
b,B000177,1,35.991
b,B000178,0,29.029
b,B000179,0,26.791
b,B000180,0,16.13
b,B000181,0,33.431
b,B000182,0,37.724
b,B000183,1,39.325
b,B000184,0,23.484
b,B000185,0,29.936
b,B000186,0,23.347
b,B000187,0,26.813
b,B000188,0,26.044
b,B000189,0,30.301
b,B000190,0,15.459
b,B000191,0,29.457
b,B000192,0,34.311
b,B000193,0,32.362
b,B000194,0,12.871
b,B000195,0,37.223
b,B000196,0,27.476
b,B000197,0,25.336
b,B000198,0,29.499
b,B000199,0,24.221
b,B000200,0,27.87
b,B000201,0,10.337
b,B000202,1,27.261
b,B000203,0,27.482
b,B000204,0,26.502
b,B000205,1,26.635
b,B000206,0,30.153
b,B000207,0,26.756
b,B000208,1,30.731
b,B000209,0,25.034
b,B000210,0,37.381
b,B000211,0,15.291
b,B000212,0,24.967
b,B000213,0,24.973
b,B000214,0,35.77
b,B000215,0,53.178
b,B000216,0,12.613
b,B000217,0,23.345
b,B000218,0,34.577
b,B000219,0,16.428
b,B000220,0,12.771
b,B000221,0,11.891
b,B000222,0,35.56
b,B000223,0,28.959
b,B000224,0,22.689
b,B000225,0,30.371
b,B000226,0,34.503
b,B000227,0,13.805
b,B000228,0,27.975
b,B000229,0,52.039
b,B000230,0,16.983
b,B000231,0,20.801
b,B000232,0,27.41
b,B000233,1,30.43
b,B000234,0,30.337
b,B000235,0,21.35
b,B000236,0,14.44
b,B000237,0,23.47
b,B000238,1,30.058
b,B000239,0,32.148
b,B000240,0,42.138
b,B000241,0,24.972
b,B000242,0,41.751
b,B000243,0,41.599
b,B000244,1,33.509
b,B000245,0,21.065
b,B000246,0,40.269
b,B000247,0,14.54
b,B000248,0,45.609
b,B000249,1,32.159
b,B000250,0,22.192
b,B000251,0,23.087
b,B000252,1,36.485
b,B000253,0,31.031
b,B000254,0,24.255
b,B000255,0,28.488
b,B000256,0,16.421
b,B000257,0,28.557
b,B000258,0,16.431
b,B000259,0,42.525
b,B000260,0,25.056
b,B000261,0,20.658
b,B000262,0,15.88
b,B000263,0,13.615
b,B000264,0,23.777
b,B000265,0,28.106
b,B000266,0,59.997
b,B000267,0,29.364
b,B000268,0,32.066
b,B000269,0,34.568
b,B000270,0,24.079
b,B000271,0,14.198
b,B000272,0,32.191
b,B000273,1,37.907
b,B000274,0,64.841
b,B000275,0,13.304
b,B000276,1,52.32
b,B000277,0,15.521
b,B000278,0,46.553
b,B000279,0,25.878
b,B000280,0,27.399
b,B000281,0,22.793
b,B000282,1,28.826
b,B000283,0,28.901
b,B000284,0,44.873
b,B000285,0,33.79
b,B000286,0,18.441
b,B000287,0,26.659
b,B000288,0,14.325
b,B000289,1,33.573
b,B000290,0,22.337
b,B000291,0,30.454
b,B000292,0,23.146
b,B000293,1,43.825
b,B000294,0,48.711
b,B000295,0,22.698
b,B000296,0,26.833
b,B000297,0,29.596
b,B000298,0,7.645
b,B000299,0,40.687
b,B000300,0,25.852
b,B000301,0,39.043
b,B000302,1,31.79
b,B000303,0,30.448
b,B000304,1,34.262
b,B000305,0,31.9
b,B000306,0,35.891
b,B000307,0,24.537
b,B000308,0,22.53
b,B000309,0,28.591
b,B000310,0,45.095
b,B000311,0,23.542
b,B000312,0,15.616
b,B000313,0,25.562
b,B000314,0,30.894
b,B000315,0,33.104
b,B000316,0,27.387
b,B000317,0,26.963
b,B000318,0,16.114
b,B000319,0,38.026
b,B000320,0,29.268
b,B000321,0,25.215
b,B000322,0,24.973
b,B000323,0,35.697
b,B000324,0,28.697
b,B000325,0,27.542
b,B000326,0,23.111
b,B000327,0,27.663
b,B000328,0,22.028
b,B000329,0,33.758
b,B000330,1,49.248
b,B000331,0,24.118
b,B000332,0,27.124
b,B000333,0,17.335
b,B000334,0,22.131
b,B000335,0,21.722
b,B000336,0,24.827
b,B000337,0,32.993
b,B000338,0,21.631
b,B000339,0,21.066
b,B000340,0,27.211
b,B000341,0,27.597
b,B000342,0,24.994
b,B000343,0,12.468
b,B000344,0,30.824
b,B000345,0,32.467
b,B000346,1,31.25
b,B000347,0,24.067
b,B000348,0,12.783
b,B000349,0,21.148
b,B000350,0,25.452
b,B000351,0,25.052
b,B000352,0,31.388
b,B000353,0,42.027
b,B000354,0,29.377
b,B000355,1,37.563
b,B000356,1,33.362
b,B000357,0,29.108
b,B000358,1,27.81
b,B000359,0,25.351
b,B000360,0,32.355
b,B000361,0,34.093
b,B000362,0,36.129
b,B000363,0,20.573
b,B000364,0,31.498
b,B000365,0,25.125
b,B000366,0,29.539
b,B000367,0,23.78
b,B000368,0,31.13
b,B000369,0,26.727
b,B000370,0,21.988
b,B000371,0,11.773
b,B000372,0,12.96
b,B000373,0,28.555
b,B000374,1,25.316
b,B000375,0,25.125
b,B000376,1,59.015
b,B000377,0,23.98
b,B000378,0,13.919
b,B000379,0,25.159
b,B000380,0,31.512
b,B000381,0,24.984
b,B000382,0,25.421
b,B000383,0,32.261
b,B000384,1,24.908
b,B000385,0,26.684
b,B000386,0,37.331
b,B000387,0,31.965
b,B000388,0,30.209
b,B000389,0,24.122
b,B000390,0,31.302
b,B000391,0,25.711
b,B000392,0,25.225
b,B000393,0,35.038
b,B000394,0,26.676
b,B000395,1,20.561
b,B000396,1,31.043
b,B000397,0,26.275
b,B000398,0,17.59
b,B000399,0,33.739
b,B000400,0,20.054
b,B000401,0,41.891
b,B000402,0,14.87
b,B000403,0,53.736
b,B000404,0,27.868
b,B000405,0,25.355
b,B000406,0,24.198
b,B000407,0,34.078
b,B000408,0,25.459
b,B000409,0,23.885
b,B000410,0,25.207
b,B000411,0,27.033
b,B000412,0,28.046
b,B000413,0,23.667
b,B000414,0,25.143
b,B000415,0,24.585
b,B000416,0,26.031
b,B000417,0,15.774
b,B000418,0,43.356
b,B000419,1,26.481
b,B000420,0,28.78
b,B000421,0,24.685
b,B000422,0,16.722
b,B000423,0,27.856
b,B000424,0,30.12
b,B000425,1,52.923
b,B000426,0,30.436
b,B000427,0,36.097
b,B000428,0,35.011
b,B000429,1,34.1
b,B000430,0,28.98
b,B000431,0,32.321
b,B000432,0,26.371
b,B000433,1,29.138
b,B000434,0,16.361
b,B000435,0,21.153
b,B000436,1,39.918
b,B000437,0,18.407
b,B000438,0,32.457
b,B000439,0,31.467
b,B000440,0,36.555
b,B000441,0,26.885
b,B000442,1,23.452
b,B000443,0,26.421
b,B000444,0,35.943
b,B000445,0,14.407
b,B000446,0,26.718
b,B000447,0,34.334
b,B000448,0,30.825
b,B000449,0,16.238
b,B000450,0,20.985
b,B000451,1,28.955
b,B000452,0,15.064
b,B000453,0,23.055
b,B000454,0,25.28
b,B000455,0,21.195
b,B000456,0,25.833
b,B000457,0,28.767
b,B000458,0,12.131
b,B000459,0,41.13
b,B000460,1,29.1
b,B000461,0,31.316
b,B000462,0,14.29
b,B000463,0,12.023
b,B000464,0,28.753
b,B000465,1,29.758
b,B000466,0,30.185
b,B000467,0,33.751
b,B000468,0,22.865
b,B000469,1,31.691
b,B000470,0,15.783
b,B000471,0,19.71
b,B000472,0,27.185
b,B000473,0,25.156
b,B000474,0,25.174
b,B000475,1,25.924
b,B000476,0,15.439
b,B000477,0,40.548
b,B000478,0,30.993
b,B000479,1,52.78
b,B000480,1,51.121
b,B000481,0,31.729
b,B000482,0,24.005
b,B000483,0,32.51
b,B000484,0,18.533
b,B000485,0,21.113
b,B000486,0,24.954
b,B000487,0,43.744
b,B000488,1,30.887
b,B000489,0,31.599
b,B000490,0,24.012
b,B000491,1,48.156
b,B000492,0,32.734
b,B000493,0,50.992
b,B000494,0,42.013
b,B000495,0,31.482
b,B000496,0,23.525
b,B000497,0,25.474
b,B000498,1,29.998
b,B000499,0,31.172
b,B000500,0,26.845
b,B000501,1,23.33
b,B000502,0,25.216
b,B000503,1,40.416
b,B000504,0,21.732
b,B000505,0,38.051
b,B000506,1,24.005
b,B000507,0,31.032
b,B000508,0,25.837
b,B000509,0,22.598
b,B000510,0,23.907
b,B000511,0,49.609
b,B000512,0,27.659
b,B000513,1,29.023
b,B000514,0,22.037
b,B000515,0,49.818
b,B000516,1,39.749
b,B000517,1,30.53
b,B000518,0,32.59
b,B000519,1,28.871
b,B000520,0,26.963
b,B000521,1,27.756
b,B000522,0,24.941
b,B000523,0,12.631
b,B000524,0,24.751
b,B000525,0,20.818
b,B000526,0,25.079
b,B000527,0,33.382
b,B000528,0,25.012
b,B000529,1,31.497
b,B000530,0,21.54
b,B000531,0,20.127
b,B000532,0,27.067
b,B000533,0,37.937
b,B000534,0,20.687
b,B000535,0,35.05
b,B000536,0,34.36
b,B000537,0,21.743
b,B000538,0,23.193
b,B000539,0,30.704
b,B000540,0,23.685
b,B000541,0,15.046
b,B000542,0,10.213
b,B000543,0,28.286
b,B000544,0,25.944
b,B000545,0,28.005
b,B000546,0,26.243
b,B000547,0,27.795
b,B000548,0,30.217
b,B000549,0,23.79
b,B000550,0,27.171
b,B000551,0,12.887
b,B000552,0,12.926
b,B000553,0,18.393
b,B000554,0,26.761
b,B000555,1,25.661
b,B000556,1,28.63
b,B000557,0,34.12
b,B000558,0,57.738
b,B000559,1,17.1
b,B000560,0,29.334
b,B000561,0,39.355
b,B000562,0,26.13
b,B000563,0,12.849
b,B000564,0,22.906
b,B000565,1,32.716
b,B000566,0,12.615
b,B000567,0,35.436
b,B000568,0,30.321
b,B000569,0,24.664
b,B000570,0,31.889
b,B000571,0,30.207
b,B000572,1,40.167
b,B000573,0,14.468
b,B000574,0,24.427
b,B000575,0,38.45
b,B000576,0,12.743
b,B000577,0,15.644
b,B000578,0,32.277
b,B000579,0,32.959
b,B000580,0,19.467
b,B000581,1,34.645
b,B000582,0,54.504
b,B000583,0,29.317
b,B000584,0,21.358
b,B000585,0,25.678
b,B000586,0,24.618
b,B000587,0,20.322
b,B000588,0,25.698
b,B000589,0,11.825
b,B000590,0,26.902
b,B000591,0,26.104
b,B000592,0,31.818
b,B000593,0,14.479
b,B000594,0,66.081
b,B000595,0,25.366
b,B000596,0,33.331
b,B000597,0,42.645
b,B000598,1,8.0
b,B000599,0,30.91
b,B000600,1,43.152
b,B000601,0,35.986
b,B000602,0,15.364
b,B000603,0,25.027
b,B000604,0,26.513
b,B000605,0,22.072
b,B000606,0,42.925
b,B000607,0,41.452
b,B000608,0,26.594
b,B000609,0,25.291
b,B000610,0,33.557
b,B000611,0,25.569
b,B000612,0,31.807
b,B000613,0,37.908
b,B000614,1,30.472
b,B000615,0,37.345
b,B000616,0,18.406
b,B000617,0,27.025
b,B000618,0,23.132
b,B000619,0,21.565
b,B000620,0,9.782
b,B000621,0,12.802
b,B000622,0,29.868
b,B000623,0,26.468
b,B000624,0,26.171
b,B000625,0,30.668
b,B000626,0,35.808
b,B000627,0,27.31
b,B000628,0,30.63
b,B000629,0,25.465
b,B000630,0,9.307
b,B000631,0,35.586
b,B000632,0,43.031
b,B000633,0,28.672
b,B000634,0,20.606
b,B000635,0,29.524
b,B000636,0,25.747
b,B000637,0,27.925
b,B000638,0,26.03
b,B000639,0,40.413
b,B000640,0,29.092
b,B000641,0,48.538
b,B000642,0,12.795
b,B000643,0,29.654
b,B000644,0,22.241
b,B000645,0,37.652
b,B000646,0,22.252
b,B000647,0,37.368
b,B000648,0,37.314
b,B000649,1,31.734
b,B000650,0,25.687
b,B000651,0,23.619
b,B000652,1,31.0
b,B000653,0,29.431
b,B000654,0,26.981
b,B000655,0,31.683
b,B000656,0,31.132
b,B000657,0,23.213
b,B000658,0,29.001
b,B000659,1,35.38
b,B000660,1,21.5
b,B000661,0,25.09
b,B000662,0,33.412
b,B000663,0,24.982
b,B000664,0,25.768
b,B000665,0,47.56
b,B000666,0,27.725
b,B000667,0,23.599
b,B000668,0,14.386
b,B000669,0,25.811
b,B000670,0,29.405
b,B000671,0,27.41
b,B000672,0,21.772
b,B000673,0,32.625
b,B000674,0,14.755
b,B000675,1,26.532
b,B000676,0,23.917
b,B000677,0,27.881
b,B000678,0,24.878
b,B000679,0,25.021
b,B000680,0,23.789
b,B000681,0,27.121
b,B000682,0,32.972
b,B000683,0,11.998
b,B000684,0,13.449
b,B000685,0,13.159
b,B000686,0,37.61
b,B000687,0,28.935
b,B000688,0,22.553
b,B000689,0,26.197
b,B000690,1,33.546
b,B000691,1,33.326
b,B000692,0,24.641
b,B000693,0,24.614
b,B000694,0,14.575
b,B000695,0,16.574
b,B000696,1,60.233
b,B000697,1,28.032
b,B000698,0,27.083
b,B000699,0,32.156
b,B000700,0,25.599
b,B000701,0,31.281
b,B000702,0,33.539
b,B000703,0,14.83
b,B000704,0,14.151
b,B000705,0,38.194
b,B000706,0,35.506
b,B000707,0,24.268
b,B000708,0,18.923
b,B000709,1,24.3
b,B000710,0,26.342
b,B000711,1,27.423
b,B000712,1,25.971
b,B000713,0,22.221
b,B000714,0,27.476
b,B000715,0,30.259
b,B000716,0,27.992
b,B000717,0,37.606
b,B000718,0,31.489
b,B000719,0,33.68
b,B000720,0,15.317
b,B000721,0,20.31
b,B000722,0,28.293
b,B000723,0,14.15
b,B000724,0,21.913
b,B000725,0,14.217
b,B000726,0,14.189
b,B000727,0,40.355
b,B000728,0,13.812
b,B000729,0,28.504
b,B000730,0,28.899
b,B000731,0,15.454
b,B000732,0,39.678
b,B000733,0,24.677
b,B000734,1,24.1
b,B000735,0,26.449
b,B000736,1,24.5
b,B000737,0,33.58
b,B000738,0,12.24
b,B000739,0,64.011
b,B000740,0,25.635
b,B000741,0,20.89
b,B000742,1,38.445
b,B000743,0,21.978
b,B000744,1,31.027
b,B000745,0,26.645
b,B000746,0,32.332
b,B000747,0,14.875
b,B000748,0,40.856
b,B000749,0,12.022
b,B000750,0,27.012
b,B000751,0,18.926
b,B000752,0,30.175
b,B000753,0,14.522
b,B000754,0,33.899
b,B000755,0,26.222
b,B000756,0,48.91
b,B000757,0,29.186
b,B000758,0,20.84
b,B000759,0,16.417
b,B000760,0,28.489
b,B000761,0,33.693
b,B000762,0,12.09
b,B000763,1,32.355
b,B000764,0,35.943
b,B000765,0,38.044
b,B000766,0,26.752
b,B000767,1,33.593
b,B000768,0,54.633
b,B000769,0,33.865
b,B000770,0,22.821
b,B000771,0,22.06
b,B000772,0,30.596
b,B000773,0,28.282
b,B000774,0,30.551
b,B000775,0,33.805
b,B000776,0,26.0
b,B000777,0,22.939
b,B000778,0,31.751
b,B000779,0,34.785
b,B000780,0,16.901
b,B000781,1,29.767
b,B000782,0,39.555
b,B000783,1,24.862
b,B000784,0,22.691
b,B000785,0,20.915
b,B000786,0,27.894
b,B000787,0,32.871
b,B000788,0,42.992
b,B000789,0,29.741
b,B000790,0,21.281
b,B000791,1,49.153
b,B000792,1,23.739
b,B000793,0,17.883
b,B000794,1,25.507
b,B000795,0,29.983
b,B000796,0,25.496
b,B000797,0,26.003
b,B000798,1,28.05
b,B000799,0,32.832
b,B000800,0,25.395
b,B000801,1,30.6
b,B000802,0,26.879
b,B000803,1,42.541
b,B000804,0,19.919
b,B000805,0,12.998
b,B000806,0,8.131
b,B000807,0,21.815
b,B000808,0,22.717
b,B000809,0,30.842
b,B000810,0,34.175
b,B000811,0,30.053
b,B000812,0,12.706
b,B000813,0,14.406
b,B000814,0,35.331
b,B000815,0,23.109
b,B000816,0,13.879
b,B000817,0,26.282
b,B000818,0,29.784
b,B000819,0,35.73
b,B000820,0,23.491
b,B000821,0,24.646
b,B000822,0,23.041
b,B000823,0,31.398
b,B000824,0,27.624
b,B000825,0,27.27
b,B000826,0,30.609
b,B000827,0,9.179
b,B000828,0,35.669
b,B000829,0,27.194
b,B000830,0,16.349
b,B000831,0,29.176
b,B000832,1,27.375
b,B000833,0,34.557
b,B000834,1,32.287
b,B000835,0,33.189
b,B000836,0,13.42
b,B000837,0,50.395
b,B000838,0,23.658
b,B000839,0,34.549
b,B000840,0,76.511
b,B000841,1,43.761
b,B000842,0,23.742
b,B000843,0,27.488
b,B000844,0,30.951
b,B000845,0,23.962
b,B000846,0,57.211
b,B000847,0,12.703
b,B000848,0,13.749
b,B000849,0,24.427
b,B000850,0,21.614
b,B000851,0,31.444
b,B000852,0,23.601
b,B000853,0,26.534
b,B000854,0,15.265
b,B000855,0,36.449
b,B000856,0,33.856
b,B000857,1,34.2
b,B000858,0,21.982
b,B000859,0,28.031
b,B000860,0,15.046
b,B000861,0,22.108
b,B000862,0,20.995
b,B000863,0,25.353
b,B000864,0,13.994
b,B000865,0,50.45
b,B000866,0,10.415
b,B000867,0,10.352
b,B000868,0,30.814
b,B000869,0,14.815
b,B000870,0,33.903
b,B000871,0,18.835
b,B000872,0,29.135
b,B000873,0,9.946
b,B000874,0,26.26
b,B000875,0,22.109
b,B000876,0,26.716
b,B000877,0,24.593
b,B000878,0,14.671
b,B000879,0,29.248
b,B000880,0,27.415
b,B000881,0,29.765
b,B000882,1,25.34
b,B000883,0,29.895
b,B000884,0,42.359
b,B000885,1,27.061
b,B000886,0,17.006
b,B000887,0,32.896
b,B000888,0,28.175
b,B000889,1,25.496
b,B000890,0,36.322
b,B000891,0,34.137
b,B000892,0,57.844
b,B000893,0,35.019
b,B000894,0,19.555
b,B000895,0,32.879
b,B000896,1,33.952
b,B000897,1,29.266
b,B000898,0,22.102
b,B000899,0,25.094
b,B000900,0,22.101
b,B000901,0,24.032
b,B000902,0,25.728
b,B000903,0,31.464
b,B000904,0,15.248
b,B000905,1,49.764
b,B000906,0,22.951
b,B000907,1,26.644
b,B000908,1,26.73
b,B000909,1,21.4
b,B000910,0,39.906
b,B000911,0,33.168
b,B000912,0,27.482
b,B000913,0,34.403
b,B000914,0,29.174
b,B000915,0,22.617
b,B000916,1,36.6
b,B000917,0,27.807
b,B000918,0,21.79
b,B000919,0,27.97
b,B000920,0,13.667
b,B000921,0,32.495
b,B000922,0,26.321
b,B000923,0,29.464
b,B000924,0,16.82
b,B000925,0,22.711
b,B000926,0,30.131
b,B000927,0,22.979
b,B000928,0,54.105
b,B000929,0,21.971
b,B000930,0,30.867
b,B000931,0,25.826
b,B000932,0,17.937
b,B000933,0,31.461
b,B000934,0,42.181
b,B000935,0,23.064
b,B000936,0,26.567
b,B000937,0,32.121
b,B000938,0,25.668
b,B000939,0,13.245
b,B000940,0,28.15
b,B000941,0,24.683
b,B000942,0,35.302
b,B000943,0,32.089
b,B000944,0,25.993
b,B000945,1,35.663
b,B000946,0,19.885
b,B000947,0,24.767
b,B000948,0,21.392
b,B000949,0,31.444
b,B000950,1,46.879
b,B000951,0,32.782
b,B000952,1,30.412
b,B000953,0,31.365
b,B000954,0,28.597
b,B000955,0,28.791
b,B000956,0,27.5
b,B000957,0,33.212
b,B000958,0,35.097
b,B000959,0,27.423
b,B000960,0,39.736
b,B000961,0,23.158
b,B000962,1,50.33
b,B000963,0,19.428
b,B000964,0,18.882
b,B000965,0,27.9
b,B000966,0,38.783
b,B000967,0,23.224
b,B000968,0,22.022
b,B000969,0,31.188
b,B000970,0,28.478
b,B000971,1,36.192
b,B000972,0,16.716
b,B000973,0,33.153
b,B000974,1,41.585
b,B000975,0,21.32
b,B000976,1,42.838
b,B000977,0,33.705
b,B000978,0,29.862
b,B000979,0,25.003
b,B000980,0,31.356
b,B000981,0,26.535
b,B000982,1,41.08
b,B000983,0,51.423
b,B000984,0,25.258
b,B000985,0,31.54
b,B000986,0,12.308
b,B000987,0,21.669
b,B000988,1,30.948
b,B000989,0,25.24
b,B000990,0,36.073
b,B000991,0,26.116
b,B000992,0,24.632
b,B000993,0,33.287
b,B000994,0,26.715
b,B000995,0,13.004
b,B000996,0,5.946
b,B000997,0,13.795
b,B000998,0,25.699
b,B000999,1,53.81
b,B001000,0,27.767
b,B001001,1,59.191
b,B001002,0,30.885
b,B001003,1,24.428
b,B001004,0,30.664
b,B001005,0,28.761
b,B001006,0,36.931
b,B001007,0,26.332
b,B001008,1,30.587
b,B001009,0,23.678
b,B001010,0,40.476
b,B001011,0,37.212
b,B001012,0,47.348
b,B001013,0,31.664
b,B001014,0,46.606
b,B001015,1,45.883
b,B001016,1,38.173
b,B001017,0,15.16
b,B001018,0,24.503
b,B001019,0,32.072
b,B001020,0,30.087
b,B001021,0,36.558
b,B001022,0,24.632
b,B001023,0,27.559
b,B001024,0,27.28
b,B001025,0,14.063
b,B001026,1,38.915
b,B001027,0,35.804
b,B001028,0,24.611
b,B001029,1,34.456
b,B001030,0,21.259
b,B001031,0,24.671
b,B001032,0,27.597
b,B001033,0,28.979
b,B001034,1,29.776
b,B001035,0,24.063
b,B001036,0,25.297
b,B001037,0,31.217
b,B001038,0,31.907
b,B001039,0,41.545
b,B001040,0,31.931
b,B001041,0,28.028
b,B001042,0,32.718
b,B001043,0,18.459
b,B001044,0,19.261
b,B001045,0,13.021
b,B001046,0,43.144
b,B001047,0,21.888
b,B001048,0,13.541
b,B001049,0,26.191
b,B001050,0,25.986
b,B001051,0,14.104
b,B001052,0,34.166
b,B001053,0,12.898
b,B001054,0,20.332
b,B001055,1,40.589
b,B001056,0,52.982
b,B001057,0,20.148
b,B001058,0,26.48
b,B001059,0,36.36
b,B001060,0,25.49
b,B001061,0,26.971
b,B001062,0,27.486
b,B001063,0,24.087
b,B001064,1,24.015
b,B001065,0,36.923
b,B001066,0,29.506
b,B001067,1,31.337
b,B001068,0,30.877
b,B001069,0,22.6
b,B001070,0,32.574
b,B001071,0,29.99
b,B001072,0,28.547
b,B001073,0,21.341
b,B001074,0,28.434
b,B001075,0,27.468
b,B001076,0,25.167
b,B001077,0,32.107
b,B001078,0,30.753
b,B001079,0,23.029
b,B001080,0,24.556
b,B001081,0,29.211
b,B001082,0,31.711
b,B001083,0,25.358
b,B001084,0,31.586
b,B001085,0,25.605
b,B001086,0,22.01
b,B001087,0,13.136
b,B001088,0,23.484
b,B001089,0,33.116
b,B001090,0,27.095
b,B001091,0,33.684
b,B001092,1,30.527
b,B001093,0,12.099
b,B001094,1,25.652
b,B001095,0,29.054
b,B001096,1,22.0
b,B001097,0,34.268
b,B001098,0,28.066
b,B001099,0,37.981
b,B001100,0,26.61
b,B001101,0,29.106
b,B001102,0,21.898
b,B001103,1,33.083
b,B001104,0,45.013
b,B001105,0,35.217
b,B001106,0,15.05
b,B001107,0,26.119
b,B001108,0,30.904
b,B001109,0,25.87
b,B001110,0,8.831
b,B001111,0,20.185
b,B001112,1,27.637
b,B001113,0,18.728
b,B001114,0,35.512
b,B001115,0,24.891
b,B001116,0,31.946
b,B001117,0,45.818
b,B001118,1,50.273
b,B001119,0,22.983
b,B001120,0,29.964
b,B001121,0,29.651
b,B001122,0,27.198
b,B001123,0,27.73
b,B001124,0,17.253
b,B001125,0,23.006
b,B001126,0,22.08
b,B001127,1,21.621
b,B001128,0,41.313
b,B001129,0,37.654
b,B001130,0,16.666
b,B001131,0,14.8
b,B001132,0,27.037
b,B001133,0,23.068
b,B001134,0,22.216
b,B001135,0,26.875
b,B001136,0,31.946
b,B001137,0,23.58
b,B001138,1,51.609
b,B001139,0,24.886
b,B001140,0,12.727
b,B001141,0,25.228
b,B001142,1,42.33
b,B001143,0,27.206
b,B001144,0,25.662
b,B001145,0,34.696
b,B001146,0,31.545
b,B001147,0,26.176
b,B001148,1,41.357
b,B001149,0,27.382
b,B001150,0,28.369
b,B001151,0,24.746
b,B001152,0,25.135
b,B001153,0,21.362
b,B001154,0,21.78
b,B001155,0,26.28
b,B001156,0,26.878
b,B001157,0,32.895
b,B001158,0,25.849
b,B001159,0,39.315
b,B001160,1,40.656
b,B001161,1,33.5
b,B001162,1,41.924
b,B001163,0,27.93
b,B001164,0,47.187
b,B001165,0,12.641
b,B001166,0,25.912
b,B001167,0,30.24
b,B001168,0,17.499
b,B001169,0,50.185
b,B001170,0,32.212
b,B001171,0,34.006
b,B001172,0,24.915
b,B001173,1,26.719
b,B001174,0,31.674
b,B001175,0,25.136
b,B001176,0,11.696
b,B001177,1,28.34
b,B001178,0,34.994
b,B001179,0,49.239
b,B001180,0,28.763
b,B001181,0,31.24
b,B001182,0,22.661
b,B001183,1,58.458
b,B001184,0,32.23
b,B001185,1,26.381
b,B001186,0,31.597
b,B001187,0,14.203
b,B001188,0,10.247
b,B001189,0,29.856
b,B001190,0,26.735
b,B001191,0,10.046
b,B001192,0,13.13
b,B001193,0,22.756
b,B001194,0,20.814
b,B001195,0,29.112
b,B001196,0,29.166
b,B001197,0,23.217
b,B001198,0,19.65
b,B001199,0,21.525
b,B001200,0,12.826
b,B001201,0,14.773
b,B001202,0,14.935
b,B001203,0,29.818
b,B001204,0,14.651
b,B001205,0,30.845
b,B001206,1,30.985
b,B001207,0,24.118
b,B001208,0,29.197
b,B001209,0,37.085
b,B001210,0,13.226
b,B001211,0,31.508
b,B001212,0,11.729
b,B001213,0,22.115
b,B001214,1,33.296
b,B001215,0,24.186
b,B001216,0,24.803
b,B001217,1,37.525
b,B001218,0,28.641
b,B001219,0,31.425
b,B001220,0,16.113
b,B001221,0,29.155
b,B001222,0,51.111
b,B001223,0,25.169
b,B001224,0,20.463
b,B001225,0,11.966
b,B001226,0,31.329
b,B001227,0,34.306
b,B001228,0,14.334
b,B001229,0,12.774
b,B001230,0,48.645
b,B001231,0,14.215
b,B001232,0,24.372
b,B001233,0,45.061
b,B001234,0,28.072
b,B001235,0,16.671
b,B001236,0,29.935
b,B001237,0,43.504
b,B001238,0,31.185
b,B001239,0,35.362
b,B001240,1,26.711
b,B001241,0,31.81
b,B001242,0,15.324
b,B001243,1,26.691
b,B001244,1,39.686
b,B001245,0,24.531
b,B001246,1,24.999
b,B001247,0,23.421
b,B001248,1,26.355
b,B001249,1,29.0
b,B001250,0,14.71
b,B001251,0,27.025
b,B001252,0,13.418
b,B001253,0,22.774
b,B001254,0,23.275
b,B001255,0,17.676
b,B001256,0,25.645
b,B001257,0,24.802
b,B001258,0,30.366
b,B001259,0,26.013
b,B001260,0,32.242
b,B001261,0,22.617
b,B001262,0,21.945
b,B001263,0,12.885
b,B001264,0,26.723
b,B001265,0,30.704
b,B001266,0,39.361
b,B001267,0,40.457
b,B001268,1,28.68
b,B001269,0,25.346
b,B001270,0,21.986
b,B001271,0,41.115
b,B001272,0,25.656
b,B001273,0,13.796
b,B001274,0,25.925
b,B001275,0,34.031
b,B001276,1,28.597
b,B001277,0,23.24
b,B001278,0,26.123
b,B001279,1,30.276
b,B001280,1,32.557
b,B001281,0,29.455
b,B001282,0,70.289
b,B001283,0,24.87
b,B001284,0,30.506
b,B001285,0,22.683
b,B001286,1,32.646
b,B001287,0,23.154
b,B001288,0,26.639
b,B001289,0,28.622
b,B001290,0,29.123
b,B001291,0,20.916
b,B001292,0,23.705
b,B001293,0,17.666
b,B001294,1,26.528
b,B001295,0,21.235
b,B001296,0,22.221
b,B001297,0,14.77
b,B001298,0,35.366
b,B001299,0,27.041
b,B001300,0,26.485
b,B001301,0,32.16
b,B001302,0,24.569
b,B001303,0,13.86
b,B001304,0,43.548
b,B001305,0,36.003
b,B001306,0,25.862
b,B001307,0,26.774
b,B001308,0,28.262
b,B001309,0,46.686
b,B001310,0,31.798
b,B001311,0,33.617
b,B001312,0,41.156
b,B001313,0,20.679
b,B001314,0,25.719
b,B001315,0,33.761
b,B001316,0,23.175
b,B001317,0,31.778
b,B001318,0,31.9
b,B001319,0,47.309
b,B001320,1,31.952
b,B001321,0,25.444
b,B001322,0,36.339
b,B001323,0,21.369
b,B001324,0,29.111
b,B001325,0,30.961
b,B001326,0,50.327
b,B001327,0,26.935
b,B001328,0,28.708
b,B001329,0,28.235
b,B001330,0,24.86
b,B001331,0,15.854
b,B001332,0,23.296
b,B001333,0,24.649
b,B001334,0,34.713
b,B001335,1,22.155
b,B001336,0,55.27
b,B001337,0,20.151
b,B001338,0,12.23
b,B001339,0,27.751
b,B001340,0,30.515
b,B001341,0,9.592
b,B001342,0,22.233
b,B001343,0,26.486
b,B001344,0,29.812
b,B001345,0,27.657
b,B001346,0,30.029
b,B001347,0,49.682
b,B001348,0,27.487
b,B001349,1,24.58
b,B001350,1,32.324
b,B001351,0,25.281
b,B001352,0,12.444
b,B001353,0,27.525
b,B001354,0,31.1
b,B001355,1,25.5
b,B001356,0,23.346
b,B001357,0,31.105
b,B001358,1,54.457
b,B001359,0,39.861
b,B001360,1,35.738
b,B001361,0,31.852
b,B001362,1,20.5
b,B001363,1,42.304
b,B001364,1,43.556
b,B001365,0,34.646
b,B001366,0,40.214
b,B001367,0,13.618
b,B001368,0,14.492
b,B001369,0,18.693
b,B001370,0,8.794
b,B001371,0,41.365
b,B001372,0,24.722
b,B001373,0,21.788
b,B001374,0,22.87
b,B001375,0,25.867
b,B001376,0,66.112
b,B001377,0,27.188
b,B001378,0,29.536
b,B001379,0,32.014
b,B001380,0,29.583
b,B001381,0,12.772
b,B001382,0,19.455
b,B001383,0,24.01
b,B001384,0,21.978
b,B001385,1,45.151
b,B001386,0,38.348
b,B001387,0,45.052
b,B001388,0,43.305
b,B001389,1,11.356
b,B001390,0,33.709
b,B001391,0,24.914
b,B001392,0,30.422
b,B001393,0,38.687
b,B001394,0,30.293
b,B001395,0,17.3
b,B001396,1,23.427
b,B001397,0,27.097
b,B001398,0,31.317
b,B001399,0,35.8
b,B001400,0,26.255
b,B001401,0,11.036
b,B001402,0,15.912
b,B001403,0,14.166
b,B001404,0,26.342
b,B001405,0,47.326
b,B001406,0,23.376
b,B001407,0,28.431
b,B001408,0,31.842
b,B001409,1,28.562
b,B001410,0,29.922
b,B001411,0,17.204
b,B001412,0,20.195
b,B001413,0,15.852
b,B001414,0,28.649
b,B001415,0,34.973
b,B001416,1,30.314
b,B001417,0,34.18
b,B001418,0,26.401
b,B001419,0,24.629
b,B001420,0,33.044
b,B001421,0,31.326
b,B001422,0,24.626
b,B001423,0,35.176
b,B001424,0,12.881
b,B001425,0,30.302
b,B001426,1,33.406
b,B001427,0,13.753
b,B001428,0,26.72
b,B001429,0,38.623
b,B001430,0,35.987
b,B001431,0,22.633
b,B001432,0,22.208
b,B001433,0,31.332
b,B001434,0,26.931
b,B001435,0,13.729
b,B001436,1,45.152
b,B001437,0,28.244
b,B001438,0,29.924
b,B001439,0,14.781
b,B001440,0,25.155
b,B001441,0,23.599
b,B001442,0,25.289
b,B001443,0,21.266
b,B001444,0,26.375
b,B001445,1,27.122
b,B001446,0,19.803
b,B001447,0,26.182
b,B001448,0,27.925
b,B001449,0,16.072
b,B001450,0,33.987
b,B001451,0,31.206
b,B001452,0,31.585
b,B001453,0,13.409
b,B001454,0,44.96
b,B001455,0,59.107
b,B001456,1,32.532
b,B001457,1,48.091
b,B001458,0,10.367
b,B001459,0,60.336
b,B001460,0,17.242
b,B001461,0,10.281
b,B001462,0,32.101
b,B001463,0,28.165
b,B001464,1,30.387
b,B001465,1,42.072
b,B001466,0,42.881
b,B001467,0,12.428
b,B001468,1,58.83
b,B001469,0,22.39
b,B001470,1,44.518
b,B001471,0,27.693
b,B001472,0,30.249
b,B001473,0,22.395
b,B001474,0,20.865
b,B001475,0,28.606
b,B001476,0,26.608
b,B001477,0,36.828
b,B001478,1,25.658
b,B001479,0,41.76
b,B001480,1,26.607
b,B001481,0,30.785
b,B001482,0,37.939
b,B001483,0,12.512
b,B001484,0,16.269
b,B001485,0,16.105
b,B001486,0,30.471
b,B001487,0,14.456
b,B001488,0,11.099
b,B001489,0,36.388
b,B001490,1,24.847
b,B001491,0,29.713
b,B001492,0,51.771
b,B001493,1,25.871
b,B001494,1,25.653
b,B001495,1,24.2
b,B001496,0,13.346
b,B001497,0,28.19
b,B001498,0,31.186
b,B001499,1,29.239
b,B001500,1,25.351
b,B001501,0,29.964
b,B001502,0,14.245
b,B001503,0,28.034
b,B001504,0,37.631
b,B001505,0,27.202
b,B001506,0,25.23
b,B001507,0,15.245
b,B001508,1,23.515
b,B001509,0,31.532
b,B001510,1,31.191
b,B001511,0,15.303
b,B001512,0,33.466
b,B001513,0,36.691
b,B001514,1,28.816
b,B001515,0,24.422
b,B001516,0,29.673
b,B001517,1,31.536
b,B001518,1,25.6
b,B001519,0,31.181
b,B001520,0,61.057
b,B001521,1,44.366
b,B001522,0,35.147
b,B001523,0,30.537
b,B001524,0,9.558
b,B001525,0,55.127
b,B001526,0,37.425
b,B001527,0,32.113
b,B001528,0,31.805
b,B001529,0,31.657
b,B001530,0,40.031
b,B001531,0,20.083
b,B001532,1,25.117
b,B001533,0,11.723
b,B001534,0,22.778
b,B001535,0,27.706
b,B001536,0,44.969
b,B001537,0,33.318
b,B001538,1,33.73
b,B001539,0,20.0
b,B001540,0,31.879
b,B001541,0,26.255
b,B001542,0,21.058
b,B001543,0,21.952
b,B001544,0,32.089
b,B001545,0,30.04
b,B001546,0,25.536
b,B001547,0,41.537
b,B001548,0,14.087
b,B001549,0,26.239
b,B001550,0,26.844
b,B001551,1,26.0
b,B001552,0,28.708
b,B001553,1,21.352
b,B001554,0,27.728
b,B001555,0,37.127
b,B001556,0,28.849
b,B001557,0,23.174
b,B001558,0,15.837
b,B001559,1,32.384
b,B001560,0,56.635
b,B001561,0,41.749
b,B001562,0,26.273
b,B001563,0,32.317
b,B001564,1,35.521
b,B001565,0,15.2
b,B001566,0,33.618
b,B001567,0,40.077
b,B001568,1,23.304
b,B001569,1,24.746
b,B001570,0,24.896
b,B001571,0,24.2
b,B001572,0,17.03
b,B001573,0,24.606
b,B001574,0,29.806
b,B001575,0,34.469
b,B001576,0,26.016
b,B001577,1,46.47
b,B001578,0,21.183
b,B001579,0,19.082
b,B001580,0,40.817
b,B001581,0,16.726
b,B001582,0,30.856
b,B001583,0,19.824
b,B001584,1,40.759
b,B001585,0,26.979
b,B001586,0,14.55
b,B001587,0,28.963
b,B001588,0,27.951
b,B001589,0,13.314
b,B001590,0,23.524
b,B001591,0,30.761
b,B001592,0,51.223
b,B001593,0,32.417
b,B001594,0,30.915
b,B001595,0,15.216
b,B001596,0,28.611
b,B001597,1,34.23
b,B001598,0,30.91
b,B001599,0,14.847
b,B001600,1,28.708
b,B001601,0,39.108
b,B001602,0,34.156
b,B001603,0,29.159
b,B001604,0,25.76
b,B001605,0,28.27
b,B001606,0,27.0
b,B001607,0,22.966
b,B001608,0,25.295
b,B001609,0,26.178
b,B001610,0,30.305
b,B001611,0,12.905
b,B001612,0,50.286
b,B001613,0,36.242
b,B001614,1,29.764
b,B001615,0,32.507
b,B001616,0,26.049
b,B001617,0,38.345
b,B001618,0,27.849
b,B001619,0,22.048
b,B001620,1,29.284
b,B001621,0,28.421
b,B001622,0,28.102
b,B001623,0,51.804
b,B001624,0,25.103
b,B001625,0,20.304
b,B001626,0,14.42
b,B001627,0,25.456
b,B001628,0,9.246
b,B001629,0,24.614
b,B001630,0,24.592
b,B001631,0,31.624
b,B001632,0,31.406
b,B001633,0,23.229
b,B001634,0,13.934
b,B001635,0,32.895
b,B001636,0,30.1
b,B001637,0,29.459
b,B001638,0,37.175
b,B001639,0,22.309
b,B001640,0,24.398
b,B001641,1,27.619
b,B001642,0,27.837
b,B001643,0,23.352
b,B001644,0,35.53
b,B001645,0,32.792
b,B001646,0,27.422
b,B001647,0,12.555
b,B001648,1,28.867
b,B001649,0,22.148
b,B001650,1,28.2
b,B001651,1,25.994
b,B001652,0,32.576
b,B001653,1,28.913
b,B001654,1,31.5
b,B001655,0,22.684
b,B001656,0,24.174
b,B001657,0,11.22
b,B001658,1,36.968
b,B001659,0,33.114
b,B001660,0,28.95
b,B001661,0,24.136
b,B001662,0,24.588
b,B001663,0,32.625
b,B001664,0,7.047
b,B001665,0,36.157
b,B001666,0,40.174
b,B001667,0,10.747
b,B001668,0,18.075
b,B001669,0,26.824
b,B001670,1,15.0
b,B001671,0,23.945
b,B001672,0,25.961
b,B001673,0,23.841
b,B001674,1,60.505
b,B001675,0,31.825
b,B001676,0,30.384
b,B001677,1,50.137
b,B001678,0,36.204
b,B001679,1,40.979
b,B001680,0,26.794
b,B001681,0,32.198
b,B001682,0,30.585
b,B001683,0,13.887
b,B001684,0,21.738
b,B001685,0,18.55
b,B001686,0,24.449
b,B001687,0,14.821
b,B001688,0,34.983
b,B001689,0,22.574
b,B001690,0,23.753
b,B001691,0,22.367
b,B001692,1,44.015
b,B001693,1,40.232
b,B001694,1,37.417
b,B001695,0,33.071
b,B001696,0,24.42
b,B001697,0,17.063
b,B001698,0,30.707
b,B001699,0,29.202
b,B001700,0,33.034
b,B001701,1,26.233
b,B001702,0,9.394
b,B001703,0,25.845
b,B001704,1,27.1
b,B001705,0,26.11
b,B001706,0,25.178
b,B001707,0,32.256
b,B001708,0,29.758
b,B001709,0,13.665
b,B001710,0,23.606
b,B001711,0,19.481
b,B001712,0,15.695
b,B001713,0,17.002
b,B001714,0,29.392
b,B001715,0,23.455
b,B001716,0,33.971
b,B001717,0,12.304
b,B001718,0,42.87
b,B001719,0,28.632
b,B001720,0,34.754
b,B001721,1,14.749
b,B001722,0,22.933
b,B001723,0,26.389
b,B001724,0,28.917
b,B001725,1,59.165
b,B001726,0,30.515
b,B001727,0,38.736
b,B001728,0,25.978
b,B001729,0,27.201
b,B001730,0,31.393
b,B001731,0,14.808
b,B001732,0,23.946
b,B001733,0,25.9
b,B001734,0,28.903
b,B001735,0,30.626
b,B001736,0,29.419
b,B001737,1,46.51
b,B001738,0,39.438
b,B001739,0,30.886
b,B001740,0,27.019
b,B001741,0,52.283
b,B001742,0,52.056
b,B001743,0,24.73
b,B001744,0,27.297
b,B001745,0,41.028
b,B001746,0,36.346
b,B001747,0,31.243
b,B001748,0,26.306
b,B001749,0,12.379
b,B001750,0,35.51
b,B001751,1,29.142
b,B001752,0,27.232
b,B001753,0,28.95
b,B001754,0,28.211
b,B001755,0,36.784
b,B001756,0,13.286
b,B001757,0,40.694
b,B001758,0,53.654
b,B001759,0,31.337
b,B001760,0,26.556
b,B001761,0,35.417
b,B001762,0,36.999
b,B001763,0,17.014
b,B001764,1,26.78
b,B001765,0,37.261
b,B001766,0,27.048
b,B001767,0,36.732
b,B001768,0,25.59
b,B001769,0,37.339
b,B001770,0,29.423
b,B001771,1,30.776
b,B001772,0,10.264
b,B001773,0,27.695
b,B001774,0,19.443
b,B001775,0,41.753
b,B001776,0,21.528
b,B001777,1,41.577
b,B001778,0,29.651
b,B001779,1,39.887
b,B001780,0,26.774
b,B001781,0,35.175
b,B001782,0,14.723
b,B001783,0,13.144
b,B001784,0,33.96
b,B001785,0,34.409
b,B001786,0,30.171
b,B001787,0,31.596
b,B001788,0,32.835
b,B001789,1,59.2
b,B001790,0,29.41
b,B001791,0,25.49
b,B001792,0,12.252
b,B001793,0,13.291
b,B001794,1,24.954
b,B001795,0,22.117
b,B001796,0,28.035
b,B001797,0,50.333
b,B001798,0,32.124
b,B001799,0,21.014
b,B001800,0,28.976
b,B001801,0,31.662
b,B001802,0,24.427
b,B001803,0,21.114
b,B001804,1,45.728
b,B001805,1,41.501
b,B001806,0,30.772
b,B001807,0,26.488
b,B001808,0,23.894
b,B001809,0,22.044
b,B001810,0,24.114
b,B001811,0,17.592
b,B001812,0,32.039
b,B001813,0,25.384
b,B001814,0,45.394
b,B001815,0,21.549
b,B001816,0,31.924
b,B001817,0,23.149
b,B001818,0,30.686
b,B001819,0,13.135
b,B001820,0,25.116
b,B001821,0,23.533
b,B001822,0,27.052
b,B001823,0,12.606
b,B001824,0,21.895
b,B001825,0,25.495
b,B001826,0,32.428
b,B001827,0,26.662
b,B001828,0,22.923
b,B001829,0,16.417
b,B001830,0,28.453
b,B001831,0,20.877
b,B001832,0,26.721
b,B001833,0,27.784
b,B001834,1,56.086
b,B001835,0,33.214
b,B001836,0,23.38
b,B001837,0,35.864
b,B001838,1,27.169
b,B001839,0,30.904
b,B001840,0,26.946
b,B001841,0,27.013
b,B001842,0,33.967
b,B001843,0,28.056
b,B001844,0,9.032
b,B001845,0,30.674
b,B001846,0,15.146
b,B001847,0,32.277
b,B001848,0,28.391
b,B001849,1,45.108
b,B001850,0,17.123
b,B001851,0,25.141
b,B001852,0,25.01
b,B001853,0,14.101
b,B001854,0,12.362
b,B001855,0,34.354
b,B001856,0,23.695
b,B001857,0,22.042
b,B001858,1,22.627
b,B001859,0,18.956
b,B001860,0,25.563
b,B001861,0,44.077
b,B001862,0,26.301
b,B001863,0,14.671
b,B001864,1,33.877
b,B001865,0,57.62
b,B001866,1,18.571
b,B001867,0,35.038
b,B001868,0,30.334
b,B001869,0,26.266
b,B001870,0,28.199
b,B001871,1,44.138
b,B001872,1,29.623
b,B001873,1,31.071
b,B001874,0,36.048
b,B001875,0,28.122
b,B001876,0,24.21
b,B001877,0,23.325
b,B001878,1,19.9
b,B001879,0,22.592
b,B001880,0,14.042
b,B001881,0,15.801
b,B001882,0,23.581
b,B001883,0,34.442
b,B001884,1,44.777
b,B001885,0,26.292
b,B001886,0,29.773
b,B001887,0,14.545
b,B001888,0,14.28
b,B001889,0,24.317
b,B001890,0,24.165
b,B001891,0,14.627
b,B001892,0,29.148
b,B001893,0,34.621
b,B001894,0,22.996
b,B001895,0,22.586
b,B001896,0,21.125
b,B001897,1,24.732
b,B001898,0,13.248
b,B001899,0,30.665
b,B001900,0,14.286
b,B001901,0,13.904
b,B001902,0,21.706
b,B001903,1,23.829
b,B001904,0,56.139
b,B001905,0,37.265
b,B001906,0,29.73
b,B001907,0,35.755
b,B001908,0,12.279
b,B001909,0,23.891
b,B001910,0,27.807
b,B001911,0,26.985
b,B001912,0,38.225
b,B001913,0,13.95
b,B001914,0,30.819
b,B001915,0,29.01
b,B001916,0,26.184
b,B001917,0,16.001
b,B001918,0,25.236
b,B001919,0,24.217
b,B001920,0,58.762
b,B001921,0,13.243
b,B001922,1,30.798
b,B001923,0,29.252
b,B001924,0,18.678
b,B001925,0,29.355
b,B001926,0,26.899
b,B001927,0,32.546
b,B001928,1,27.832
b,B001929,0,20.256
b,B001930,0,36.728
b,B001931,0,24.037
b,B001932,0,12.967
b,B001933,0,27.842
b,B001934,0,32.571
b,B001935,0,36.998
b,B001936,0,13.732
b,B001937,0,26.477
b,B001938,0,26.974
b,B001939,0,34.878
b,B001940,0,27.415
b,B001941,0,27.573
b,B001942,0,44.607
b,B001943,1,27.651
b,B001944,0,37.105
b,B001945,0,31.887
b,B001946,1,33.613
b,B001947,0,13.369
b,B001948,0,26.913
b,B001949,0,21.435
b,B001950,0,27.123
b,B001951,0,32.102
b,B001952,1,37.797
b,B001953,1,30.703
b,B001954,1,32.22
b,B001955,0,25.282
b,B001956,0,26.621
b,B001957,0,25.033
b,B001958,0,24.068
b,B001959,0,32.286
b,B001960,1,38.653
b,B001961,0,26.514
b,B001962,0,23.185
b,B001963,0,25.749
b,B001964,0,26.089
b,B001965,0,16.882
b,B001966,0,27.2
b,B001967,0,30.324
b,B001968,1,29.615
b,B001969,0,13.731
b,B001970,1,29.284
b,B001971,0,31.683
b,B001972,1,24.868
b,B001973,0,14.292
b,B001974,1,36.736
b,B001975,1,29.795
b,B001976,0,30.004
b,B001977,0,11.004
b,B001978,0,31.762
b,B001979,0,16.725
b,B001980,0,16.761
b,B001981,0,21.105
b,B001982,0,16.889
b,B001983,0,22.211
b,B001984,0,24.643
b,B001985,1,26.647
b,B001986,1,33.717
b,B001987,0,21.869
b,B001988,0,29.371
b,B001989,0,19.071
b,B001990,0,32.715
b,B001991,0,13.503
b,B001992,0,23.572
b,B001993,0,24.234
b,B001994,0,32.321
b,B001995,0,29.956
b,B001996,0,34.627
b,B001997,0,12.392
b,B001998,0,30.354
b,B001999,0,13.755
b,B002000,0,27.294
b,B002001,1,12.0
b,B002002,0,33.889
b,B002003,1,35.074
b,B002004,1,40.589
b,B002005,0,47.572
b,B002006,0,31.558
b,B002007,0,35.977
b,B002008,0,26.695
b,B002009,0,17.219
b,B002010,1,45.596
b,B002011,0,22.019
b,B002012,0,25.293
b,B002013,0,15.653
b,B002014,0,19.276
b,B002015,0,11.202
b,B002016,0,23.318
b,B002017,1,27.3
b,B002018,0,22.821
b,B002019,0,32.563
b,B002020,1,32.562
b,B002021,0,27.349
b,B002022,0,31.82
b,B002023,0,22.586
b,B002024,0,14.109
b,B002025,1,52.407
b,B002026,0,20.686
b,B002027,0,45.735
b,B002028,0,25.261
b,B002029,0,35.151
b,B002030,0,38.263
b,B002031,0,31.42
b,B002032,0,29.104
b,B002033,0,12.525
b,B002034,0,22.796
b,B002035,0,28.367
b,B002036,0,16.993
b,B002037,0,41.786
b,B002038,1,29.733
b,B002039,0,28.635
b,B002040,0,23.907
b,B002041,0,43.457
b,B002042,0,26.862
b,B002043,1,26.03
b,B002044,0,24.145
b,B002045,1,26.2
b,B002046,0,30.548
b,B002047,0,54.138
b,B002048,0,28.139
b,B002049,0,25.485
b,B002050,0,12.375
b,B002051,0,25.369
b,B002052,0,25.002
b,B002053,0,24.389
b,B002054,0,26.438
b,B002055,1,34.435
b,B002056,0,48.65
b,B002057,0,26.76
b,B002058,1,24.982
b,B002059,0,27.387
b,B002060,0,9.282
b,B002061,0,16.698
b,B002062,0,25.798
b,B002063,0,16.487
b,B002064,0,31.211
b,B002065,0,29.561
b,B002066,1,15.7
b,B002067,0,51.41
b,B002068,0,26.416
b,B002069,0,13.022
b,B002070,0,29.967
b,B002071,0,30.614
b,B002072,0,71.986
b,B002073,0,21.342
b,B002074,0,43.882
b,B002075,0,28.56
b,B002076,0,18.47
b,B002077,1,19.3
b,B002078,0,19.182
b,B002079,0,22.643
b,B002080,0,22.121
b,B002081,0,24.901
b,B002082,0,14.498
b,B002083,0,37.039
b,B002084,0,19.958
b,B002085,0,33.388
b,B002086,0,23.387
b,B002087,0,33.893
b,B002088,0,22.717
b,B002089,0,15.652
b,B002090,0,23.811
b,B002091,0,26.229
b,B002092,0,30.193
b,B002093,0,26.481
b,B002094,0,26.441
b,B002095,1,37.392
b,B002096,0,27.303
b,B002097,0,21.849
b,B002098,1,32.896
b,B002099,0,26.975
b,B002100,0,31.73
b,B002101,1,33.343
b,B002102,0,27.93
b,B002103,0,25.233
b,B002104,1,52.975
b,B002105,0,30.923
b,B002106,0,18.234
b,B002107,0,23.871
b,B002108,0,29.804
b,B002109,0,14.071
b,B002110,0,22.276
b,B002111,0,13.141
b,B002112,0,29.773
b,B002113,1,45.739
b,B002114,0,27.099
b,B002115,1,24.2
b,B002116,0,33.03
b,B002117,0,15.779
b,B002118,0,22.035
b,B002119,0,31.069
b,B002120,0,26.053
b,B002121,0,24.915
b,B002122,0,23.112
b,B002123,0,28.098
b,B002124,0,14.305
b,B002125,1,29.52
b,B002126,0,26.926
b,B002127,0,22.871
b,B002128,1,31.333
b,B002129,0,26.258
b,B002130,0,24.281
b,B002131,0,22.923
b,B002132,0,27.532
b,B002133,0,33.832
b,B002134,1,28.434
b,B002135,0,38.229
b,B002136,0,49.862
b,B002137,0,35.575
b,B002138,0,25.464
b,B002139,0,14.14
b,B002140,0,24.79
b,B002141,0,25.508
b,B002142,0,25.754
b,B002143,1,29.934
b,B002144,0,32.035
b,B002145,0,26.551
b,B002146,0,22.528
b,B002147,0,46.108
b,B002148,0,37.539
b,B002149,0,23.908
b,B002150,0,12.095
b,B002151,0,30.624
b,B002152,1,28.965
b,B002153,0,21.235
b,B002154,0,25.81
b,B002155,0,12.735
b,B002156,0,33.52
b,B002157,0,16.103
b,B002158,0,13.299
b,B002159,0,16.194
b,B002160,0,27.241
b,B002161,0,31.685
b,B002162,0,25.427
b,B002163,0,29.165
b,B002164,0,30.561
b,B002165,0,33.217
b,B002166,1,33.573
b,B002167,0,16.458
b,B002168,1,35.33
b,B002169,0,31.658
b,B002170,0,36.935
b,B002171,0,24.071
b,B002172,1,25.034
b,B002173,0,12.047
b,B002174,1,24.6
b,B002175,1,35.649
b,B002176,0,31.798
b,B002177,0,31.309
b,B002178,1,41.105
b,B002179,0,25.889
b,B002180,0,12.716
b,B002181,0,24.144
b,B002182,0,14.47
b,B002183,0,31.559
b,B002184,0,14.263
b,B002185,0,16.1
b,B002186,0,21.589
b,B002187,0,24.699
b,B002188,0,26.741
b,B002189,0,26.28
b,B002190,1,27.754
b,B002191,0,40.681
b,B002192,0,24.768
b,B002193,1,29.571
b,B002194,1,33.37
b,B002195,0,14.324
b,B002196,0,42.101
b,B002197,0,26.813
b,B002198,0,17.393
b,B002199,0,25.464
b,B002200,0,26.714
b,B002201,0,15.996
b,B002202,0,21.56
b,B002203,0,29.363
b,B002204,0,27.783
b,B002205,0,39.272
b,B002206,0,30.282
b,B002207,0,23.53
b,B002208,0,32.327
b,B002209,0,24.658
b,B002210,0,32.575
b,B002211,0,26.501
b,B002212,0,31.916
b,B002213,0,24.862
b,B002214,1,34.888
b,B002215,0,26.165
b,B002216,0,30.65
b,B002217,0,15.364
b,B002218,0,50.677
b,B002219,0,35.491
b,B002220,0,18.072
b,B002221,0,15.02
b,B002222,0,25.1
b,B002223,0,48.63
b,B002224,0,27.627
b,B002225,0,38.692
b,B002226,0,12.491
b,B002227,0,25.801
b,B002228,0,29.296
b,B002229,0,22.832
b,B002230,0,27.053
b,B002231,0,23.295
b,B002232,0,22.213
b,B002233,0,14.649
b,B002234,0,25.562
b,B002235,0,24.733
b,B002236,0,40.739
b,B002237,0,25.832
b,B002238,0,30.543
b,B002239,1,23.217
b,B002240,0,29.432
b,B002241,0,8.337
b,B002242,0,12.207
b,B002243,0,24.971
b,B002244,0,27.071
b,B002245,0,14.894
b,B002246,0,30.396
b,B002247,0,24.741
b,B002248,0,38.58
b,B002249,0,49.149
b,B002250,0,33.491
b,B002251,0,42.231
b,B002252,0,26.212
b,B002253,0,24.393
b,B002254,0,25.81
b,B002255,0,28.961
b,B002256,0,35.717
b,B002257,0,37.656
b,B002258,0,14.9
b,B002259,0,61.813
b,B002260,0,28.711
b,B002261,0,20.894
b,B002262,1,25.536
b,B002263,0,32.15
b,B002264,0,35.877
b,B002265,0,13.923
b,B002266,0,29.57
b,B002267,0,36.14
b,B002268,0,41.655
b,B002269,0,15.79
b,B002270,0,35.664
b,B002271,0,31.056
b,B002272,0,27.259
b,B002273,0,22.599
b,B002274,0,25.649
b,B002275,0,26.808
b,B002276,0,25.546
b,B002277,1,31.989
b,B002278,1,26.435
b,B002279,0,31.326
b,B002280,0,25.693
b,B002281,0,24.56
b,B002282,1,25.829
b,B002283,0,23.573
b,B002284,0,13.617
b,B002285,0,32.69
b,B002286,0,33.935
b,B002287,0,25.085
b,B002288,0,31.779
b,B002289,1,30.79
b,B002290,0,26.689
b,B002291,0,14.19
b,B002292,0,35.452
b,B002293,1,29.905
b,B002294,0,48.761
b,B002295,0,14.982
b,B002296,1,25.8
b,B002297,0,16.406
c,C000001,0,8.855
c,C000002,0,9.3
c,C000003,0,9.638095238095238
c,C000004,0,7.6
c,C000005,0,5.989855072463768
c,C000006,1,5.671875
c,C000007,0,9.270588235294118
c,C000008,0,8.38048780487805
c,C000009,0,10.525
c,C000010,0,6.9412698412698415
c,C000011,0,10.055172413793104
c,C000012,0,8.933333333333334
c,C000013,0,4.833333333333333
c,C000014,0,19.5
c,C000015,0,8.53076923076923
c,C000016,0,4.305555555555555
c,C000017,0,6.398571428571429
c,C000018,0,13.90566037735849
c,C000019,0,13.085714285714284
c,C000020,0,8.354166666666666
c,C000021,0,4.4
c,C000022,1,9.75263157894737
c,C000023,1,5.475
c,C000024,0,7.789285714285715
c,C000025,0,8.528260869565218
c,C000026,0,8.657894736842104
c,C000027,1,8.220754716981132
c,C000028,0,7.933333333333334
c,C000029,0,7.624358974358974
c,C000030,0,8.5625
c,C000031,0,6.123170731707317
c,C000032,0,6.792592592592593
c,C000033,0,8.5
c,C000034,0,10.428571428571429
c,C000035,0,8.67
c,C000036,0,10.35
c,C000037,0,6.7043478260869565
c,C000038,0,8.194117647058823
c,C000039,0,7.15625
c,C000040,0,4.073553719008265
c,C000041,1,5.68
c,C000042,0,7.498611111111111
c,C000043,0,5.114285714285714
c,C000044,0,6.991176470588235
c,C000045,0,7.57
c,C000046,0,7.655555555555556
c,C000047,1,5.623076923076923
c,C000048,0,10.396825396825395
c,C000049,0,8.9175
c,C000050,1,5.310185185185185
c,C000051,1,7.649019607843138
c,C000052,0,6.230303030303031
c,C000053,0,9.275
c,C000054,0,7.909649122807018
c,C000055,0,8.151162790697674
c,C000056,0,7.686666666666666
c,C000057,0,7.876223776223776
c,C000058,0,6.302702702702702
c,C000059,0,8.01063829787234
c,C000060,1,5.830434782608696
c,C000061,0,7.86896551724138
c,C000062,0,9.880882352941176
c,C000063,0,5.73394495412844
c,C000064,0,4.6
c,C000065,1,6.522222222222222
c,C000066,0,6.464556962025316
c,C000067,0,4.36875
c,C000068,0,12.620689655172416
c,C000069,0,8.36595744680851
c,C000070,1,8.1275
c,C000071,0,7.076470588235294
c,C000072,0,9.06346153846154
c,C000073,0,7.869662921348315
c,C000074,0,8.256756756756756
c,C000075,0,7.627586206896551
c,C000076,0,8.056666666666667
c,C000077,0,9.306666666666668
c,C000078,0,7.100671140939597
c,C000079,0,8.885
c,C000080,0,7.422580645161291
c,C000081,0,12.1
c,C000082,1,5.995384615384616
c,C000083,0,8.175
c,C000084,1,4.140540540540541
c,C000085,0,7.710416666666666
c,C000086,0,10.91190476190476
c,C000087,0,7.111111111111111
c,C000088,0,7.115384615384615
c,C000089,1,6.229545454545455
c,C000090,0,9.016216216216216
c,C000091,0,9.439285714285717
c,C000092,0,8.438461538461539
c,C000093,0,7.038461538461538
c,C000094,0,10.3
c,C000095,0,7.376470588235295
c,C000096,0,6.738181818181818
c,C000097,0,8.853225806451613
c,C000098,0,8.671186440677966
c,C000099,0,7.951612903225806
c,C000100,0,13.035714285714286
c,C000101,0,8.715789473684211
c,C000102,0,7.858823529411764
c,C000103,0,8.995698924731183
c,C000104,0,12.913953488372092
c,C000105,0,8.6375
c,C000106,0,8.377777777777778
c,C000107,0,4.166666666666667
c,C000108,0,6.9192307692307695
c,C000109,0,9.044736842105262
c,C000110,0,9.12608695652174
c,C000111,0,6.782
c,C000112,0,9.192307692307692
c,C000113,0,6.631386861313868
c,C000114,0,12.0
c,C000115,0,7.41875
c,C000116,1,7.4921875
c,C000117,0,10.966666666666669
c,C000118,0,6.127659574468085
c,C000119,0,15.98076923076923
c,C000120,0,6.564705882352941
c,C000121,0,5.408620689655172
c,C000122,0,7.705263157894737
c,C000123,0,6.9
c,C000124,0,9.719642857142857
c,C000125,0,9.861363636363636
c,C000126,0,7.789189189189189
c,C000127,0,7.851079136690648
c,C000128,1,6.780701754385965
c,C000129,0,10.369642857142855
c,C000130,0,6.786206896551724
c,C000131,1,6.990384615384615
c,C000132,0,8.061538461538461
c,C000133,0,11.0225
c,C000134,0,7.3428571428571425
c,C000135,1,7.673684210526316
c,C000136,0,10.15
c,C000137,0,8.33
c,C000138,0,5.485714285714286
c,C000139,0,8.56875
c,C000140,0,10.46875
c,C000141,0,6.86025641025641
c,C000142,0,6.193939393939394
c,C000143,0,5.533333333333333
c,C000144,1,6.310294117647059
c,C000145,0,3.003030303030303
c,C000146,0,8.991304347826087
c,C000147,0,6.619672131147541
c,C000148,0,7.372131147540983
c,C000149,0,6.505660377358491
c,C000150,0,8.1075
c,C000151,0,7.35625
c,C000152,1,6.2475
c,C000153,0,8.45483870967742
c,C000154,0,7.0
c,C000155,0,10.957777777777778
c,C000156,0,3.094736842105263
c,C000157,1,4.49375
c,C000158,0,8.291666666666666
c,C000159,0,7.952688172043011
c,C000160,0,10.3
c,C000161,0,4.376284584980237
c,C000162,0,6.229411764705882
c,C000163,1,8.584615384615384
c,C000164,0,10.071428571428571
c,C000165,1,7.698275862068965
c,C000166,0,5.311594202898551
c,C000167,0,12.94
c,C000168,0,9.86021505376344
c,C000169,0,6.326851851851852
c,C000170,0,6.976666666666667
c,C000171,0,7.731192660550459
c,C000172,0,7.8538461538461535
c,C000173,0,8.246666666666666
c,C000174,0,5.766153846153846
c,C000175,1,7.403703703703703
c,C000176,0,7.107865168539326
c,C000177,0,9.556470588235294
c,C000178,0,9.78433734939759
c,C000179,0,8.061764705882354
c,C000180,1,7.71875
c,C000181,0,8.277777777777779
c,C000182,0,10.333333333333334
c,C000183,0,8.644
c,C000184,0,5.319354838709677
c,C000185,1,11.94639175257732
c,C000186,0,5.911764705882353
c,C000187,0,8.053846153846154
c,C000188,0,8.640579710144927
c,C000189,0,7.32
c,C000190,0,7.573076923076923
c,C000191,0,10.2
c,C000192,0,8.443103448275862
c,C000193,0,7.461538461538462
c,C000194,0,12.5
c,C000195,0,5.765
c,C000196,0,7.163265306122449
c,C000197,0,11.005263157894737
c,C000198,0,9.866101694915256
c,C000199,0,8.234146341463415
c,C000200,1,8.5109375
c,C000201,0,8.103076923076923
c,C000202,0,8.1
c,C000203,0,7.829166666666667
c,C000204,0,8.009574468085106
c,C000205,0,7.96
c,C000206,0,6.9265625
c,C000207,0,6.043939393939394
c,C000208,0,9.4
c,C000209,0,7.8453125
c,C000210,0,5.845238095238095
c,C000211,0,6.842105263157895
c,C000212,0,11.495833333333334
c,C000213,1,6.047916666666667
c,C000214,0,8.760526315789473
c,C000215,0,6.125
c,C000216,1,5.9625
c,C000217,0,8.457738095238096
c,C000218,1,6.494252873563219
c,C000219,0,6.640625
c,C000220,0,11.663414634146342
c,C000221,0,9.191428571428572
c,C000222,0,7.750746268656717
c,C000223,0,11.0075
c,C000224,0,7.95625
c,C000225,0,7.348148148148148
c,C000226,0,7.205
c,C000227,0,7.4265625
c,C000228,0,9.14516129032258
c,C000229,0,6.1657142857142855
c,C000230,0,6.704545454545454
c,C000231,0,8.024
c,C000232,0,9.536923076923078
c,C000233,0,8.1
c,C000234,0,8.909090909090908
c,C000235,0,10.28181818181818
c,C000236,0,7.170270270270271
c,C000237,0,7.2
c,C000238,0,3.903030303030303
c,C000239,0,7.216129032258064
c,C000240,0,9.272727272727272
c,C000241,0,7.01
c,C000242,0,8.348275862068965
c,C000243,0,12.019298245614037
c,C000244,0,7.526229508196721
c,C000245,0,8.979279279279279
c,C000246,0,4.741935483870968
c,C000247,0,9.826315789473684
c,C000248,0,7.986
c,C000249,0,7.689855072463768
c,C000250,0,3.828125
c,C000251,0,9.820588235294116
c,C000252,0,8.997727272727273
c,C000253,0,13.844444444444443
c,C000254,0,8.830232558139535
c,C000255,0,12.133333333333333
c,C000256,0,8.2
c,C000257,0,4.004761904761905
c,C000258,0,6.875
c,C000259,0,7.649397590361445
c,C000260,1,8.894915254237288
c,C000261,1,8.243956043956043
c,C000262,0,9.8725
c,C000263,1,5.5375
c,C000264,0,7.58125
c,C000265,0,9.873333333333331
c,C000266,1,7.103225806451613
c,C000267,0,5.8175
c,C000268,0,7.846478873239437
c,C000269,0,6.8
c,C000270,1,6.3792
c,C000271,0,4.915384615384616
c,C000272,1,6.845238095238095
c,C000273,0,8.23793103448276
c,C000274,0,6.305555555555555
c,C000275,1,5.476666666666667
c,C000276,0,8.05625
c,C000277,0,8.062857142857142
c,C000278,0,9.294
c,C000279,0,7.281818181818182
c,C000280,0,5.834090909090909
c,C000281,0,5.447560975609756
c,C000282,0,9.67142857142857
c,C000283,0,6.558974358974359
c,C000284,0,7.212068965517242
c,C000285,0,7.839215686274509
c,C000286,0,8.742307692307692
c,C000287,1,9.135668789808918
c,C000288,0,7.149180327868852
c,C000289,0,12.657446808510638
c,C000290,0,7.896774193548387
c,C000291,0,9.73793103448276
c,C000292,0,8.280597014925373
c,C000293,0,8.386440677966101
c,C000294,0,6.376190476190477
c,C000295,0,7.154189944134078
c,C000296,0,4.733333333333333
c,C000297,0,10.352083333333333
c,C000298,1,8.53132530120482
c,C000299,0,10.080246913580249
c,C000300,1,8.190740740740742
c,C000301,1,4.0546875
c,C000302,0,8.66578947368421
c,C000303,0,10.8975
c,C000304,0,6.228125
c,C000305,0,7.974436090225564
c,C000306,1,3.7545454545454544
c,C000307,0,8.354054054054053
c,C000308,1,5.054545454545455
c,C000309,0,9.6993006993007
c,C000310,1,7.2178571428571425
c,C000311,0,7.734545454545454
c,C000312,0,7.519354838709678
c,C000313,0,5.703125
c,C000314,0,9.671014492753622
c,C000315,0,6.838461538461538
c,C000316,0,9.0
c,C000317,0,8.529824561403508
c,C000318,0,9.426337448559671
c,C000319,0,6.46046511627907
c,C000320,0,7.68780487804878
c,C000321,1,6.005769230769231
c,C000322,1,9.682758620689656
c,C000323,0,8.19375
c,C000324,1,6.0
c,C000325,0,7.136363636363637
c,C000326,0,10.2
c,C000327,0,5.557377049180328
c,C000328,0,7.632142857142857
c,C000329,0,9.63076923076923
c,C000330,0,7.43
c,C000331,0,3.7977777777777777
c,C000332,0,3.4761904761904763
c,C000333,0,6.92948717948718
c,C000334,0,9.6488
c,C000335,0,9.067307692307692
c,C000336,0,6.153333333333333
c,C000337,0,4.869387755102041
c,C000338,0,9.564556962025316
c,C000339,0,8.533333333333333
c,C000340,0,10.557142857142855
c,C000341,0,6.866037735849057
c,C000342,0,5.707843137254902
c,C000343,0,6.880645161290323
c,C000344,0,9.871428571428572
c,C000345,1,11.241666666666667
c,C000346,0,8.028260869565218
c,C000347,0,9.227272727272728
c,C000348,0,9.966666666666669
c,C000349,1,5.866666666666666
c,C000350,0,6.715189873417722
c,C000351,0,6.684
c,C000352,0,7.173786407766991
c,C000353,0,6.56
c,C000354,0,6.22
c,C000355,0,9.537096774193548
c,C000356,1,5.77
c,C000357,0,9.348979591836734
c,C000358,0,7.984375
c,C000359,0,8.32325581395349
c,C000360,0,11.45
c,C000361,0,7.928571428571429
c,C000362,0,7.487671232876712
c,C000363,0,7.491056910569106
c,C000364,0,7.447727272727272
c,C000365,0,7.446428571428571
c,C000366,0,7.135135135135135
c,C000367,0,9.983333333333333
c,C000368,0,8.492727272727272
c,C000369,0,9.457142857142856
c,C000370,0,8.341379310344827
c,C000371,1,6.627083333333333
c,C000372,1,6.320689655172414
c,C000373,0,7.403636363636363
c,C000374,0,4.314778325123153
c,C000375,1,7.007142857142857
c,C000376,0,8.433333333333334
c,C000377,1,11.097560975609756
c,C000378,0,10.390625
c,C000379,1,7.242857142857143
c,C000380,0,8.130434782608695
c,C000381,0,9.067741935483872
c,C000382,0,9.966666666666669
c,C000383,0,10.107692307692307
c,C000384,0,12.844444444444443
c,C000385,0,7.157575757575757
c,C000386,0,7.089473684210526
c,C000387,0,5.635
c,C000388,0,7.797916666666667
c,C000389,0,9.238709677419354
c,C000390,0,8.745945945945946
c,C000391,0,7.75
c,C000392,0,7.623913043478261
c,C000393,0,8.2
c,C000394,0,6.892727272727273
c,C000395,0,9.46470588235294
c,C000396,0,10.281132075471698
c,C000397,0,9.985714285714286
c,C000398,0,7.5
c,C000399,0,5.376086956521739
c,C000400,0,11.6
c,C000401,0,9.563855421686746
c,C000402,0,10.32375
c,C000403,0,8.848571428571429
c,C000404,0,8.422857142857143
c,C000405,0,7.874576271186441
c,C000406,0,10.763636363636364
c,C000407,0,8.49
c,C000408,0,8.545
c,C000409,0,5.438842975206612
c,C000410,1,5.958730158730159
c,C000411,1,4.937931034482759
c,C000412,0,6.374509803921568
c,C000413,0,11.015
c,C000414,0,5.912345679012346
c,C000415,1,7.079710144927536
c,C000416,0,9.229411764705882
c,C000417,0,3.975
c,C000418,0,5.447826086956522
c,C000419,0,7.634
c,C000420,0,6.5131147540983605
c,C000421,0,11.695652173913045
c,C000422,0,5.161157024793388
c,C000423,0,6.581818181818182
c,C000424,0,8.948571428571428
c,C000425,0,7.812765957446809
c,C000426,0,7.043589743589743
c,C000427,0,9.375
c,C000428,0,8.537837837837838
c,C000429,0,8.082692307692307
c,C000430,0,9.251190476190477
c,C000431,0,10.586507936507935
c,C000432,0,5.68
c,C000433,1,3.2783783783783784
c,C000434,1,6.212121212121212
c,C000435,0,9.608888888888888
c,C000436,1,5.8
c,C000437,0,9.734285714285717
c,C000438,1,6.56984126984127
c,C000439,0,9.2
c,C000440,0,5.945454545454545
c,C000441,0,8.841666666666667
c,C000442,0,6.821875
c,C000443,0,3.881395348837209
c,C000444,0,12.507894736842106
c,C000445,0,9.01625
c,C000446,0,3.1238938053097347
c,C000447,0,8.118627450980393
c,C000448,1,6.819718309859155
c,C000449,0,9.63888888888889
c,C000450,0,4.6378378378378375
c,C000451,0,7.922727272727273
c,C000452,0,12.38032786885246
c,C000453,0,7.067272727272727
c,C000454,0,8.0025
c,C000455,0,6.8090909090909095
c,C000456,0,8.377777777777778
c,C000457,0,7.3825
c,C000458,0,8.354736842105263
c,C000459,0,6.993548387096774
c,C000460,0,7.837007874015748
c,C000461,0,9.75925925925926
c,C000462,1,10.27766990291262
c,C000463,1,6.319047619047619
c,C000464,0,11.35
c,C000465,0,7.117741935483871
c,C000466,0,8.951612903225806
c,C000467,0,13.967647058823529
c,C000468,0,10.689285714285717
c,C000469,0,6.543421052631579
c,C000470,0,8.521985815602838
c,C000471,0,7.068
c,C000472,0,6.673913043478261
c,C000473,0,6.893396226415095
c,C000474,0,8.125555555555556
c,C000475,0,8.138235294117647
c,C000476,0,8.87
c,C000477,0,7.7696969696969695
c,C000478,0,7.1223214285714285
c,C000479,0,8.597368421052632
c,C000480,0,9.34915254237288
c,C000481,0,7.4678571428571425
c,C000482,0,9.584
c,C000483,0,13.910526315789474
c,C000484,0,6.11
c,C000485,0,7.282203389830508
c,C000486,0,8.295555555555556
c,C000487,0,10.817241379310344
c,C000488,0,7.994230769230769
c,C000489,0,8.137931034482758
c,C000490,0,24.0
c,C000491,0,9.1
c,C000492,0,5.573043478260869
c,C000493,0,7.096428571428572
c,C000494,0,10.738372093023257
c,C000495,0,9.65483870967742
c,C000496,0,10.105
c,C000497,0,13.1375
c,C000498,0,7.202608695652174
c,C000499,0,9.223809523809525
c,C000500,0,7.821428571428571
c,C000501,1,9.463333333333331
c,C000502,0,6.9
c,C000503,0,9.15609756097561
c,C000504,0,7.78
c,C000505,0,9.567441860465117
c,C000506,0,9.76904761904762
c,C000507,0,8.830769230769231
c,C000508,0,7.067391304347826
c,C000509,0,7.318478260869565
c,C000510,0,6.856896551724138
c,C000511,0,8.940740740740742
c,C000512,0,5.34
c,C000513,0,7.6521739130434785
c,C000514,0,9.664
c,C000515,0,8.077272727272728
c,C000516,0,8.322222222222223
c,C000517,0,6.987804878048781
c,C000518,1,5.9298245614035086
c,C000519,0,8.280392156862746
c,C000520,0,10.233333333333333
c,C000521,1,9.051764705882354
c,C000522,0,9.44746835443038
c,C000523,0,8.914925373134329
c,C000524,0,7.155714285714286
c,C000525,0,6.089855072463768
c,C000526,0,9.833333333333334
c,C000527,0,8.690625
c,C000528,0,11.118897637795277
c,C000529,0,7.881578947368421
c,C000530,0,5.074107142857143
c,C000531,0,12.18688524590164
c,C000532,1,6.214953271028038
c,C000533,0,8.102
c,C000534,0,7.229113924050633
c,C000535,0,8.445454545454545
c,C000536,0,10.94375
c,C000537,0,9.406666666666666
c,C000538,0,6.633834586466166
c,C000539,0,13.166666666666666
c,C000540,0,7.407446808510638
c,C000541,0,11.4
c,C000542,0,7.168
c,C000543,0,7.252380952380952
c,C000544,1,6.806976744186047
c,C000545,0,5.285483870967742
c,C000546,0,10.154545454545454
c,C000547,0,9.507894736842106
c,C000548,1,5.940384615384615
c,C000549,0,8.780597014925373
c,C000550,0,5.983700440528635
c,C000551,0,10.994285714285716
c,C000552,0,8.807407407407407
c,C000553,1,7.033333333333333
c,C000554,0,9.407692307692308
c,C000555,0,7.205882352941177
c,C000556,0,7.761290322580645
c,C000557,0,6.949253731343283
c,C000558,0,6.735135135135135
c,C000559,0,12.814545454545454
c,C000560,0,7.185714285714286
c,C000561,0,11.55
c,C000562,0,7.477272727272727
c,C000563,0,7.286
c,C000564,0,9.611764705882353
c,C000565,0,7.049230769230769
c,C000566,1,6.774074074074074
c,C000567,0,7.488235294117647
c,C000568,1,8.77111111111111
c,C000569,0,8.711363636363636
c,C000570,0,9.956603773584906
c,C000571,1,8.043333333333333
c,C000572,0,4.355
c,C000573,0,8.130573248407643
c,C000574,0,9.708695652173914
c,C000575,0,9.48
c,C000576,0,8.623880597014926
c,C000577,1,8.576666666666666
c,C000578,0,9.482608695652171
c,C000579,0,7.508823529411765
c,C000580,0,4.423809523809524
c,C000581,0,7.963917525773196
c,C000582,0,8.779310344827586
c,C000583,0,10.210958904109589
c,C000584,0,9.186363636363636
c,C000585,1,6.13030303030303
c,C000586,0,6.41578947368421
c,C000587,0,7.643877551020408
c,C000588,0,7.921505376344086
c,C000589,0,8.989285714285714
c,C000590,0,8.559090909090909
c,C000591,0,12.85
c,C000592,0,8.48
c,C000593,0,7.753731343283582
c,C000594,0,8.847826086956522
c,C000595,0,8.685416666666667
c,C000596,0,11.878125
c,C000597,0,7.042990654205608
c,C000598,0,9.35
c,C000599,0,6.223076923076923
c,C000600,0,8.066666666666666
c,C000601,0,8.446666666666667
c,C000602,0,10.836363636363636
c,C000603,0,11.774285714285714
c,C000604,0,7.946153846153846
c,C000605,1,4.986486486486487
c,C000606,0,4.755797101449275
c,C000607,1,4.689285714285714
c,C000608,0,7.609375
c,C000609,1,8.1375
c,C000610,1,9.414814814814816
c,C000611,0,7.913157894736842
c,C000612,0,8.7
c,C000613,0,8.639285714285714
c,C000614,0,6.60625
c,C000615,1,5.483695652173913
c,C000616,0,6.653448275862069
c,C000617,0,12.735714285714286
c,C000618,0,8.248717948717948
c,C000619,0,7.378125
c,C000620,0,8.725
c,C000621,0,9.9
c,C000622,0,9.414634146341465
c,C000623,0,8.13
c,C000624,1,5.754411764705883
c,C000625,0,7.983333333333333
c,C000626,0,5.690654205607476
c,C000627,0,9.680748663101603
c,C000628,0,7.514285714285714
c,C000629,0,8.88048780487805
c,C000630,0,5.530769230769231
c,C000631,0,7.86890756302521
c,C000632,0,7.275294117647059
c,C000633,0,7.967948717948718
c,C000634,0,7.404918032786885
c,C000635,0,5.175949367088608
c,C000636,0,9.742424242424242
c,C000637,0,10.75
c,C000638,1,6.174725274725275
c,C000639,0,6.085714285714285
c,C000640,0,7.145161290322581
c,C000641,0,6.224137931034483
c,C000642,0,8.040350877192983
c,C000643,0,8.972131147540983
c,C000644,0,6.9
c,C000645,0,11.675
c,C000646,0,6.475862068965517
c,C000647,1,6.810526315789474
c,C000648,0,8.1875
c,C000649,0,11.616666666666667
c,C000650,0,6.881481481481481
c,C000651,0,6.104166666666667
c,C000652,0,6.9
c,C000653,1,5.316883116883117
c,C000654,0,5.154545454545454
c,C000655,0,9.426436781609196
c,C000656,0,4.785714285714286
c,C000657,0,8.6
c,C000658,0,13.541379310344828
c,C000659,0,9.94920634920635
c,C000660,0,7.732467532467532
c,C000661,0,7.335
c,C000662,0,5.928787878787879
c,C000663,1,6.16875
c,C000664,0,5.807446808510639
c,C000665,0,6.354545454545455
c,C000666,0,10.189655172413794
c,C000667,0,8.394166666666667
c,C000668,0,13.946153846153846
c,C000669,1,6.9131868131868135
c,C000670,0,8.765116279069767
c,C000671,0,7.905263157894737
c,C000672,0,7.36
c,C000673,0,14.290909090909093
c,C000674,0,5.7025
c,C000675,0,10.023076923076925
c,C000676,0,9.74102564102564
c,C000677,0,7.080327868852459
c,C000678,0,8.7984375
c,C000679,0,7.527777777777778
c,C000680,0,7.203571428571428
c,C000681,0,7.2
c,C000682,0,6.8568181818181815
c,C000683,0,6.037209302325581
c,C000684,0,6.5512195121951216
c,C000685,1,7.937037037037037
c,C000686,1,6.413333333333333
c,C000687,0,13.025
c,C000688,0,8.264788732394367
c,C000689,1,8.832258064516129
c,C000690,0,8.152112676056339
c,C000691,0,7.131147540983607
c,C000692,1,7.301298701298701
c,C000693,0,9.4
c,C000694,0,4.193975903614458
c,C000695,1,6.501428571428572
c,C000696,0,9.021428571428572
c,C000697,0,3.5122222222222224
c,C000698,0,7.833333333333333
c,C000699,0,9.889041095890413
c,C000700,0,9.758536585365851
c,C000701,0,6.65
c,C000702,0,8.535714285714286
c,C000703,0,10.42972972972973
c,C000704,0,10.378260869565215
c,C000705,0,8.415384615384616
c,C000706,0,11.67
c,C000707,0,8.131578947368421
c,C000708,0,6.65625
c,C000709,0,8.754545454545454
c,C000710,0,8.270588235294118
c,C000711,0,6.374074074074074
c,C000712,0,19.375
c,C000713,0,10.952941176470588
c,C000714,0,7.239759036144578
c,C000715,1,3.2875
c,C000716,0,10.993333333333334
c,C000717,1,9.230882352941176
c,C000718,0,7.895121951219512
c,C000719,0,5.652
c,C000720,0,12.7
c,C000721,0,8.06842105263158
c,C000722,0,8.473214285714286
c,C000723,0,9.189655172413794
c,C000724,0,8.672413793103448
c,C000725,0,11.735897435897437
c,C000726,0,6.955128205128205
c,C000727,0,9.29310344827586
c,C000728,0,7.465
c,C000729,1,7.33030303030303
c,C000730,0,8.094444444444445
c,C000731,0,8.623076923076923
c,C000732,0,8.904424778761062
c,C000733,0,5.902531645569621
c,C000734,0,14.327272727272728
c,C000735,1,4.251724137931035
c,C000736,0,8.254054054054054
c,C000737,0,9.848076923076922
c,C000738,0,6.834782608695652
c,C000739,0,8.18051948051948
c,C000740,0,10.2125
c,C000741,1,5.547826086956522
c,C000742,0,8.293548387096774
c,C000743,1,6.536144578313253
c,C000744,0,8.952941176470588
c,C000745,0,7.036842105263158
c,C000746,0,9.27878787878788
c,C000747,0,9.03888888888889
c,C000748,1,8.520454545454545
c,C000749,0,6.975
c,C000750,0,8.226315789473684
c,C000751,0,4.509945750452079
c,C000752,1,5.842424242424243
c,C000753,0,11.888235294117647
c,C000754,1,9.511627906976743
c,C000755,0,10.704
c,C000756,1,7.237288135593221
c,C000757,1,8.872727272727273
c,C000758,0,5.876404494382022
c,C000759,0,9.689887640449438
c,C000760,0,8.76
c,C000761,0,7.047368421052632
c,C000762,1,6.757894736842105
c,C000763,1,3.686046511627907
c,C000764,0,6.468421052631579
c,C000765,1,5.5962962962962965
c,C000766,0,5.119047619047619
c,C000767,0,6.565
c,C000768,0,6.536
c,C000769,1,6.604225352112676
c,C000770,0,7.457894736842105
c,C000771,0,9.725
c,C000772,0,6.552542372881356
c,C000773,0,6.543243243243243
c,C000774,0,8.502777777777778
c,C000775,0,8.438461538461539
c,C000776,0,7.773553719008264
c,C000777,0,9.976470588235294
c,C000778,0,8.422727272727272
c,C000779,0,7.9879518072289155
c,C000780,0,5.424705882352941
c,C000781,0,8.190140845070422
c,C000782,0,4.7
c,C000783,0,7.245714285714285
c,C000784,0,7.013333333333334
c,C000785,0,5.4971014492753625
c,C000786,1,9.10923076923077
c,C000787,0,8.162222222222223
c,C000788,0,9.61304347826087
c,C000789,1,7.7975
c,C000790,1,7.555789473684211
c,C000791,1,6.029473684210526
c,C000792,0,8.202631578947368
c,C000793,0,9.907142857142857
c,C000794,0,8.825641025641026
c,C000795,0,13.45
c,C000796,0,6.701428571428571
c,C000797,0,8.30188679245283
c,C000798,0,6.647872340425532
c,C000799,0,7.879411764705883
c,C000800,0,7.933333333333334
c,C000801,0,7.017777777777778
c,C000802,0,4.44375
c,C000803,0,6.258333333333334
c,C000804,0,11.4
c,C000805,0,5.935398230088496
c,C000806,0,13.81875
c,C000807,0,8.046341463414635
c,C000808,0,7.862337662337662
c,C000809,1,6.173469387755102
c,C000810,0,5.622222222222222
c,C000811,0,7.788235294117647
c,C000812,0,9.7
c,C000813,0,6.885185185185185
c,C000814,0,7.947540983606557
c,C000815,0,8.084
c,C000816,0,6.502127659574468
c,C000817,0,8.123728813559323
c,C000818,0,10.275886524822695
c,C000819,0,10.371875
c,C000820,0,11.56
c,C000821,0,8.144444444444444
c,C000822,0,12.486956521739131
c,C000823,0,7.6125
c,C000824,0,7.451515151515151
c,C000825,0,10.78048780487805
c,C000826,0,9.076744186046511
c,C000827,0,7.867441860465116
c,C000828,0,9.075
c,C000829,0,8.040909090909091
c,C000830,0,3.937142857142857
c,C000831,0,7.5
c,C000832,0,7.942028985507246
c,C000833,0,6.585714285714285
c,C000834,0,9.65
c,C000835,0,8.294285714285714
c,C000836,0,7.891803278688524
c,C000837,0,7.48
c,C000838,0,6.14
c,C000839,0,7.819526627218935
c,C000840,0,7.016666666666667
c,C000841,0,9.23913043478261
c,C000842,0,5.09811320754717
c,C000843,0,9.033333333333331
c,C000844,0,6.704123711340206
c,C000845,1,7.257142857142857
c,C000846,1,7.46986301369863
c,C000847,0,9.66060606060606
c,C000848,0,12.147058823529411
c,C000849,1,6.346835443037975
c,C000850,0,8.53203125
c,C000851,0,8.2
c,C000852,0,8.827586206896552
c,C000853,0,9.354545454545455
c,C000854,0,6.780459770114943
c,C000855,0,8.265714285714285
c,C000856,0,10.242857142857142
c,C000857,0,7.814102564102564
c,C000858,1,5.975757575757576
c,C000859,0,9.144827586206896
c,C000860,0,7.973134328358209
c,C000861,0,8.785714285714286
c,C000862,0,8.716666666666667
c,C000863,0,7.063793103448276
c,C000864,0,9.52295081967213
c,C000865,0,7.348717948717948
c,C000866,1,7.778571428571428
c,C000867,0,13.21818181818182
c,C000868,0,12.126530612244895
c,C000869,0,6.064516129032258
c,C000870,0,8.316666666666666
c,C000871,0,6.115384615384615
c,C000872,0,7.524657534246575
c,C000873,0,9.857692307692307
c,C000874,0,9.349230769230768
c,C000875,0,5.3
c,C000876,0,14.41875
c,C000877,0,14.9
c,C000878,0,6.088461538461538
c,C000879,0,8.1984375
c,C000880,0,8.672413793103448
c,C000881,1,7.535294117647059
c,C000882,0,9.385454545454545
c,C000883,0,8.926760563380281
c,C000884,0,8.5425
c,C000885,0,12.791304347826086
c,C000886,0,6.13
c,C000887,0,8.621621621621621
c,C000888,0,9.733333333333333
c,C000889,0,9.083529411764706
c,C000890,0,7.909433962264151
c,C000891,0,6.9875
c,C000892,0,7.844444444444444
c,C000893,1,5.125510204081633
c,C000894,0,7.28421052631579
c,C000895,0,12.2
c,C000896,0,6.927522935779817
c,C000897,0,6.23
c,C000898,0,8.220833333333333
c,C000899,0,9.864705882352942
c,C000900,0,7.2972222222222225
c,C000901,0,5.566666666666666
c,C000902,0,7.414285714285715
c,C000903,1,5.5793103448275865
c,C000904,0,6.64
c,C000905,0,9.372413793103448
c,C000906,0,6.172549019607843
c,C000907,0,9.052777777777775
c,C000908,0,9.023076923076925
c,C000909,0,7.135
c,C000910,0,4.731428571428571
c,C000911,0,10.6
c,C000912,0,5.797777777777778
c,C000913,0,8.959259259259259
c,C000914,0,7.005555555555556
c,C000915,0,6.663333333333333
c,C000916,0,9.533962264150944
c,C000917,1,6.442016806722689
c,C000918,0,9.101724137931036
c,C000919,0,8.73235294117647
c,C000920,0,9.467857142857143
c,C000921,0,7.949315068493151
c,C000922,1,6.563636363636364
c,C000923,1,5.3965116279069765
c,C000924,0,11.918987341772151
c,C000925,0,6.191304347826087
c,C000926,1,5.626315789473685
c,C000927,0,9.752380952380951
c,C000928,1,8.656666666666666
c,C000929,0,10.722727272727273
c,C000930,0,6.56875
c,C000931,0,9.324242424242424
c,C000932,0,9.284426229508195
c,C000933,0,7.661111111111111
c,C000934,0,6.71
c,C000935,0,8.029310344827586
c,C000936,0,6.260344827586207
c,C000937,0,8.279411764705882
c,C000938,0,6.122222222222222
c,C000939,1,10.136
c,C000940,0,6.707142857142857
c,C000941,0,7.142857142857143
c,C000942,0,6.473255813953489
c,C000943,0,11.183636363636364
c,C000944,0,7.141304347826087
c,C000945,0,8.954545454545455
c,C000946,0,3.8977168949771688
c,C000947,0,8.21923076923077
c,C000948,0,10.132352941176473
c,C000949,0,9.375438596491229
c,C000950,1,5.711184210526316
c,C000951,0,10.32051282051282
c,C000952,0,8.935714285714285
c,C000953,0,11.96111111111111
c,C000954,0,9.684848484848484
c,C000955,0,8.5
c,C000956,0,9.294805194805194
c,C000957,0,10.128571428571428
c,C000958,0,9.645098039215686
c,C000959,0,8.655172413793103
c,C000960,1,8.169736842105262
c,C000961,0,8.502777777777778
c,C000962,0,8.440869565217392
c,C000963,0,12.1
c,C000964,0,9.864
c,C000965,0,7.475555555555555
c,C000966,0,6.003658536585366
c,C000967,1,6.052941176470588
c,C000968,0,11.413793103448276
c,C000969,0,7.992682926829269
c,C000970,0,6.726229508196721
c,C000971,0,7.626027397260274
c,C000972,0,6.177272727272728
c,C000973,0,9.308196721311475
c,C000974,0,9.68
c,C000975,0,7.087878787878788
c,C000976,0,8.48235294117647
c,C000977,0,7.910576923076923
c,C000978,0,9.21
c,C000979,0,10.76904761904762
c,C000980,0,9.355172413793104
c,C000981,0,9.392134831460677
c,C000982,0,8.155405405405405
c,C000983,0,5.155
c,C000984,0,11.86923076923077
c,C000985,0,14.605
c,C000986,0,9.907272727272728
c,C000987,0,6.355737704918033
c,C000988,0,8.82857142857143
c,C000989,0,7.45
c,C000990,0,7.540217391304348
c,C000991,0,11.64047619047619
c,C000992,0,13.674358974358974
c,C000993,0,11.155813953488371
c,C000994,0,9.927272727272728
c,C000995,0,8.311111111111112
c,C000996,0,7.315068493150685
c,C000997,0,4.956756756756757
c,C000998,0,7.158974358974359
c,C000999,0,6.632727272727273
c,C001000,0,8.557777777777778
c,C001001,0,5.384375
c,C001002,0,8.9
c,C001003,0,9.951428571428572
c,C001004,0,6.913793103448276
c,C001005,0,8.668965517241379
c,C001006,0,9.95625
c,C001007,0,9.488888888888887
c,C001008,0,4.9
c,C001009,1,5.276923076923077
c,C001010,0,9.112820512820512
c,C001011,0,8.194444444444445
c,C001012,0,6.433333333333334
c,C001013,0,10.397297297297298
c,C001014,0,5.382758620689655
c,C001015,0,6.008771929824562
c,C001016,0,11.283333333333331
c,C001017,0,8.878378378378379
c,C001018,0,8.331818181818182
c,C001019,0,8.029411764705882
c,C001020,0,8.03012048192771
c,C001021,1,8.15
c,C001022,0,9.22
c,C001023,0,9.32972972972973
c,C001024,0,8.111428571428572
c,C001025,0,9.075
c,C001026,0,10.296666666666669
c,C001027,0,6.7
c,C001028,0,7.8375
c,C001029,0,8.24102564102564
c,C001030,0,9.516129032258064
c,C001031,1,6.6571428571428575
c,C001032,0,9.774193548387096
c,C001033,0,8.713636363636363
c,C001034,0,8.764
c,C001035,0,8.857692307692307
c,C001036,0,8.547222222222222
c,C001037,0,12.73125
c,C001038,1,7.296116504854369
c,C001039,0,7.064102564102564
c,C001040,0,8.234426229508196
c,C001041,0,9.93157894736842
c,C001042,0,5.710280373831775
c,C001043,0,10.857142857142858
c,C001044,0,6.948648648648649
c,C001045,0,9.111538461538462
c,C001046,0,7.318181818181818
c,C001047,0,4.234210526315789
c,C001048,0,6.930985915492958
c,C001049,0,8.875280898876404
c,C001050,0,13.422222222222222
c,C001051,0,8.404166666666667
c,C001052,1,10.045833333333333
c,C001053,0,7.0
c,C001054,0,7.356060606060606
c,C001055,1,6.6
c,C001056,1,9.303030303030305
c,C001057,0,7.072727272727272
c,C001058,0,4.314655172413793
c,C001059,0,8.957142857142857
c,C001060,0,7.320689655172414
c,C001061,0,8.525
c,C001062,0,5.836363636363636
c,C001063,0,4.45390625
c,C001064,1,6.672549019607843
c,C001065,0,7.096774193548387
c,C001066,0,10.133333333333333
c,C001067,0,10.352941176470589
c,C001068,0,9.709756097560977
c,C001069,0,8.222727272727273
c,C001070,0,8.112307692307692
c,C001071,0,7.918421052631579
c,C001072,0,10.589285714285714
c,C001073,0,5.690540540540541
c,C001074,0,8.966666666666667
c,C001075,0,5.590243902439024
c,C001076,0,5.425
c,C001077,1,7.088372093023255
c,C001078,0,8.508333333333333
c,C001079,1,8.18875
c,C001080,0,6.682692307692308
c,C001081,0,7.666666666666667
c,C001082,0,6.158181818181818
c,C001083,0,8.457142857142857
c,C001084,0,6.52
c,C001085,1,8.965714285714286
c,C001086,0,6.444047619047619
c,C001087,0,7.882352941176471
c,C001088,0,6.485
c,C001089,0,9.713888888888889
c,C001090,0,8.6875
c,C001091,0,6.623529411764705
c,C001092,0,12.602083333333333
c,C001093,0,8.659649122807018
c,C001094,0,5.357692307692307
c,C001095,0,6.717391304347826
c,C001096,0,10.439130434782609
c,C001097,0,11.025581395348835
c,C001098,0,6.893055555555556
c,C001099,0,10.384745762711864
c,C001100,0,3.501898734177215
c,C001101,0,9.273333333333332
c,C001102,1,5.59
c,C001103,0,4.7172413793103445
c,C001104,0,5.293333333333333
c,C001105,0,9.907792207792207
c,C001106,0,10.802702702702703
c,C001107,0,7.364285714285714
c,C001108,0,7.4869047619047615
c,C001109,0,6.948648648648649
c,C001110,0,6.836363636363636
c,C001111,0,13.395348837209305
c,C001112,0,9.475555555555555
c,C001113,0,7.230434782608696
c,C001114,0,6.597872340425532
c,C001115,0,8.205128205128204
c,C001116,0,9.779591836734694
c,C001117,0,11.72093023255814
c,C001118,0,8.417391304347825
c,C001119,0,6.6204081632653065
c,C001120,0,8.942105263157895
c,C001121,0,14.76842105263158
c,C001122,0,7.321590909090909
c,C001123,0,8.280645161290323
c,C001124,0,6.10506329113924
c,C001125,0,7.563492063492063
c,C001126,0,9.203636363636363
c,C001127,0,8.094117647058823
c,C001128,0,7.486746987951808
c,C001129,1,9.478571428571428
c,C001130,1,9.47076923076923
c,C001131,1,8.659649122807018
c,C001132,0,8.115873015873015
c,C001133,0,8.223809523809523
c,C001134,0,9.954545454545457
c,C001135,0,10.934883720930232
c,C001136,0,9.055882352941175
c,C001137,0,9.929166666666667
c,C001138,0,5.757692307692308
c,C001139,0,6.969230769230769
c,C001140,0,8.091089108910891
c,C001141,0,7.3
c,C001142,0,9.333333333333334
c,C001143,1,7.537837837837838
c,C001144,0,4.984210526315789
c,C001145,0,7.71875
c,C001146,0,8.982285714285714
c,C001147,0,7.268292682926829
c,C001148,0,7.772549019607843
c,C001149,0,8.483333333333333
c,C001150,0,6.065476190476191
c,C001151,0,8.514893617021277
c,C001152,1,5.5
c,C001153,0,4.465116279069767
c,C001154,0,5.414814814814815
c,C001155,0,13.18
c,C001156,0,7.964197530864197
c,C001157,0,7.266666666666667
c,C001158,0,7.64
c,C001159,0,3.721546961325967
c,C001160,0,10.374285714285714
c,C001161,0,8.783333333333333
c,C001162,0,7.519540229885058
c,C001163,0,12.83
c,C001164,0,5.756164383561644
c,C001165,0,8.633333333333333
c,C001166,1,6.876136363636364
c,C001167,0,6.962790697674419
c,C001168,0,7.122222222222222
c,C001169,0,8.420731707317072
c,C001170,0,10.522727272727272
c,C001171,1,7.45952380952381
c,C001172,0,6.870491803278688
c,C001173,0,9.242553191489362
c,C001174,0,8.115584415584415
c,C001175,0,6.076190476190476
c,C001176,1,7.178082191780822
c,C001177,0,3.5078125
c,C001178,0,7.7405405405405405
c,C001179,0,9.069291338582676
c,C001180,0,8.473333333333333
c,C001181,1,5.780645161290322
c,C001182,0,7.622222222222222
c,C001183,0,8.265217391304347
c,C001184,1,3.21875
c,C001185,0,8.1875
c,C001186,0,8.530952380952382
c,C001187,0,7.512121212121212
c,C001188,0,13.242857142857142
c,C001189,1,6.064285714285714
c,C001190,1,5.657446808510638
c,C001191,0,7.915625
c,C001192,0,6.771428571428571
c,C001193,0,8.68
c,C001194,0,10.352380952380951
c,C001195,0,6.043243243243243
c,C001196,0,9.969444444444443
c,C001197,0,10.810526315789474
c,C001198,0,8.219178082191782
c,C001199,0,7.260115606936416
c,C001200,1,7.083333333333333
c,C001201,0,12.38888888888889
c,C001202,0,7.921649484536083
c,C001203,0,7.919047619047619
c,C001204,0,8.177142857142858
c,C001205,0,7.4787878787878785
c,C001206,0,6.521621621621621
c,C001207,0,7.570588235294117
c,C001208,0,10.48
c,C001209,0,8.796363636363637
c,C001210,0,9.978125
c,C001211,0,6.519642857142857
c,C001212,0,9.433333333333334
c,C001213,0,7.35531914893617
c,C001214,0,10.226923076923075
c,C001215,0,9.207142857142856
c,C001216,0,9.75438596491228
c,C001217,0,11.025
c,C001218,0,7.573170731707317
c,C001219,0,9.066666666666666
c,C001220,1,6.266666666666667
c,C001221,0,9.045070422535211
c,C001222,0,7.068085106382979
c,C001223,0,8.064864864864864
c,C001224,0,9.6375
c,C001225,0,7.849056603773585
c,C001226,0,7.471111111111111
c,C001227,0,8.137735849056604
c,C001228,0,10.197777777777778
c,C001229,0,7.593333333333334
c,C001230,0,7.073684210526316
c,C001231,0,8.098076923076922
c,C001232,0,9.3
c,C001233,0,7.985416666666667
c,C001234,0,4.748395721925133
c,C001235,0,8.170370370370371
c,C001236,0,7.06875
c,C001237,0,4.264285714285714
c,C001238,0,13.6
c,C001239,0,6.1326086956521735
c,C001240,0,6.0625
c,C001241,0,4.38125
c,C001242,0,6.528048780487805
c,C001243,0,7.757627118644068
c,C001244,1,6.3248
c,C001245,0,7.009677419354839
c,C001246,0,6.810869565217391
c,C001247,0,9.142857142857142
c,C001248,1,5.104166666666667
c,C001249,1,9.534567901234569
c,C001250,0,6.743478260869566
c,C001251,0,5.506451612903226
c,C001252,0,9.8125
c,C001253,0,7.90438596491228
c,C001254,0,7.9
c,C001255,0,8.1625
c,C001256,0,9.319565217391304
c,C001257,0,6.825409836065574
c,C001258,0,10.624242424242423
c,C001259,1,9.442857142857145
c,C001260,0,9.186111111111112
c,C001261,0,7.438461538461539
c,C001262,0,7.384693877551021
c,C001263,0,8.585
c,C001264,0,12.292857142857144
c,C001265,1,2.361111111111111
c,C001266,0,8.3
c,C001267,0,7.121739130434783
c,C001268,0,7.072289156626506
c,C001269,0,8.977142857142857
c,C001270,0,7.066666666666666
c,C001271,0,5.795061728395062
c,C001272,1,5.921052631578948
c,C001273,0,6.983333333333333
c,C001274,0,10.303030303030305
c,C001275,0,7.863461538461538
c,C001276,1,6.07289156626506
c,C001277,0,8.872727272727273
c,C001278,0,8.097777777777777
c,C001279,0,8.287878787878787
c,C001280,0,7.146428571428571
c,C001281,0,10.6625
c,C001282,0,10.16
c,C001283,0,11.253846153846156
c,C001284,0,9.353571428571428
c,C001285,0,10.9125
c,C001286,0,8.059322033898304
c,C001287,0,9.985
c,C001288,0,7.510344827586207
c,C001289,0,7.727586206896552
c,C001290,1,2.3404761904761906
c,C001291,0,12.094444444444443
c,C001292,0,6.8328125
c,C001293,0,6.246478873239437
c,C001294,0,7.413636363636364
c,C001295,0,9.681481481481482
c,C001296,0,8.388235294117647
c,C001297,0,6.734615384615385
c,C001298,0,10.772340425531915
c,C001299,0,11.584615384615384
c,C001300,1,6.133783783783784
c,C001301,0,3.742857142857143
c,C001302,0,6.764705882352941
c,C001303,0,7.303389830508475
c,C001304,0,5.615652173913044
c,C001305,0,10.016666666666667
c,C001306,0,9.933333333333334
c,C001307,0,8.38080808080808
c,C001308,0,3.79126213592233
c,C001309,0,7.5929824561403505
c,C001310,0,5.995238095238095
c,C001311,0,8.856043956043957
c,C001312,1,5.235294117647059
c,C001313,0,5.0
c,C001314,1,8.97888888888889
c,C001315,0,7.85
c,C001316,0,8.805263157894737
c,C001317,1,5.824242424242424
c,C001318,0,7.266935483870967
c,C001319,0,8.324137931034484
c,C001320,0,9.311666666666667
c,C001321,0,9.971428571428572
c,C001322,0,8.503333333333334
c,C001323,0,13.378260869565215
c,C001324,0,9.116666666666667
c,C001325,0,5.685964912280702
c,C001326,0,8.206451612903226
c,C001327,0,11.683333333333334
c,C001328,0,9.515094339622642
c,C001329,0,9.643835616438356
c,C001330,0,9.38961038961039
c,C001331,0,7.923076923076923
c,C001332,0,8.904
c,C001333,0,5.810204081632653
c,C001334,0,4.977272727272728
c,C001335,1,4.121428571428571
c,C001336,0,8.0
c,C001337,0,7.787804878048781
c,C001338,0,8.107692307692307
c,C001339,0,8.680851063829786
c,C001340,0,9.07563025210084
c,C001341,0,8.683333333333334
c,C001342,0,8.58235294117647
c,C001343,0,6.542857142857143
c,C001344,0,8.975
c,C001345,0,8.352631578947369
c,C001346,0,7.1466666666666665
c,C001347,0,7.726829268292683
c,C001348,0,4.371875
c,C001349,0,9.224
c,C001350,0,10.487179487179487
c,C001351,0,14.26
c,C001352,0,8.297222222222222
c,C001353,0,5.807575757575758
c,C001354,0,12.45
c,C001355,0,8.237853107344632
c,C001356,0,7.066153846153847
c,C001357,1,6.191304347826087
c,C001358,0,8.582222222222223
c,C001359,0,6.569230769230769
c,C001360,1,5.212820512820513
c,C001361,0,7.259183673469388
c,C001362,0,8.797058823529412
c,C001363,0,11.454545454545457
c,C001364,0,8.837931034482759
c,C001365,0,7.189473684210526
c,C001366,0,5.409090909090909
c,C001367,0,5.716666666666667
c,C001368,0,6.490243902439024
c,C001369,0,9.514285714285714
c,C001370,1,8.389393939393939
c,C001371,0,10.571428571428571
c,C001372,0,12.94186046511628
c,C001373,0,5.471621621621622
c,C001374,1,4.6720930232558135
c,C001375,1,8.665217391304347
c,C001376,0,8.729166666666666
c,C001377,0,8.288461538461538
c,C001378,0,7.783333333333333
c,C001379,0,6.25
c,C001380,0,6.78125
c,C001381,0,8.092857142857143
c,C001382,0,7.268518518518518
c,C001383,0,7.196666666666666
c,C001384,0,12.12
c,C001385,0,6.444827586206896
c,C001386,0,8.07857142857143
c,C001387,0,20.362962962962964
c,C001388,0,6.496153846153846
c,C001389,0,8.952
c,C001390,0,11.232142857142858
c,C001391,0,8.270422535211267
c,C001392,0,10.51
c,C001393,0,6.888524590163934
c,C001394,0,8.265217391304347
c,C001395,0,12.854545454545455
c,C001396,0,7.845
c,C001397,0,9.997777777777776
c,C001398,0,4.229411764705882
c,C001399,0,11.29
c,C001400,0,6.183561643835616
c,C001401,0,7.932038834951456
c,C001402,0,7.375
c,C001403,0,7.573
c,C001404,0,6.494915254237288
c,C001405,0,6.483561643835617
c,C001406,0,7.783333333333333
c,C001407,0,7.23
c,C001408,0,7.241860465116279
c,C001409,0,8.054263565891473
c,C001410,0,4.915
c,C001411,0,8.634939759036145
c,C001412,0,6.9
c,C001413,0,5.974820143884892
c,C001414,1,6.796
c,C001415,0,10.584615384615384
c,C001416,0,6.685714285714286
c,C001417,0,6.525581395348837
c,C001418,0,12.7
c,C001419,0,5.93953488372093
c,C001420,0,8.57391304347826
c,C001421,0,8.631147540983607
c,C001422,0,7.887037037037037
c,C001423,0,7.816666666666666
c,C001424,0,7.304838709677419
c,C001425,0,9.34027777777778
c,C001426,0,10.75
c,C001427,0,7.172972972972973
c,C001428,0,8.696551724137931
c,C001429,0,8.83529411764706
c,C001430,0,4.516030534351145
c,C001431,1,7.225
c,C001432,0,9.484615384615385
c,C001433,0,8.195833333333333
c,C001434,0,9.689583333333331
c,C001435,0,10.187719298245614
c,C001436,1,9.463157894736842
c,C001437,0,6.859649122807017
c,C001438,0,9.761904761904765
c,C001439,0,10.360759493670884
c,C001440,1,10.431764705882353
c,C001441,0,8.904166666666667
c,C001442,0,7.59622641509434
c,C001443,0,5.664516129032258
c,C001444,0,7.3076923076923075
c,C001445,0,9.123255813953488
c,C001446,0,5.804761904761905
c,C001447,0,7.125423728813559
c,C001448,0,6.594444444444444
c,C001449,0,9.942975206611573
c,C001450,0,6.84
c,C001451,0,7.497872340425532
c,C001452,0,8.634615384615385
c,C001453,1,8.1875
c,C001454,1,7.077272727272727
c,C001455,1,6.051063829787234
c,C001456,0,6.546296296296297
c,C001457,0,8.41081081081081
c,C001458,1,9.736206896551725
c,C001459,0,10.68235294117647
c,C001460,0,10.5625
c,C001461,0,8.231818181818182
c,C001462,1,10.8328125
d,D000001,0,77.07006369426752
d,D000002,0,84.99746835443037
d,D000003,0,86.66666666666667
d,D000004,0,79.45205479452055
d,D000005,0,31.81923076923076
d,D000006,0,51.66666666666666
d,D000007,0,7.25348837209302
d,D000008,0,65.0
d,D000009,0,81.92771084337349
d,D000010,0,67.36842105263158
d,D000011,0,100.0
d,D000012,0,84.52941176470587
d,D000013,0,45.795
d,D000014,0,66.66666666666666
d,D000015,0,92.64285714285714
d,D000016,0,99.29183673469389
d,D000017,0,78.37837837837837
d,D000018,0,6.088
d,D000019,0,61.53846153846154
d,D000020,0,73.51960784313725
d,D000021,0,72.0
d,D000022,0,75.0
d,D000023,0,94.6
d,D000024,0,40.0
d,D000025,1,36.66666666666666
d,D000026,1,51.6
d,D000027,0,77.41935483870968
d,D000028,0,92.10526315789473
d,D000029,0,71.42857142857143
d,D000030,0,79.2
d,D000031,0,31.298850574712638
d,D000032,0,64.58333333333334
d,D000033,0,51.800000000000004
d,D000034,0,90.90909090909092
d,D000035,0,85.29411764705883
d,D000036,0,80.43478260869566
d,D000037,0,85.33333333333334
d,D000038,0,28.000000000000004
d,D000039,0,85.0
d,D000040,0,89.00344827586207
d,D000041,0,96.13875
d,D000042,1,82.6923076923077
d,D000043,0,26.85
d,D000044,0,87.16279069767441
d,D000045,0,87.14285714285714
d,D000046,0,87.5
d,D000047,0,56.26363636363636
d,D000048,0,87.5
d,D000049,0,22.47058823529411
d,D000050,0,79.41176470588235
d,D000051,0,1.67857142857142
d,D000052,0,91.66666666666666
d,D000053,0,69.96153846153847
d,D000054,0,84.31372549019608
d,D000055,1,42.32673267326732
d,D000056,0,100.0
d,D000057,0,55.761904761904766
d,D000058,0,57.14285714285714
d,D000059,1,62.5
d,D000060,0,80.55555555555556
d,D000061,0,73.07692307692307
d,D000062,0,61.02857142857143
d,D000063,0,33.89074074074074
d,D000064,0,77.92307692307693
d,D000065,0,78.66666666666666
d,D000066,1,65.51724137931035
d,D000067,0,72.91000000000001
d,D000068,0,98.87878787878788
d,D000069,0,72.72727272727273
d,D000070,1,57.30337078651685
d,D000071,0,64.71000000000001
d,D000072,0,95.08333333333331
d,D000073,0,63.612244897959194
d,D000074,0,96.81044776119404
d,D000075,0,72.41379310344827
d,D000076,0,82.73548387096774
d,D000077,0,77.27272727272727
d,D000078,0,77.93124999999999
d,D000079,0,83.33333333333334
d,D000080,0,86.20689655172413
d,D000081,0,88.88888888888889
d,D000082,0,78.0
d,D000083,1,59.833333333333336
d,D000084,0,41.96470588235294
d,D000085,0,78.41666666666667
d,D000086,0,58.839506172839506
d,D000087,0,100.0
d,D000088,0,87.25490196078431
d,D000089,0,75.16339869281046
d,D000090,0,85.29411764705883
d,D000091,0,85.87872340425533
d,D000092,0,85.92857142857143
d,D000093,1,62.61111111111111
d,D000094,0,86.4622641509434
d,D000095,0,93.78064516129032
d,D000096,0,10.824324324324321
d,D000097,0,100.0
d,D000098,0,75.0
d,D000099,0,52.48837209302326
d,D000100,0,78.71904761904761
d,D000101,0,75.92592592592592
d,D000102,0,10.011392405063289
d,D000103,0,81.33513513513513
d,D000104,0,86.36363636363636
d,D000105,0,12.753125
d,D000106,0,59.9298245614035
d,D000107,0,8.26111111111111
d,D000108,0,78.0
d,D000109,0,72.01851851851852
d,D000110,0,54.45454545454545
d,D000111,0,75.0
d,D000112,1,48.25252525252526
d,D000113,0,85.71428571428571
d,D000114,0,62.4
d,D000115,0,81.11888111888112
d,D000116,0,99.45833333333334
d,D000117,0,97.83333333333334
d,D000118,0,68.73333333333333
d,D000119,0,54.5483870967742
d,D000120,0,81.61964285714286
d,D000121,1,46.40625
d,D000122,0,94.52405063291141
d,D000123,1,77.21518987341773
d,D000124,0,6.1578947368421
d,D000125,0,80.0
d,D000126,0,66.41071428571428
d,D000127,0,96.15384615384616
d,D000128,0,93.13015873015871
d,D000129,1,37.5
d,D000130,1,65.06451612903227
d,D000131,0,46.0
d,D000132,0,89.33333333333334
d,D000133,0,60.86
d,D000134,0,79.24528301886792
d,D000135,0,71.42857142857143
d,D000136,0,59.44444444444444
d,D000137,0,81.08108108108108
d,D000138,1,85.9375
d,D000139,0,90.11190476190475
d,D000140,0,95.52238805970148
d,D000141,0,86.36363636363636
d,D000142,0,85.04827586206896
d,D000143,1,73.97260273972603
d,D000144,0,95.1219512195122
d,D000145,0,66.66666666666666
d,D000146,1,54.18604651162791
d,D000147,0,80.43478260869566
d,D000148,0,49.162499999999994
d,D000149,0,59.904761904761905
d,D000150,0,68.7
d,D000151,0,82.6923076923077
d,D000152,1,47.04081632653061
d,D000153,0,55.512820512820504
d,D000154,1,79.8076923076923
d,D000155,0,97.72244897959183
d,D000156,0,91.42857142857143
d,D000157,0,75.0
d,D000158,0,56.86274509803921
d,D000159,0,69.77499999999999
d,D000160,1,62.42857142857143
d,D000161,0,92.95774647887323
d,D000162,0,51.34615384615384
d,D000163,0,71.00591715976331
d,D000164,0,92.10526315789473
d,D000165,0,54.43684210526316
d,D000166,0,82.70666666666668
d,D000167,0,82.0047619047619
d,D000168,0,86.5979381443299
d,D000169,0,97.13636363636364
d,D000170,0,47.55357142857143
d,D000171,0,63.38461538461539
d,D000172,0,83.87826086956522
d,D000173,1,54.083333333333336
d,D000174,0,83.13253012048193
d,D000175,0,87.5
d,D000176,0,85.04672897196261
d,D000177,0,84.53684210526316
d,D000178,0,92.72
d,D000179,0,73.13333333333334
d,D000180,1,77.57009345794393
d,D000181,0,59.07446808510638
d,D000182,0,56.49999999999999
d,D000183,0,94.83333333333334
d,D000184,0,79.16666666666666
d,D000185,1,67.6
d,D000186,0,73.91304347826086
d,D000187,0,93.55
d,D000188,1,79.03225806451613
d,D000189,0,72.46875
d,D000190,0,88.67924528301887
d,D000191,0,62.264150943396224
d,D000192,0,81.63265306122449
d,D000193,0,84.7457627118644
d,D000194,0,65.85813953488372
d,D000195,0,84.375
d,D000196,0,85.71428571428571
d,D000197,0,93.8546762589928
d,D000198,0,70.3125
d,D000199,0,83.72500000000001
d,D000200,0,52.60666666666667
d,D000201,0,85.9921568627451
d,D000202,0,86.19868421052631
d,D000203,0,89.53333333333333
d,D000204,0,80.3342105263158
d,D000205,0,55.32098765432099
d,D000206,0,66.66666666666666
d,D000207,0,3.0666666666666598
d,D000208,0,79.16666666666666
d,D000209,0,94.33333333333333
d,D000210,0,66.17647058823529
d,D000211,0,93.44262295081968
d,D000212,0,83.33333333333334
d,D000213,0,80.95238095238095
d,D000214,1,30.36111111111111
d,D000215,0,77.31958762886599
d,D000216,0,59.057692307692314
d,D000217,0,84.52380952380952
d,D000218,0,87.11333333333333
d,D000219,0,64.75882352941177
d,D000220,0,87.50952380952381
d,D000221,0,83.33333333333334
d,D000222,0,73.91304347826086
d,D000223,0,78.37837837837837
d,D000224,0,71.42857142857143
d,D000225,0,87.8048780487805
d,D000226,0,80.55555555555556
d,D000227,0,59.238095238095234
d,D000228,0,85.33333333333334
d,D000229,0,85.48750000000001
d,D000230,0,54.449999999999996
d,D000231,1,67.85714285714286
d,D000232,0,64.19
d,D000233,0,71.04166666666667
d,D000234,0,62.716981132075475
d,D000235,0,81.11888111888112
d,D000236,0,80.32380952380952
d,D000237,0,75.0
d,D000238,0,81.25
d,D000239,0,80.97368421052632
d,D000240,0,67.75
d,D000241,0,84.10317460317461
d,D000242,0,91.5
d,D000243,0,47.9390243902439
d,D000244,0,86.3452380952381
d,D000245,0,55.71052631578948
d,D000246,0,75.0
d,D000247,0,87.936
d,D000248,1,45.33333333333333
d,D000249,0,55.147435897435905
d,D000250,0,95.06944444444444
d,D000251,0,71.42857142857143
d,D000252,0,85.1063829787234
d,D000253,0,93.26875
d,D000254,0,100.0
d,D000255,1,48.19480519480519
d,D000256,0,81.48148148148148
d,D000257,0,85.66666666666666
d,D000258,0,89.55223880597015
d,D000259,0,77.77777777777779
d,D000260,0,60.0
d,D000261,0,82.8125
d,D000262,0,55.900000000000006
d,D000263,0,69.91304347826087
d,D000264,1,27.5576923076923
d,D000265,0,83.21678321678321
d,D000266,0,100.0
d,D000267,0,82.76
d,D000268,1,76.64233576642336
d,D000269,0,86.53846153846155
d,D000270,0,91.33
d,D000271,1,33.33333333333333
d,D000272,0,47.56666666666667
d,D000273,0,87.13749999999999
d,D000274,0,64.44444444444444
d,D000275,0,63.756410256410255
d,D000276,0,77.47747747747748
d,D000277,0,81.66666666666667
d,D000278,0,71.64179104477611
d,D000279,1,7.77777777777777
d,D000280,1,82.35294117647058
d,D000281,0,50.0
d,D000282,0,58.11621621621622
d,D000283,0,100.0
d,D000284,0,33.55652173913043
d,D000285,0,84.44444444444444
d,D000286,1,56.99999999999999
d,D000287,0,69.66666666666667
d,D000288,0,84.375
d,D000289,0,100.0
d,D000290,0,82.41758241758241
d,D000291,0,75.0
d,D000292,0,60.18518518518518
d,D000293,0,87.79047619047618
d,D000294,0,87.146875
d,D000295,0,12.68
d,D000296,1,31.770833333333332
d,D000297,0,82.27848101265823
d,D000298,0,98.29787234042554
d,D000299,0,81.76216216216216
d,D000300,0,72.44094488188976
d,D000301,0,81.81818181818183
d,D000302,0,95.83333333333334
d,D000303,0,94.9818181818182
d,D000304,1,60.919999999999995
d,D000305,0,76.41428571428571
d,D000306,0,53.2
d,D000307,0,86.70370370370371
d,D000308,0,46.19411764705882
d,D000309,0,80.0
d,D000310,0,83.01886792452831
d,D000311,0,71.5225
d,D000312,1,66.12903225806451
d,D000313,0,84.72727272727273
d,D000314,0,84.88372093023256
d,D000315,0,71.66666666666667
d,D000316,0,44.6625
d,D000317,0,100.0
d,D000318,0,69.24193548387096
d,D000319,1,91.66666666666666
d,D000320,1,62.365591397849464
d,D000321,0,67.232
d,D000322,0,90.60483870967741
d,D000323,0,76.47058823529412
d,D000324,0,88.56666666666668
d,D000325,0,78.95555555555556
d,D000326,0,88.88888888888889
d,D000327,0,2.48983050847457
d,D000328,1,80.59701492537313
d,D000329,0,75.0
d,D000330,0,33.33333333333333
d,D000331,0,68.75
d,D000332,0,83.56164383561644
d,D000333,0,90.37105263157896
d,D000334,0,83.92857142857143
d,D000335,0,81.65137614678899
d,D000336,0,88.30303030303031
d,D000337,1,43.69444444444444
d,D000338,0,57.80645161290323
d,D000339,0,76.78108108108108
d,D000340,0,52.01076923076924
d,D000341,0,9.87741935483871
d,D000342,1,40.2063492063492
d,D000343,0,89.23076923076924
d,D000344,0,83.33333333333334
d,D000345,0,74.81481481481481
d,D000346,0,92.6829268292683
d,D000347,0,53.44411764705882
d,D000348,0,75.75757575757575
d,D000349,0,89.35932203389831
d,D000350,0,62.5
d,D000351,0,46.04255319148936
d,D000352,1,62.0
d,D000353,0,31.930232558139537
d,D000354,0,58.13809523809523
d,D000355,0,96.3
d,D000356,0,86.48648648648648
d,D000357,0,37.49122807017544
d,D000358,0,77.6923076923077
d,D000359,0,90.44444444444444
d,D000360,0,75.16499999999999
d,D000361,0,64.5701754385965
d,D000362,0,58.8
d,D000363,1,55.80681818181819
d,D000364,0,86.25
d,D000365,0,44.336283185840706
d,D000366,0,81.13653846153846
d,D000367,0,74.28571428571429
d,D000368,1,65.0
d,D000369,0,74.63181818181819
d,D000370,0,74.48979591836735
d,D000371,0,49.06086956521739
d,D000372,0,77.17391304347827
d,D000373,0,37.21320754716981
d,D000374,0,80.20833333333334
d,D000375,0,55.41975308641975
d,D000376,0,69.55
d,D000377,0,82.22222222222221
d,D000378,0,32.5
d,D000379,0,50.847457627118644
d,D000380,0,29.40344827586206
d,D000381,0,86.20689655172413
d,D000382,0,88.23529411764706
d,D000383,0,53.52
d,D000384,0,88.27419354838709
d,D000385,0,51.94915254237288
d,D000386,0,57.371428571428574
d,D000387,0,47.14285714285714
d,D000388,1,83.72093023255815
d,D000389,0,30.47142857142857
d,D000390,0,92.10526315789473
d,D000391,1,86.11111111111111
d,D000392,0,82.10666666666667
d,D000393,0,78.94736842105263
d,D000394,0,82.47608695652174
d,D000395,1,79.0
d,D000396,0,72.58064516129032
d,D000397,0,91.38684210526314
d,D000398,0,67.91224489795918
d,D000399,0,99.71666666666667
d,D000400,0,81.81818181818183
d,D000401,0,59.644444444444446
d,D000402,0,61.484848484848484
d,D000403,0,83.78378378378379
d,D000404,0,37.512499999999996
d,D000405,0,81.25
d,D000406,0,88.46153846153845
d,D000407,0,79.33421052631579
d,D000408,0,79.41176470588235
d,D000409,0,89.77272727272727
d,D000410,0,80.0
d,D000411,1,11.157894736842099
d,D000412,0,63.457142857142856
d,D000413,0,81.57894736842105
d,D000414,0,97.2972972972973
d,D000415,0,62.92105263157895
d,D000416,0,78.43137254901961
d,D000417,0,30.5
d,D000418,0,85.0
d,D000419,0,69.23076923076923
d,D000420,0,47.083333333333336
d,D000421,0,1.55172413793103
d,D000422,1,46.53061224489796
d,D000423,0,58.52499999999999
d,D000424,1,41.475409836065566
d,D000425,0,78.82352941176471
d,D000426,0,90.90526315789472
d,D000427,0,91.7225352112676
d,D000428,0,86.2909090909091
d,D000429,0,60.95
d,D000430,0,62.2
d,D000431,1,54.761904761904766
d,D000432,0,22.23684210526315
d,D000433,0,54.82682926829268
d,D000434,0,89.92063492063492
d,D000435,0,82.66666666666667
d,D000436,1,79.82456140350878
d,D000437,0,58.96
d,D000438,0,64.28571428571429
d,D000439,0,51.41
d,D000440,1,80.3030303030303
d,D000441,0,87.32394366197182
d,D000442,0,2.25842696629213
d,D000443,0,88.23529411764706
d,D000444,1,90.47619047619048
d,D000445,0,78.77058823529411
d,D000446,0,61.37777777777777
d,D000447,1,63.73626373626373
d,D000448,1,41.7578947368421
d,D000449,0,61.26666666666666
d,D000450,0,83.72631578947369
d,D000451,0,72.0
d,D000452,1,25.115384615384613
d,D000453,0,82.22222222222221
d,D000454,0,85.54216867469879
d,D000455,1,63.05263157894737
d,D000456,0,66.66666666666666
d,D000457,0,94.15833333333332
d,D000458,1,82.75862068965517
d,D000459,0,77.27272727272727
d,D000460,0,84.81052631578947
d,D000461,0,84.21052631578947
d,D000462,0,62.478873239436616
d,D000463,0,70.5909090909091
d,D000464,1,78.33333333333333
d,D000465,0,75.51020408163265
d,D000466,0,82.72941176470589
d,D000467,0,57.15
d,D000468,0,69.23076923076923
d,D000469,0,85.71428571428571
d,D000470,0,75.0
d,D000471,0,60.627906976744185
d,D000472,0,53.84615384615385
d,D000473,0,85.85820895522389
d,D000474,0,78.17333333333335
d,D000475,0,87.5032786885246
d,D000476,0,68.796875
d,D000477,0,55.19230769230769
d,D000478,0,4.6109090909090895
d,D000479,0,48.67619047619047
d,D000480,1,53.05882352941176
d,D000481,1,40.98148148148148
d,D000482,0,85.18518518518519
d,D000483,1,70.9090909090909
d,D000484,0,41.71212121212121
d,D000485,0,46.67307692307692
d,D000486,0,51.561643835616444
d,D000487,0,82.56486486486486
d,D000488,0,59.638888888888886
d,D000489,0,82.1917808219178
d,D000490,0,57.47692307692308
d,D000491,0,77.85416666666666
d,D000492,0,88.67586206896551
d,D000493,0,25.152
d,D000494,0,57.514285714285705
d,D000495,0,29.411764705882348
d,D000496,1,50.78571428571429
d,D000497,0,87.5
d,D000498,0,72.72727272727273
d,D000499,0,76.37916666666666
d,D000500,0,40.7076923076923
d,D000501,0,57.985714285714295
d,D000502,0,100.0
d,D000503,0,90.446511627907
d,D000504,0,65.14651162790697
d,D000505,0,86.90476190476191
d,D000506,0,75.86206896551724
d,D000507,0,81.30081300813008
d,D000508,0,76.44
d,D000509,0,11.22261904761904
d,D000510,0,78.04878048780488
d,D000511,0,76.97841726618705
d,D000512,0,55.225
d,D000513,0,28.95454545454545
d,D000514,0,44.44545454545455
d,D000515,0,67.07
d,D000516,0,89.83018867924528
d,D000517,0,76.08695652173914
d,D000518,1,46.27184466019417
d,D000519,0,91.29824561403508
d,D000520,0,51.07826086956522
d,D000521,0,56.540476190476184
d,D000522,1,59.25925925925925
d,D000523,0,90.47619047619048
d,D000524,0,66.0
d,D000525,0,89.632
d,D000526,0,88.76404494382022
d,D000527,0,82.6923076923077
d,D000528,0,83.33333333333334
d,D000529,0,84.06829268292684
d,D000530,0,78.44444444444444
d,D000531,0,77.23157894736842
d,D000532,0,97.82608695652173
d,D000533,0,87.5
d,D000534,0,56.57943925233645
d,D000535,0,74.04333333333334
d,D000536,0,47.339130434782604
d,D000537,0,71.875
d,D000538,0,43.125
d,D000539,0,33.67631578947369
d,D000540,0,40.93589743589743
d,D000541,0,34.66428571428571
d,D000542,0,46.83030303030303
d,D000543,0,74.9108695652174
d,D000544,0,85.36585365853658
d,D000545,0,37.0
d,D000546,1,73.88535031847134
d,D000547,0,63.036144578313255
d,D000548,0,44.827586206896555
d,D000549,0,78.26086956521739
d,D000550,0,73.4
d,D000551,0,86.88524590163934
d,D000552,0,75.14792899408283
d,D000553,0,84.61538461538461
d,D000554,0,82.6409090909091
d,D000555,0,56.9375
d,D000556,0,79.35416666666667
d,D000557,0,85.990625
d,D000558,1,77.77777777777779
d,D000559,0,84.44444444444444
d,D000560,0,80.0
d,D000561,0,77.35714285714286
d,D000562,0,76.92307692307693
d,D000563,0,13.363636363636362
d,D000564,0,82.05128205128204
d,D000565,0,85.63461538461539
d,D000566,0,85.85909090909091
d,D000567,0,74.68354430379746
d,D000568,0,53.36363636363637
d,D000569,0,53.06122448979592
d,D000570,0,89.21228070175438
d,D000571,1,74.07407407407408
d,D000572,0,82.6923076923077
d,D000573,0,56.40625
d,D000574,0,56.00000000000001
d,D000575,0,88.23529411764706
d,D000576,0,17.76699029126213
d,D000577,0,79.16666666666666
d,D000578,0,85.26315789473684
d,D000579,0,69.25
d,D000580,0,76.62941176470588
d,D000581,0,96.12962962962962
d,D000582,1,41.194444444444436
d,D000583,0,63.153846153846146
d,D000584,0,62.61470588235295
d,D000585,0,80.44285714285715
d,D000586,0,59.514285714285705
d,D000587,0,81.81818181818183
d,D000588,0,90.27777777777779
d,D000589,0,41.66666666666667
d,D000590,0,100.0
d,D000591,0,37.77777777777777
d,D000592,0,94.95609756097562
d,D000593,0,39.56428571428571
d,D000594,0,91.13924050632912
d,D000595,0,70.0
d,D000596,0,87.00408163265305
d,D000597,0,81.81818181818183
d,D000598,1,62.2
d,D000599,1,55.36111111111111
d,D000600,0,97.87234042553192
d,D000601,0,49.023333333333326
d,D000602,0,83.33333333333334
d,D000603,0,66.19047619047619
d,D000604,0,87.05882352941177
d,D000605,0,90.27777777777779
d,D000606,0,77.77777777777779
d,D000607,0,61.727272727272734
d,D000608,0,83.33333333333334
d,D000609,0,55.269230769230774
d,D000610,0,66.57272727272728
d,D000611,0,58.45
d,D000612,0,89.36170212765957
d,D000613,1,64.83132530120483
d,D000614,0,94.11764705882352
d,D000615,0,72.72727272727273
d,D000616,0,42.85714285714285
d,D000617,0,79.77272727272727
d,D000618,0,83.69565217391305
d,D000619,0,78.57142857142857
d,D000620,1,80.32786885245902
d,D000621,0,92.85714285714286
d,D000622,0,80.0
d,D000623,0,50.98571428571429
d,D000624,0,76.47058823529412
d,D000625,0,90.32258064516128
d,D000626,0,95.91836734693877
d,D000627,0,80.93932584269663
d,D000628,0,77.96610169491525
d,D000629,0,95.1
d,D000630,0,55.86734693877551
d,D000631,1,67.97435897435898
d,D000632,0,61.53846153846154
d,D000633,0,88.3
d,D000634,0,59.371428571428574
d,D000635,0,82.53968253968253
d,D000636,0,79.7875
d,D000637,0,77.9468085106383
d,D000638,0,94.31666666666666
d,D000639,0,100.0
d,D000640,0,83.82352941176471
d,D000641,0,29.50819672131147
d,D000642,0,7.943820224719101
d,D000643,1,42.3125
d,D000644,0,68.96551724137932
d,D000645,0,92.768
d,D000646,1,42.16666666666666
d,D000647,0,82.13571428571429
d,D000648,0,8.4375
d,D000649,0,40.546875
d,D000650,0,80.64516129032258
d,D000651,0,66.66666666666666
d,D000652,0,57.64285714285714
d,D000653,0,92.74920634920636
d,D000654,1,39.88888888888888
d,D000655,0,78.10650887573965
d,D000656,0,59.8
d,D000657,0,85.41666666666666
d,D000658,0,54.45901639344262
d,D000659,0,55.300000000000004
d,D000660,0,82.92682926829268
d,D000661,1,69.64285714285714
d,D000662,0,77.72222222222221
d,D000663,1,86.48648648648648
d,D000664,0,64.0
d,D000665,0,59.375
d,D000666,0,23.85227272727272
d,D000667,1,76.38888888888889
d,D000668,0,80.88235294117648
d,D000669,0,36.43414634146341
d,D000670,0,49.68181818181818
d,D000671,0,73.17073170731707
d,D000672,0,79.16666666666666
d,D000673,0,61.33333333333334
d,D000674,1,61.25000000000001
d,D000675,0,73.68421052631578
d,D000676,0,78.50588235294119
d,D000677,0,31.79310344827586
d,D000678,0,77.77777777777779
d,D000679,0,86.88524590163934
d,D000680,0,86.94923076923078
d,D000681,1,63.45238095238095
d,D000682,0,90.51551724137931
d,D000683,1,77.77777777777779
d,D000684,0,93.1297709923664
d,D000685,0,78.94736842105263
d,D000686,0,100.0
d,D000687,1,50.882352941176464
d,D000688,0,68.61538461538461
d,D000689,0,76.6
d,D000690,0,15.14285714285714
d,D000691,0,61.1764705882353
d,D000692,0,92.0
d,D000693,1,69.6551724137931
d,D000694,0,72.3076923076923
d,D000695,0,63.12727272727273
d,D000696,0,72.72727272727273
d,D000697,0,77.74516129032257
d,D000698,0,82.53968253968253
d,D000699,0,41.36363636363636
d,D000700,0,90.60000000000001
d,D000701,0,78.18181818181819
d,D000702,0,94.05151515151516
d,D000703,0,84.65531914893616
d,D000704,0,71.33333333333334
d,D000705,0,84.21052631578947
d,D000706,0,75.70256410256411
d,D000707,0,8.93823529411764
d,D000708,0,81.37058823529412
d,D000709,0,87.95180722891565
d,D000710,0,80.97037037037036
d,D000711,0,83.33333333333334
d,D000712,0,90.97857142857144
d,D000713,0,70.83333333333334
d,D000714,0,82.25806451612904
d,D000715,1,58.357142857142854
d,D000716,0,96.60294117647058
d,D000717,0,85.0
d,D000718,0,38.70103092783505
d,D000719,0,64.51612903225806
d,D000720,0,93.06521739130436
d,D000721,0,89.55223880597015
d,D000722,0,92.45283018867923
d,D000723,0,46.35384615384615
d,D000724,1,68.05555555555556
d,D000725,0,71.4054054054054
d,D000726,1,72.5
d,D000727,1,22.99999999999999
d,D000728,0,85.84070796460178
d,D000729,0,77.27272727272727
d,D000730,1,48.32876712328767
d,D000731,0,85.86666666666667
d,D000732,0,86.28717948717949
d,D000733,0,85.96491228070175
d,D000734,0,57.78666666666666
d,D000735,0,25.0
d,D000736,0,36.26296296296296
d,D000737,0,61.6
d,D000738,0,83.33333333333334
d,D000739,0,87.91538461538462
d,D000740,0,24.83870967741935
d,D000741,1,24.838235294117638
d,D000742,0,57.76470588235294
d,D000743,0,68.0111111111111
d,D000744,0,83.33333333333334
d,D000745,0,53.0
d,D000746,0,95.625
d,D000747,0,62.875
d,D000748,0,88.75
d,D000749,0,25.44285714285714
d,D000750,0,89.74358974358975
d,D000751,0,73.46721311475409
d,D000752,0,79.16666666666666
d,D000753,1,81.19658119658119
d,D000754,0,82.75862068965517
d,D000755,1,59.51162790697674
d,D000756,0,85.71428571428571
d,D000757,0,79.62954545454545
d,D000758,0,90.30434782608697
d,D000759,0,80.0
d,D000760,0,65.31147540983608
d,D000761,0,54.400000000000006
d,D000762,0,60.18181818181818
d,D000763,0,68.75
d,D000764,0,93.33333333333333
d,D000765,0,65.73750000000001
d,D000766,0,100.0
d,D000767,0,68.51666666666667
d,D000768,0,63.4
d,D000769,1,48.02380952380953
d,D000770,0,78.73939393939395
d,D000771,1,29.93650793650793
d,D000772,0,88.17254901960784
d,D000773,0,12.6
d,D000774,0,93.33333333333333
d,D000775,1,55.76470588235294
d,D000776,0,52.92
d,D000777,1,72.64150943396226
d,D000778,0,87.17948717948718
d,D000779,0,27.39130434782608
d,D000780,0,100.0
d,D000781,0,77.68595041322314
d,D000782,1,50.79166666666667
d,D000783,0,97.36842105263158
d,D000784,0,60.57746478873239
d,D000785,0,80.64516129032258
d,D000786,0,92.30769230769232
d,D000787,0,79.66
d,D000788,0,86.4
d,D000789,0,86.76470588235294
d,D000790,0,78.21782178217822
d,D000791,1,13.850000000000001
d,D000792,1,66.33333333333333
d,D000793,0,51.64000000000001
d,D000794,0,57.86868686868687
d,D000795,0,20.59148936170212
d,D000796,0,78.42857142857143
d,D000797,0,94.94361702127661
d,D000798,0,71.68378378378378
d,D000799,0,81.3953488372093
d,D000800,0,32.66666666666666
d,D000801,0,50.0
d,D000802,0,44.79565217391305
d,D000803,0,67.85714285714286
d,D000804,0,58.54545454545455
d,D000805,0,82.75862068965517
d,D000806,0,85.00689655172414
d,D000807,1,21.26530612244898
d,D000808,0,16.583333333333332
d,D000809,1,20.92753623188405
d,D000810,0,85.71428571428571
d,D000811,0,88.70967741935483
d,D000812,0,80.3921568627451
d,D000813,0,73.55371900826447
d,D000814,0,82.8125
d,D000815,0,100.0
d,D000816,0,79.54545454545455
d,D000817,0,69.40298507462687
d,D000818,0,78.37837837837837
d,D000819,0,53.69491525423729
d,D000820,0,82.5
d,D000821,0,60.10833333333333
d,D000822,0,76.47058823529412
d,D000823,0,87.17948717948718
d,D000824,0,58.74761904761905
d,D000825,0,56.25
d,D000826,0,78.54166666666667
d,D000827,0,59.526315789473685
d,D000828,0,50.25000000000001
d,D000829,0,76.62903225806451
d,D000830,0,89.58333333333334
d,D000831,0,83.33333333333334
d,D000832,0,85.71428571428571
d,D000833,1,52.61111111111112
d,D000834,0,97.14285714285714
d,D000835,0,95.55555555555556
d,D000836,1,29.78378378378378
d,D000837,0,99.06904761904762
d,D000838,0,84.97037037037038
d,D000839,0,91.08910891089108
d,D000840,0,22.82857142857143
d,D000841,0,99.91428571428573
d,D000842,1,79.06976744186046
d,D000843,0,87.84594594594594
d,D000844,0,62.02549019607842
d,D000845,1,48.82352941176471
d,D000846,0,89.74358974358975
d,D000847,0,70.37037037037037
d,D000848,1,67.56666666666666
d,D000849,0,63.65546218487395
d,D000850,0,83.33333333333334
d,D000851,0,100.0
d,D000852,0,91.47058823529412
d,D000853,0,65.38461538461539
d,D000854,0,88.63636363636364
d,D000855,0,84.33500000000001
d,D000856,0,63.2962962962963
d,D000857,0,60.731707317073166
d,D000858,0,60.037037037037045
d,D000859,0,75.33859649122807
d,D000860,0,91.17647058823528
d,D000861,0,100.0
d,D000862,0,58.44444444444444
d,D000863,0,87.47846153846154
d,D000864,0,63.648148148148145
d,D000865,1,46.06153846153846
d,D000866,0,100.0
d,D000867,0,74.11999999999999
d,D000868,0,88.23529411764706
d,D000869,0,48.9047619047619
d,D000870,0,55.55555555555556
d,D000871,0,63.294117647058826
d,D000872,0,56.09756097560976
d,D000873,0,89.58333333333334
d,D000874,0,74.07407407407408
d,D000875,0,74.4186046511628
d,D000876,0,88.42272727272727
d,D000877,0,75.0
d,D000878,0,76.40449438202246
d,D000879,0,63.888888888888886
d,D000880,1,52.0
d,D000881,0,76.11111111111111
d,D000882,0,97.66041666666668
d,D000883,0,59.684210526315795
d,D000884,0,89.1566265060241
d,D000885,0,60.0
d,D000886,0,81.13207547169812
d,D000887,0,44.5
d,D000888,1,33.94761904761905
d,D000889,0,72.47222222222223
d,D000890,0,82.75862068965517
d,D000891,0,86.0
d,D000892,0,81.81818181818183
d,D000893,0,72.74166666666666
d,D000894,0,92.49230769230769
d,D000895,0,76.92307692307693
d,D000896,0,90.87021276595746
d,D000897,0,82.61272727272727
d,D000898,0,49.87640449438202
d,D000899,0,81.57894736842105
d,D000900,1,81.13207547169812
d,D000901,0,74.28571428571429
d,D000902,0,53.24810126582279
d,D000903,0,80.18867924528303
d,D000904,0,59.7922077922078
d,D000905,0,43.4
d,D000906,0,43.64137931034483
d,D000907,0,37.12105263157895
d,D000908,0,80.59701492537313
d,D000909,0,71.42857142857143
d,D000910,0,86.74698795180723
d,D000911,0,85.0
d,D000912,0,66.66666666666666
d,D000913,0,83.38888888888889
d,D000914,0,83.78378378378379
d,D000915,0,83.39047619047619
d,D000916,0,90.0
d,D000917,0,98.42857142857142
d,D000918,0,44.97560975609756
d,D000919,0,87.5
d,D000920,0,89.49346405228759
d,D000921,0,70.68064516129033
d,D000922,1,54.93103448275862
d,D000923,1,74.54545454545455
d,D000924,0,50.60317460317461
d,D000925,0,39.94545454545454
d,D000926,0,100.0
d,D000927,0,56.123333333333335
d,D000928,0,58.82352941176471
d,D000929,0,81.5
d,D000930,0,60.298850574712645
d,D000931,0,61.7
d,D000932,0,82.0
d,D000933,0,86.42222222222222
d,D000934,0,85.27777777777777
d,D000935,0,89.88235294117646
d,D000936,0,64.04385964912281
d,D000937,0,27.32954545454545
d,D000938,0,25.914285714285718
d,D000939,1,72.22222222222221
d,D000940,1,25.448275862068957
d,D000941,1,54.333333333333336
d,D000942,0,46.53125
d,D000943,0,71.85000000000001
d,D000944,0,74.98571428571428
d,D000945,0,84.76190476190476
d,D000946,0,51.776923076923076
d,D000947,0,100.0
d,D000948,0,84.61538461538461
d,D000949,0,83.33333333333334
d,D000950,1,35.33333333333333
d,D000951,0,75.0
d,D000952,0,76.36363636363637
d,D000953,1,59.85897435897436
d,D000954,0,72.41379310344827
d,D000955,0,81.76100628930818
d,D000956,0,95.9504132231405
d,D000957,0,86.95652173913044
d,D000958,0,1.02631578947368
d,D000959,0,74.19354838709677
d,D000960,0,54.60833333333333
d,D000961,0,62.5
d,D000962,0,45.69565217391304
d,D000963,1,74.44444444444444
d,D000964,0,72.3
d,D000965,0,50.0
d,D000966,0,80.48780487804879
d,D000967,0,82.85714285714286
d,D000968,0,80.0
d,D000969,0,78.72340425531915
d,D000970,0,92.1157894736842
d,D000971,0,84.6
d,D000972,0,69.56756756756756
d,D000973,0,100.0
d,D000974,0,52.53333333333333
d,D000975,0,69.83333333333334
d,D000976,0,80.95238095238095
d,D000977,0,88.42975206611571
d,D000978,0,70.0
d,D000979,0,27.76785714285714
d,D000980,0,82.11509433962264
d,D000981,1,17.14285714285714
d,D000982,0,66.3
d,D000983,0,91.66666666666666
d,D000984,0,23.03373493975903
d,D000985,0,79.71014492753623
d,D000986,0,87.2
d,D000987,0,83.33333333333334
d,D000988,0,82.22222222222221
d,D000989,0,50.0
d,D000990,0,90.55725806451612
d,D000991,0,35.92758620689655
d,D000992,0,61.70967741935483
d,D000993,0,86.36363636363636
d,D000994,0,10.43809523809524
d,D000995,0,65.7887323943662
d,D000996,0,70.66666666666667
d,D000997,0,100.0
d,D000998,0,93.72727272727272
d,D000999,0,82.71604938271605
d,D001000,1,80.0
d,D001001,0,52.38095238095239
d,D001002,0,55.769230769230774
d,D001003,0,86.36363636363636
d,D001004,0,74.66666666666667
d,D001005,0,7.39663865546218
d,D001006,0,57.01063829787234
d,D001007,0,64.60176991150442
d,D001008,0,95.72857142857144
d,D001009,0,64.42857142857143
d,D001010,1,12.77611940298507
d,D001011,0,80.59701492537313
d,D001012,0,78.57142857142857
d,D001013,0,84.33734939759037
d,D001014,1,54.19230769230769
d,D001015,0,59.74666666666667
d,D001016,0,100.0
d,D001017,0,15.90714285714285
d,D001018,1,41.76923076923077
d,D001019,0,100.0
d,D001020,0,94.11764705882352
d,D001021,0,83.33333333333334
d,D001022,0,78.3560975609756
d,D001023,0,74.0
d,D001024,0,72.72727272727273
d,D001025,0,82.16363636363636
d,D001026,0,56.875
d,D001027,0,83.33333333333334
d,D001028,0,65.69117647058825
d,D001029,0,72.88135593220339
d,D001030,0,89.53421052631579
d,D001031,0,69.3219512195122
d,D001032,0,30.96551724137931
d,D001033,0,64.8936170212766
d,D001034,0,46.40860215053763
d,D001035,1,8.80555555555555
d,D001036,0,24.24642857142857
d,D001037,0,58.04347826086956
d,D001038,0,85.85384615384615
d,D001039,0,81.81818181818183
d,D001040,0,2.44032258064516
d,D001041,0,80.80000000000001
d,D001042,0,60.0
d,D001043,0,83.33333333333334
d,D001044,0,55.1
d,D001045,0,84.109375
d,D001046,0,75.0
d,D001047,0,80.50847457627118
d,D001048,1,64.75555555555556
d,D001049,0,59.680851063829785
d,D001050,0,57.073170731707314
d,D001051,0,74.78048780487805
d,D001052,0,88.57142857142857
d,D001053,0,70.18461538461538
d,D001054,0,59.25925925925925
d,D001055,0,53.55853658536586
d,D001056,0,77.56785714285715
d,D001057,0,83.63636363636363
d,D001058,0,12.1875
d,D001059,0,48.74358974358975
d,D001060,0,66.8076923076923
d,D001061,0,62.0
d,D001062,1,49.47619047619048
d,D001063,0,81.81818181818183
d,D001064,1,71.17117117117117
d,D001065,0,75.52592592592592
d,D001066,0,81.48148148148148
d,D001067,1,41.64130434782609
d,D001068,0,89.2734693877551
d,D001069,0,59.63703703703703
d,D001070,1,37.14285714285714
d,D001071,0,66.66666666666666
d,D001072,0,11.11111111111111
d,D001073,0,41.08695652173913
d,D001074,0,73.4375
d,D001075,0,81.42857142857143
d,D001076,0,93.87755102040816
d,D001077,1,63.73170731707317
d,D001078,1,67.24137931034483
d,D001079,0,70.37037037037037
d,D001080,0,83.21132075471698
d,D001081,0,88.05625
d,D001082,0,70.96774193548387
d,D001083,0,49.6
d,D001084,1,62.86666666666666
d,D001085,0,84.52380952380952
d,D001086,1,80.48780487804879
d,D001087,0,24.04838709677419
d,D001088,0,60.0
d,D001089,0,53.626666666666665
d,D001090,0,51.964285714285715
d,D001091,0,49.45070422535211
d,D001092,0,67.16666666666667
d,D001093,0,88.90714285714284
d,D001094,0,61.53333333333334
d,D001095,0,70.37037037037037
d,D001096,0,31.5
d,D001097,0,83.33333333333334
d,D001098,0,80.35454545454546
d,D001099,0,82.92682926829268
d,D001100,0,75.4032786885246
d,D001101,0,47.449999999999996
d,D001102,0,44.84285714285714
d,D001103,0,70.58823529411765
d,D001104,0,81.48333333333333
d,D001105,0,90.275
d,D001106,0,85.03018867924528
d,D001107,0,62.5
d,D001108,0,94.82592592592593
d,D001109,1,48.95652173913043
d,D001110,0,84.0
d,D001111,0,64.1025641025641
d,D001112,0,87.5
d,D001113,0,61.945454545454545
d,D001114,0,20.29729729729729
d,D001115,0,87.09677419354838
d,D001116,0,6.4
d,D001117,1,60.909090909090914
d,D001118,0,89.39393939393939
d,D001119,0,93.85
d,D001120,0,91.13613445378152
d,D001121,1,81.9047619047619
d,D001122,0,83.33333333333334
d,D001123,1,47.0
d,D001124,0,59.32352941176471
d,D001125,1,28.88043478260869
d,D001126,0,79.71014492753623
d,D001127,0,88.63888888888889
d,D001128,1,74.19354838709677
d,D001129,0,100.0
d,D001130,1,51.0
d,D001131,0,100.0
d,D001132,0,80.0
d,D001133,1,52.21052631578947
d,D001134,0,97.516
d,D001135,0,75.88444444444445
d,D001136,1,75.43859649122807
d,D001137,0,81.6
d,D001138,1,76.28865979381443
d,D001139,0,48.62499999999999
d,D001140,0,93.33333333333333
d,D001141,0,72.97297297297297
d,D001142,0,90.99259259259259
d,D001143,1,62.96491228070175
d,D001144,0,64.11764705882354
d,D001145,1,57.631578947368425
d,D001146,0,90.02093023255814
d,D001147,0,59.55454545454546
d,D001148,0,86.25
d,D001149,1,8.52941176470588
d,D001150,0,9.88611111111111
d,D001151,1,52.60227272727273
d,D001152,0,60.260000000000005
d,D001153,0,89.53170731707316
d,D001154,0,85.18518518518519
d,D001155,0,89.13043478260869
d,D001156,0,38.08108108108108
d,D001157,0,27.509803921568622
d,D001158,0,65.38461538461539
d,D001159,0,85.71428571428571
d,D001160,0,61.6
d,D001161,0,69.94736842105263
d,D001162,0,100.0
d,D001163,0,84.0
d,D001164,0,84.375
d,D001165,0,59.550000000000004
d,D001166,0,37.5
d,D001167,0,75.0
d,D001168,0,43.3
d,D001169,1,53.191489361702125
d,D001170,0,21.1551724137931
d,D001171,1,52.733333333333334
d,D001172,0,90.625
d,D001173,0,60.37735849056604
d,D001174,1,50.81967213114754
d,D001175,0,75.0
d,D001176,1,42.59090909090908
d,D001177,1,75.53191489361703
d,D001178,0,57.57575757575758
d,D001179,0,67.25909090909092
d,D001180,0,55.620689655172406
d,D001181,0,88.75
d,D001182,1,25.070175438596483
d,D001183,0,82.92682926829268
d,D001184,0,100.0
d,D001185,1,10.697674418604649
d,D001186,0,84.61538461538461
d,D001187,0,80.0
d,D001188,0,6.640909090909091
d,D001189,0,63.46279069767442
d,D001190,1,51.026315789473685
d,D001191,1,94.87179487179488
d,D001192,0,73.80952380952381
d,D001193,0,68.33203883495146
d,D001194,0,75.0
d,D001195,1,70.54263565891473
d,D001196,0,46.14615384615385
d,D001197,0,62.406779661016955
d,D001198,0,81.57894736842105
d,D001199,0,92.56521739130434
d,D001200,0,82.08
d,D001201,0,82.6086956521739
d,D001202,0,86.72566371681415
d,D001203,0,70.58823529411765
d,D001204,0,33.460869565217386
d,D001205,0,55.88235294117647
d,D001206,0,57.05128205128205
d,D001207,0,80.35714285714286
d,D001208,0,89.36170212765957
d,D001209,0,66.6086956521739
d,D001210,0,21.08695652173912
d,D001211,0,88.63636363636364
d,D001212,0,78.78787878787878
d,D001213,0,72.09302325581395
d,D001214,0,20.521875
d,D001215,0,82.75862068965517
d,D001216,0,94.44444444444444
d,D001217,0,80.95238095238095
d,D001218,0,72.56875000000001
d,D001219,0,96.875
d,D001220,0,87.5
d,D001221,0,27.6375
d,D001222,0,62.3404255319149
d,D001223,0,84.95777777777778
d,D001224,0,78.04878048780488
d,D001225,0,82.35294117647058
d,D001226,1,93.10344827586208
d,D001227,0,3.18181818181818
d,D001228,0,83.58033707865168
d,D001229,0,75.39569892473118
d,D001230,0,67.13333333333334
d,D001231,0,100.0
d,D001232,0,90.90909090909092
d,D001233,0,43.12380952380952
d,D001234,0,97.22222222222221
d,D001235,0,34.85199999999999
d,D001236,0,3.55714285714285
d,D001237,0,89.91034482758621
d,D001238,0,48.6891304347826
d,D001239,0,51.45384615384615
d,D001240,0,35.81954887218045
d,D001241,0,65.67164179104478
d,D001242,0,82.94516129032259
d,D001243,0,79.06976744186046
d,D001244,0,55.952380952380956
d,D001245,1,73.7864077669903
d,D001246,0,83.305
d,D001247,0,50.0
d,D001248,0,84.21052631578947
d,D001249,0,81.14754098360656
d,D001250,0,61.513793103448265
d,D001251,1,77.21518987341773
d,D001252,1,45.22727272727272
d,D001253,0,58.13333333333334
d,D001254,0,100.0
d,D001255,0,74.06
d,D001256,0,91.53061224489795
d,D001257,0,87.0
d,D001258,0,64.1025641025641
d,D001259,0,100.0
d,D001260,0,80.43478260869566
d,D001261,0,89.42307692307693
d,D001262,0,42.66666666666666
d,D001263,0,90.558
d,D001264,0,81.95488721804512
d,D001265,0,87.87878787878788
d,D001266,0,55.82083333333333
d,D001267,0,83.33333333333334
d,D001268,0,27.39024390243902
d,D001269,1,8.83720930232558
d,D001270,0,95.2608695652174
d,D001271,0,10.0
d,D001272,0,78.22280701754386
d,D001273,0,88.47222222222223
d,D001274,0,52.76153846153846
d,D001275,0,15.742857142857138
d,D001276,0,14.399999999999999
d,D001277,0,62.216981132075475
d,D001278,1,83.33333333333334
d,D001279,0,89.22444444444444
d,D001280,0,84.31372549019608
d,D001281,0,64.16923076923078
d,D001282,0,100.0
d,D001283,0,74.0
d,D001284,0,57.48275862068966
d,D001285,0,94.44230769230768
d,D001286,0,100.0
d,D001287,0,79.7752808988764
d,D001288,1,76.19047619047619
d,D001289,1,87.5
d,D001290,0,63.81666666666666
d,D001291,0,82.08955223880598
d,D001292,0,64.2578947368421
d,D001293,0,55.55555555555556
d,D001294,0,89.70588235294117
d,D001295,0,66.66666666666666
d,D001296,0,85.83888888888889
d,D001297,0,75.0
d,D001298,0,89.66666666666666
d,D001299,0,81.53846153846153
d,D001300,1,86.8421052631579
d,D001301,1,53.2
d,D001302,0,56.033333333333324
d,D001303,0,7.37857142857142
d,D001304,0,88.69583333333333
d,D001305,0,82.35294117647058
d,D001306,0,73.9
d,D001307,0,87.75510204081633
d,D001308,0,86.79245283018868
d,D001309,0,57.340909090909086
d,D001310,0,84.74634146341464
d,D001311,0,68.18181818181817
d,D001312,0,50.0
d,D001313,1,9.049999999999999
d,D001314,1,22.5
d,D001315,1,35.82608695652174
d,D001316,0,12.38076923076923
d,D001317,0,85.12
d,D001318,1,55.596774193548384
d,D001319,0,91.11111111111111
d,D001320,0,68.04285714285714
d,D001321,0,54.1
d,D001322,0,68.25396825396825
d,D001323,0,82.44848484848485
d,D001324,0,87.8048780487805
d,D001325,0,76.36363636363637
d,D001326,0,82.5
d,D001327,0,80.3030303030303
d,D001328,0,86.26315789473684
d,D001329,0,85.54216867469879
d,D001330,1,48.64864864864865
d,D001331,1,86.99999999999999
d,D001332,1,45.800000000000004
d,D001333,0,44.26153846153846
d,D001334,1,72.41379310344827
d,D001335,0,83.52
d,D001336,1,52.066115702479344
d,D001337,0,2.05696202531645
d,D001338,0,94.36619718309859
d,D001339,0,86.22727272727272
d,D001340,0,18.0735294117647
d,D001341,0,74.75714285714285
d,D001342,0,95.00327868852459
d,D001343,0,78.74939759036144
d,D001344,0,68.56818181818181
d,D001345,0,56.45333333333333
d,D001346,0,73.46938775510205
d,D001347,0,80.71538461538462
d,D001348,0,63.63636363636363
d,D001349,0,82.54042553191489
d,D001350,0,88.75739644970415
d,D001351,1,82.22222222222221
d,D001352,0,96.92857142857144
d,D001353,0,82.07142857142857
d,D001354,0,83.09859154929578
d,D001355,0,71.11111111111111
d,D001356,0,60.31999999999999
d,D001357,0,79.62962962962963
d,D001358,1,56.525000000000006
d,D001359,0,79.67777777777778
d,D001360,0,77.48974358974358
d,D001361,0,93.62295081967213
d,D001362,0,77.31764705882354
d,D001363,0,80.0
d,D001364,0,88.23529411764706
d,D001365,0,77.77777777777779
d,D001366,0,78.38823529411765
d,D001367,0,91.42857142857143
d,D001368,0,50.0
d,D001369,0,73.91304347826086
d,D001370,0,77.77777777777779
d,D001371,0,89.85
d,D001372,1,49.9622641509434
d,D001373,0,50.0
d,D001374,0,85.1063829787234
d,D001375,0,71.325
d,D001376,0,86.8421052631579
d,D001377,1,100.0
d,D001378,0,75.29411764705883
d,D001379,0,85.18518518518519
d,D001380,0,77.41935483870968
d,D001381,0,97.69406779661016
d,D001382,0,81.81818181818183
d,D001383,1,29.55172413793103
d,D001384,0,85.7611111111111
d,D001385,0,55.149425287356316
d,D001386,0,84.06666666666666
d,D001387,0,70.31052631578947
d,D001388,1,53.450980392156865
d,D001389,0,52.92027027027027
d,D001390,0,75.95301204819278
d,D001391,0,44.71875
d,D001392,0,73.20392156862746
d,D001393,0,30.93617021276595
d,D001394,0,92.08108108108108
d,D001395,0,54.50000000000001
d,D001396,0,72.75151515151515
d,D001397,0,16.8125
d,D001398,0,85.85858585858585
d,D001399,1,81.31868131868131
d,D001400,0,77.95
d,D001401,0,79.16666666666666
d,D001402,0,92.76071428571429
d,D001403,1,51.36363636363637
d,D001404,0,52.064516129032256
d,D001405,0,57.75
d,D001406,0,86.36363636363636
d,D001407,0,62.71428571428571
d,D001408,0,70.24415584415584
d,D001409,0,87.09677419354838
d,D001410,0,88.91538461538461
d,D001411,0,80.43478260869566
d,D001412,0,82.5
d,D001413,0,18.825
d,D001414,0,91.61
d,D001415,0,100.0
d,D001416,0,97.975
d,D001417,0,100.0
d,D001418,0,92.97826086956522
d,D001419,0,60.95714285714286
d,D001420,0,82.18181818181817
d,D001421,0,85.1063829787234
d,D001422,0,28.000000000000004
d,D001423,0,43.24444444444444
d,D001424,0,61.78688524590164
d,D001425,0,82.14285714285714
d,D001426,0,53.91666666666667
d,D001427,0,91.12916666666666
d,D001428,0,73.33333333333333
d,D001429,0,84.05797101449275
d,D001430,1,29.697674418604652
d,D001431,0,44.775510204081634
d,D001432,0,93.02325581395348
d,D001433,0,57.95652173913044
d,D001434,0,30.07604166666667
d,D001435,1,41.57843137254902
d,D001436,0,59.41463414634146
d,D001437,0,86.02727272727273
d,D001438,0,78.94736842105263
d,D001439,0,100.0
d,D001440,0,53.53333333333333
d,D001441,0,75.02187500000001
d,D001442,0,80.0
d,D001443,0,51.5625
d,D001444,0,55.657446808510635
d,D001445,0,75.0
d,D001446,0,52.31428571428572
d,D001447,0,61.65384615384616
d,D001448,0,35.661904761904765
d,D001449,0,50.36842105263158
d,D001450,0,66.25797101449275
d,D001451,0,81.65777777777778
d,D001452,0,47.78333333333334
d,D001453,0,74.90454545454544
d,D001454,0,86.36363636363636
d,D001455,0,90.19607843137256
d,D001456,1,78.02197802197803
d,D001457,0,88.0
d,D001458,0,96.875
d,D001459,0,87.6923076923077
d,D001460,0,89.28571428571429
d,D001461,0,78.51428571428572
d,D001462,0,57.14285714285714
d,D001463,0,87.5
d,D001464,0,93.18181818181817
d,D001465,0,75.75757575757575
d,D001466,1,4.72222222222222
d,D001467,0,68.62499999999999
d,D001468,0,15.18965517241379
d,D001469,0,94.55128205128204
d,D001470,0,55.400000000000006
d,D001471,0,70.5
d,D001472,0,84.81012658227847
d,D001473,0,71.2
d,D001474,0,81.81818181818183
d,D001475,0,82.35294117647058
d,D001476,0,61.53719008264462
d,D001477,0,84.21052631578947
d,D001478,1,40.0
d,D001479,0,61.199999999999996
d,D001480,0,80.95238095238095
d,D001481,0,0.18264840182648
d,D001482,0,88.0142857142857
d,D001483,0,89.0625
d,D001484,0,87.5
d,D001485,0,48.0
d,D001486,0,83.33333333333334
d,D001487,0,100.0
d,D001488,0,86.79245283018868
d,D001489,0,100.0
d,D001490,0,25.818181818181817
d,D001491,0,90.25272727272728
d,D001492,0,63.41463414634146
d,D001493,1,87.3015873015873
d,D001494,0,56.666666666666664
d,D001495,0,75.67567567567568
d,D001496,1,84.90566037735849
d,D001497,0,39.371875
d,D001498,0,40.5125
d,D001499,0,90.19607843137256
d,D001500,0,90.99099099099101
d,D001501,0,68.20833333333334
d,D001502,0,77.38095238095238
d,D001503,0,85.13513513513513
d,D001504,0,6.4
d,D001505,0,83.00357142857143
d,D001506,0,61.04871794871796
d,D001507,1,56.07142857142857
d,D001508,0,48.689655172413794
d,D001509,1,49.0
d,D001510,0,61.595454545454544
d,D001511,0,78.94736842105263
d,D001512,0,80.0
d,D001513,0,73.33333333333334
d,D001514,0,49.15483870967742
d,D001515,0,98.75
d,D001516,0,41.3076923076923
d,D001517,0,85.1063829787234
d,D001518,0,99.97857142857144
d,D001519,0,92.09090909090908
d,D001520,0,1.79130434782608
d,D001521,0,85.1063829787234
d,D001522,0,34.89117647058823
d,D001523,0,53.92156862745098
d,D001524,0,86.0
d,D001525,0,52.27272727272727
d,D001526,1,22.0
d,D001527,0,78.26086956521739
d,D001528,0,86.95652173913044
d,D001529,0,53.967213114754095
d,D001530,0,86.36363636363636
d,D001531,0,70.71428571428572
d,D001532,0,48.25925925925926
d,D001533,0,87.5
d,D001534,0,96.07692307692308
d,D001535,0,74.46808510638297
d,D001536,0,83.6734693877551
d,D001537,0,47.7625
d,D001538,0,60.50961538461539
d,D001539,0,49.62790697674418
d,D001540,0,82.75862068965517
d,D001541,1,71.7948717948718
d,D001542,0,88.88888888888889
d,D001543,0,87.17727272727272
d,D001544,0,9.0
d,D001545,0,42.51851851851852
d,D001546,0,98.8
d,D001547,0,84.78260869565217
d,D001548,0,54.054054054054056
d,D001549,0,64.42999999999999
d,D001550,0,57.14285714285714
d,D001551,0,46.07272727272727
d,D001552,0,50.0
d,D001553,0,72.72058823529413
d,D001554,0,59.37755102040816
d,D001555,0,81.25
d,D001556,0,90.90909090909092
d,D001557,0,92.74193548387096
d,D001558,0,92.10526315789473
d,D001559,0,89.1891891891892
d,D001560,0,56.01941747572816
d,D001561,0,80.44444444444446
d,D001562,0,59.777777777777786
d,D001563,0,34.84615384615385
d,D001564,0,14.28571428571428
d,D001565,0,82.35294117647058
d,D001566,0,82.6086956521739
d,D001567,0,73.68421052631578
d,D001568,0,66.39
d,D001569,0,57.975609756097555
d,D001570,0,70.0
d,D001571,0,62.15625
d,D001572,0,83.33333333333334
d,D001573,0,82.89999999999999
d,D001574,0,51.36585365853659
d,D001575,1,80.0
d,D001576,0,82.905
d,D001577,0,60.65573770491803
d,D001578,0,81.48148148148148
d,D001579,0,66.01724137931035
d,D001580,1,50.48936170212765
d,D001581,0,86.76470588235294
d,D001582,0,83.33333333333334
d,D001583,0,67.12328767123287
d,D001584,0,88.83085714285714
d,D001585,0,36.45714285714285
d,D001586,1,50.78947368421053
d,D001587,0,70.03333333333333
d,D001588,1,51.627906976744185
d,D001589,0,90.21739130434784
d,D001590,0,71.5
d,D001591,0,78.57142857142857
d,D001592,0,8.628571428571421
d,D001593,0,55.90909090909091
d,D001594,0,94.47826086956522
d,D001595,0,77.39130434782608
d,D001596,0,86.48648648648648
d,D001597,0,51.32
d,D001598,0,82.45614035087719
d,D001599,0,88.84615384615385
d,D001600,0,71.875
d,D001601,0,55.55555555555556
d,D001602,0,88.95238095238095
d,D001603,0,74.83333333333334
d,D001604,0,84.375
d,D001605,0,48.20652173913043
d,D001606,0,57.96363636363636
d,D001607,1,59.52336448598131
d,D001608,0,82.97872340425532
d,D001609,1,95.83333333333334
d,D001610,0,47.50434782608695
d,D001611,0,76.92307692307693
d,D001612,0,50.0
d,D001613,0,19.94444444444444
d,D001614,0,43.52941176470588
d,D001615,0,41.836734693877546
d,D001616,0,80.0
d,D001617,0,92.87142857142858
d,D001618,0,63.24545454545455
d,D001619,0,46.125
d,D001620,0,86.09230769230768
d,D001621,0,87.82272727272728
d,D001622,1,41.454545454545446
d,D001623,0,94.26229508196722
d,D001624,0,76.28205128205127
d,D001625,0,45.21176470588235
d,D001626,0,78.0952380952381
d,D001627,0,83.33333333333334
d,D001628,0,81.65137614678899
d,D001629,1,73.0
d,D001630,0,85.71428571428571
d,D001631,0,52.55384615384615
d,D001632,0,66.56
d,D001633,0,80.0
d,D001634,0,80.0
d,D001635,0,70.75555555555555
d,D001636,0,85.47
d,D001637,0,90.27777777777779
d,D001638,1,41.347826086956516
d,D001639,0,83.11688311688312
d,D001640,0,82.78260869565217
d,D001641,0,38.46153846153846
d,D001642,0,59.375
d,D001643,0,86.79245283018868
d,D001644,0,89.25619834710744
d,D001645,0,97.96000000000001
d,D001646,0,88.46153846153845
d,D001647,0,100.0
d,D001648,0,86.23720930232558
d,D001649,0,84.0
d,D001650,0,79.41176470588235
d,D001651,0,82.14285714285714
d,D001652,0,49.90769230769231
d,D001653,0,92.56198347107438
d,D001654,0,79.3103448275862
d,D001655,1,50.137931034482754
d,D001656,0,96.25333333333333
d,D001657,0,89.33333333333334
d,D001658,0,89.57272727272726
d,D001659,0,76.27118644067797
d,D001660,0,30.22857142857142
d,D001661,0,72.04301075268818
d,D001662,0,33.50993377483444
d,D001663,0,85.6509090909091
d,D001664,0,88.27292576419214
d,D001665,0,82.6086956521739
d,D001666,0,66.48636363636365
d,D001667,1,52.96153846153846
d,D001668,0,85.9
d,D001669,1,74.78991596638656
d,D001670,0,72.28857142857143
d,D001671,0,80.0
d,D001672,1,48.05681818181818
d,D001673,0,65.29464285714285
d,D001674,0,83.2388888888889
d,D001675,0,46.586206896551715
d,D001676,0,20.080000000000002
d,D001677,0,63.125
d,D001678,0,91.17647058823528
d,D001679,0,67.07142857142857
d,D001680,0,92.89940828402368
d,D001681,1,59.78378378378378
d,D001682,0,73.33333333333333
d,D001683,0,86.82307692307691
d,D001684,0,91.30434782608697
d,D001685,0,74.35897435897436
d,D001686,0,61.94871794871795
d,D001687,1,70.0
d,D001688,1,52.36170212765957
d,D001689,0,82.14285714285714
d,D001690,0,82.6530612244898
d,D001691,1,78.8135593220339
d,D001692,0,50.0
d,D001693,0,60.30612244897959
d,D001694,0,88.58425196850393
d,D001695,0,67.3076923076923
d,D001696,0,66.66666666666666
d,D001697,0,54.54545454545454
d,D001698,0,64.28571428571429
d,D001699,0,91.05
d,D001700,1,46.954545454545446
d,D001701,1,0.49425287356321
d,D001702,0,70.29702970297029
d,D001703,0,87.65113636363637
d,D001704,0,96.9782608695652
d,D001705,0,98.59767441860464
d,D001706,0,64.0125
d,D001707,0,62.72
d,D001708,0,94.54545454545455
d,D001709,1,85.36585365853658
d,D001710,0,79.42545454545454
d,D001711,0,61.15217391304347
d,D001712,0,100.0
d,D001713,0,76.23529411764707
d,D001714,0,55.06818181818181
d,D001715,0,20.418181818181818
d,D001716,0,4.291666666666661
d,D001717,0,63.63636363636363
d,D001718,1,69.04761904761905
d,D001719,0,85.26785714285714
d,D001720,0,90.90909090909092
d,D001721,0,85.18181818181817
d,D001722,0,50.21621621621621
d,D001723,0,82.79569892473118
d,D001724,1,81.25
d,D001725,0,64.4625
d,D001726,0,81.91219512195123
d,D001727,0,47.22222222222222
d,D001728,0,63.63157894736842
d,D001729,0,5.51304347826087
d,D001730,0,3.6956521739130404
d,D001731,0,84.40125
d,D001732,0,47.599999999999994
d,D001733,0,90.84
d,D001734,0,72.3736842105263
d,D001735,0,86.66666666666667
d,D001736,0,65.5
d,D001737,0,75.79285714285714
d,D001738,0,81.25
d,D001739,0,85.90604026845638
d,D001740,0,54.28571428571429
d,D001741,0,84.48392857142856
d,D001742,0,71.57403846153846
d,D001743,0,51.59259259259259
d,D001744,1,54.645161290322584
d,D001745,0,66.66666666666666
d,D001746,0,86.53846153846155
d,D001747,0,63.31818181818182
d,D001748,0,82.75862068965517
d,D001749,0,98.22716049382716
d,D001750,0,86.0
d,D001751,0,96.3
d,D001752,0,15.35
d,D001753,1,83.91608391608392
d,D001754,0,88.37659574468086
d,D001755,0,100.0
d,D001756,0,100.0
d,D001757,0,87.97045454545454
d,D001758,0,49.03953488372093
d,D001759,0,87.34177215189874
d,D001760,0,76.99115044247787
d,D001761,0,7.77049180327868
d,D001762,1,84.05797101449275
d,D001763,0,84.78260869565217
d,D001764,1,71.81818181818183
d,D001765,0,48.236231884057965
d,D001766,1,82.97872340425532
d,D001767,0,15.236363636363631
d,D001768,0,78.57142857142857
d,D001769,0,6.45466666666666
d,D001770,0,92.2
d,D001771,0,94.52924528301885
d,D001772,0,56.52173913043478
d,D001773,0,100.0
d,D001774,0,53.2
d,D001775,0,73.40357142857144
d,D001776,0,79.06976744186046
d,D001777,0,89.45272727272727
d,D001778,1,61.111111111111114
d,D001779,1,41.25
d,D001780,1,78.89908256880734
d,D001781,0,87.37727272727273
d,D001782,1,48.91428571428571
d,D001783,0,53.04761904761905
d,D001784,0,50.6060606060606
d,D001785,0,62.192982456140356
d,D001786,0,89.33333333333334
d,D001787,1,79.41176470588235
d,D001788,0,84.86666666666666
d,D001789,0,97.78947368421052
d,D001790,0,90.58333333333331
d,D001791,0,50.228571428571435
d,D001792,0,88.23529411764706
d,D001793,0,91.00434782608696
d,D001794,0,4.73333333333333
d,D001795,0,72.63437499999999
d,D001796,0,84.93150684931507
d,D001797,0,80.0
d,D001798,0,74.85714285714286
d,D001799,0,79.24528301886792
d,D001800,0,88.0
d,D001801,0,100.0
d,D001802,0,80.67226890756302
d,D001803,0,92.72727272727272
d,D001804,0,61.0
d,D001805,0,61.75000000000001
d,D001806,0,88.36428571428571
d,D001807,0,88.49375
d,D001808,0,72.41379310344827
d,D001809,0,87.6875
d,D001810,0,64.171875
d,D001811,0,81.13207547169812
d,D001812,0,87.9283950617284
d,D001813,0,89.87341772151899
d,D001814,0,74.35897435897436
d,D001815,1,29.166666666666668
d,D001816,0,65.39574468085107
d,D001817,0,71.875
d,D001818,0,88.84545454545454
d,D001819,0,89.36170212765957
d,D001820,0,61.846153846153854
d,D001821,0,65.21739130434783
d,D001822,0,59.11764705882353
d,D001823,0,91.57818181818183
d,D001824,0,53.175
d,D001825,0,49.33333333333333
d,D001826,1,55.140186915887845
d,D001827,0,98.52380952380952
d,D001828,1,45.79166666666667
d,D001829,1,77.66990291262135
d,D001830,0,79.59183673469387
d,D001831,0,68.875
d,D001832,0,89.30817610062893
d,D001833,1,53.116883116883116
d,D001834,0,53.185185185185176
d,D001835,1,76.27118644067797
d,D001836,0,76.1027027027027
d,D001837,0,8.18064516129032
d,D001838,0,68.42307692307692
d,D001839,0,64.87037037037037
d,D001840,0,83.9622641509434
d,D001841,0,90.2719298245614
d,D001842,0,100.0
d,D001843,0,100.0
d,D001844,0,50.875
d,D001845,0,82.30645161290323
d,D001846,0,49.37777777777777
d,D001847,0,83.28148148148148
d,D001848,0,85.24461538461539
d,D001849,0,87.17948717948718
d,D001850,0,100.0
d,D001851,0,50.05882352941177
d,D001852,0,80.0
d,D001853,0,96.40333333333332
d,D001854,0,87.7388888888889
d,D001855,0,100.0
d,D001856,0,82.35294117647058
d,D001857,0,100.0
d,D001858,0,80.0
d,D001859,0,84.01739130434784
d,D001860,0,52.674418604651166
d,D001861,0,86.20689655172413
d,D001862,1,46.470588235294116
d,D001863,1,31.35714285714285
d,D001864,0,38.44594594594595
d,D001865,0,86.18421052631578
d,D001866,0,24.066666666666663
d,D001867,0,77.22772277227723
d,D001868,0,61.96969696969696
d,D001869,1,60.78333333333333
d,D001870,0,80.85106382978722
d,D001871,0,12.921052631578938
d,D001872,1,45.94
d,D001873,0,55.76712328767124
d,D001874,0,77.35849056603774
d,D001875,1,63.64705882352941
d,D001876,0,37.640625
d,D001877,0,85.71428571428571
d,D001878,0,65.71428571428571
d,D001879,0,65.50819672131148
d,D001880,0,83.0
d,D001881,0,83.13253012048193
d,D001882,0,44.28181818181818
d,D001883,0,91.82307692307691
d,D001884,0,75.0
d,D001885,0,93.10344827586208
d,D001886,1,31.961538461538456
d,D001887,0,63.74999999999999
d,D001888,0,54.71111111111111
d,D001889,0,83.33333333333334
d,D001890,0,82.6086956521739
d,D001891,0,75.9493670886076
d,D001892,0,87.92
d,D001893,0,44.385365853658534
d,D001894,0,94.1076923076923
d,D001895,0,72.22222222222221
d,D001896,1,45.3956043956044
d,D001897,0,61.53846153846154
d,D001898,0,81.25
d,D001899,0,75.70093457943925
d,D001900,0,58.06451612903226
d,D001901,0,66.42833333333333
d,D001902,1,60.45
d,D001903,0,65.90666666666667
d,D001904,0,100.0
d,D001905,0,79.81384615384614
d,D001906,0,80.14444444444445
d,D001907,0,89.38688524590165
d,D001908,0,86.62307692307692
d,D001909,0,30.82894736842105
d,D001910,0,84.21052631578947
d,D001911,1,57.199999999999996
d,D001912,0,82.55
d,D001913,0,82.01739130434783
d,D001914,0,78.73188405797102
d,D001915,0,97.63779527559055
d,D001916,0,77.77777777777779
d,D001917,0,85.00000000000001
d,D001918,0,92.6829268292683
d,D001919,0,79.66666666666666
d,D001920,0,92.30769230769232
d,D001921,0,65.04444444444445
d,D001922,0,34.68421052631579
d,D001923,0,97.2462962962963
d,D001924,0,94.22330097087378
d,D001925,0,14.16
d,D001926,0,100.0
d,D001927,0,89.41333333333333
d,D001928,1,49.94318181818182
d,D001929,0,67.21764705882353
d,D001930,0,30.65
d,D001931,1,50.28846153846154
d,D001932,0,70.3125
d,D001933,0,96.475
d,D001934,0,78.37837837837837
d,D001935,0,81.42857142857143
d,D001936,0,60.55263157894737
d,D001937,1,86.66666666666667
d,D001938,0,79.59183673469387
d,D001939,1,41.6
d,D001940,1,53.48484848484848
d,D001941,0,79.1044776119403
d,D001942,0,9.53061224489796
d,D001943,0,90.625
d,D001944,0,81.08108108108108
d,D001945,0,56.82191780821917
d,D001946,0,50.0
d,D001947,0,85.57692307692307
d,D001948,0,88.31168831168831
d,D001949,0,80.89032258064516
d,D001950,1,49.57364341085271
d,D001951,1,49.49230769230769
d,D001952,0,61.895833333333336
d,D001953,0,84.61538461538461
d,D001954,0,71.27272727272728
d,D001955,0,67.96
d,D001956,0,61.51290322580645
d,D001957,0,79.71111111111111
d,D001958,0,50.846153846153854
d,D001959,0,87.09677419354838
d,D001960,0,76.13636363636364
d,D001961,1,76.47058823529412
d,D001962,0,100.0
d,D001963,0,93.33333333333333
d,D001964,0,55.31395348837209
d,D001965,0,78.31052631578947
d,D001966,0,84.74000000000001
d,D001967,1,82.14285714285714
d,D001968,0,56.21904761904762
d,D001969,0,80.28333333333335
d,D001970,0,31.83333333333333
d,D001971,0,85.90487804878047
d,D001972,0,52.83018867924528
d,D001973,0,65.95744680851064
d,D001974,0,88.17857142857143
d,D001975,1,66.21249999999999
d,D001976,0,86.48648648648648
d,D001977,0,86.20689655172413
d,D001978,0,72.36842105263158
d,D001979,0,88.63636363636364
d,D001980,1,74.35897435897436
d,D001981,0,59.28
d,D001982,0,42.91139240506328
d,D001983,1,78.88888888888889
d,D001984,0,83.16831683168317
d,D001985,0,78.94736842105263
d,D001986,0,89.0909090909091
d,D001987,1,55.983050847457626
d,D001988,0,62.22916666666667
d,D001989,0,2.140625
d,D001990,0,93.33333333333333
d,D001991,1,59.19512195121951
d,D001992,0,75.79487179487178
d,D001993,0,72.72727272727273
d,D001994,0,62.11666666666667
d,D001995,0,67.94736842105263
d,D001996,0,84.12698412698413
d,D001997,0,59.477272727272734
d,D001998,0,58.82352941176471
d,D001999,0,90.81785714285714
d,D002000,0,86.66666666666667
d,D002001,0,84.78260869565217
d,D002002,0,64.28571428571429
d,D002003,0,78.06363636363636
d,D002004,0,60.49333333333333
d,D002005,0,73.855
d,D002006,0,60.471875
d,D002007,0,64.86486486486487
d,D002008,0,91.8918918918919
d,D002009,0,83.52368421052631
d,D002010,0,81.48148148148148
d,D002011,0,81.25
d,D002012,0,83.17
d,D002013,0,75.4
d,D002014,0,87.5
d,D002015,1,53.05194805194805
d,D002016,0,91.19496855345912
d,D002017,0,59.14285714285714
d,D002018,0,84.12698412698413
d,D002019,0,77.27272727272727
d,D002020,1,52.33333333333333
d,D002021,0,76.5625
d,D002022,0,88.0
d,D002023,0,66.66666666666666
d,D002024,0,76.19047619047619
d,D002025,1,22.14285714285714
d,D002026,0,100.0
d,D002027,1,36.44827586206897
d,D002028,0,27.138554216867462
d,D002029,0,75.0
d,D002030,0,75.72815533980582
d,D002031,1,49.0
d,D002032,0,23.68421052631578
d,D002033,0,55.07692307692308
d,D002034,1,53.71186440677966
d,D002035,0,58.965116279069775
d,D002036,0,72.52747252747253
d,D002037,0,68.0
d,D002038,0,62.01315789473685
d,D002039,0,59.66470588235294
d,D002040,0,72.41379310344827
d,D002041,0,62.0
d,D002042,0,82.73939393939393
d,D002043,0,45.872
d,D002044,0,48.68181818181818
d,D002045,0,85.29411764705883
d,D002046,0,77.0
d,D002047,0,48.23529411764705
d,D002048,0,86.73469387755102
d,D002049,0,80.81304347826087
d,D002050,0,87.43764705882353
d,D002051,0,55.69032258064516
d,D002052,0,52.470588235294116
d,D002053,0,54.308571428571426
d,D002054,0,99.03207547169812
d,D002055,0,47.93432835820895
d,D002056,0,62.430939226519335
d,D002057,0,33.36595744680851
d,D002058,0,66.55555555555556
d,D002059,1,78.50467289719626
d,D002060,0,68.75
d,D002061,0,47.87037037037037
d,D002062,0,22.258064516129032
d,D002063,0,56.83018867924529
d,D002064,1,73.13432835820896
d,D002065,0,69.9625
d,D002066,0,91.83673469387756
d,D002067,0,94.8468085106383
d,D002068,0,71.73913043478261
d,D002069,0,76.59574468085107
d,D002070,0,61.029411764705884
d,D002071,0,97.816
d,D002072,0,87.87878787878788
d,D002073,0,66.83793103448275
d,D002074,0,39.28571428571428
d,D002075,1,52.55769230769231
d,D002076,1,77.21518987341773
d,D002077,0,48.0
d,D002078,0,74.72527472527473
d,D002079,0,31.03448275862069
d,D002080,0,69.58571428571429
d,D002081,0,76.08695652173914
d,D002082,0,100.0
d,D002083,0,92.30769230769232
d,D002084,1,76.66666666666667
d,D002085,0,0.10695187165775
d,D002086,0,1.06404494382022
d,D002087,1,41.86046511627907
d,D002088,0,62.0
d,D002089,0,88.13461538461537
d,D002090,0,74.062
d,D002091,0,75.0
d,D002092,1,23.84210526315789
d,D002093,0,69.13820224719102
d,D002094,0,81.57894736842105
d,D002095,0,67.04761904761905
d,D002096,0,20.54545454545454
d,D002097,0,76.92307692307693
d,D002098,0,56.31818181818182
d,D002099,0,87.5
d,D002100,0,80.33115942028985
d,D002101,1,49.34375
d,D002102,0,90.10989010989012
d,D002103,0,92.28409090909089
d,D002104,0,86.9078125
d,D002105,0,58.666666666666664
d,D002106,0,93.07027027027029
d,D002107,0,80.0
d,D002108,1,48.85
d,D002109,0,55.2
d,D002110,0,87.42857142857143
d,D002111,1,64.27272727272727
d,D002112,0,81.70731707317073
d,D002113,1,28.87142857142857
d,D002114,0,64.18
d,D002115,0,57.27307692307693
d,D002116,0,82.15714285714286
d,D002117,0,89.6712
d,D002118,1,50.964285714285715
d,D002119,0,66.12727272727273
d,D002120,0,48.97166666666666
d,D002121,0,100.0
d,D002122,0,89.07563025210085
d,D002123,0,11.274666666666661
d,D002124,0,83.33333333333334
d,D002125,0,68.21428571428572
d,D002126,0,85.00142857142858
d,D002127,0,81.35121951219512
d,D002128,0,88.88888888888889
d,D002129,0,59.05263157894737
d,D002130,0,69.0
d,D002131,0,84.28571428571429
d,D002132,0,29.10588235294117
d,D002133,0,83.33333333333334
d,D002134,0,96.29268292682926
d,D002135,0,81.3953488372093
d,D002136,0,68.57142857142857
d,D002137,0,53.39081632653061
d,D002138,0,57.881355932203384
d,D002139,0,43.51388888888888
d,D002140,0,80.35714285714286
d,D002141,0,72.93103448275862
d,D002142,1,59.64
d,D002143,0,72.87105263157895
d,D002144,0,91.30434782608697
d,D002145,1,45.20689655172413
d,D002146,0,77.55102040816327
d,D002147,0,56.217241379310344
d,D002148,0,78.16091954022988
d,D002149,0,73.33333333333333
d,D002150,0,81.8
d,D002151,1,65.4320987654321
d,D002152,0,90.17333333333332
d,D002153,0,86.71
d,D002154,0,50.19565217391304
d,D002155,0,89.7196261682243
d,D002156,0,90.08264462809916
d,D002157,0,83.87096774193549
d,D002158,0,85.71428571428571
d,D002159,1,51.76
d,D002160,0,19.55813953488372
d,D002161,1,50.526315789473685
d,D002162,1,76.72413793103449
d,D002163,0,84.28571428571429
d,D002164,0,79.75
d,D002165,0,78.78787878787878
d,D002166,0,44.01190476190476
d,D002167,0,61.036363636363646
d,D002168,0,33.99999999999999
d,D002169,0,88.67924528301887
d,D002170,0,75.0
d,D002171,0,54.83870967741935
d,D002172,0,92.42424242424242
d,D002173,0,1.72692307692307
d,D002174,0,68.66666666666667
d,D002175,1,93.33333333333333
d,D002176,0,89.68333333333334
d,D002177,1,60.090909090909086
d,D002178,0,72.41379310344827
d,D002179,0,79.0234375
d,D002180,0,95.6
d,D002181,1,86.04651162790698
d,D002182,1,65.45454545454545
d,D002183,0,83.87096774193549
d,D002184,0,82.68156424581005
d,D002185,0,52.63157894736842
d,D002186,0,50.0
d,D002187,1,84.61538461538461
d,D002188,0,79.48717948717949
d,D002189,0,80.58648648648649
d,D002190,0,77.6542857142857
d,D002191,0,83.92857142857143
d,D002192,0,87.5
d,D002193,1,15.0
d,D002194,0,100.0
d,D002195,0,52.92307692307692
d,D002196,0,33.99999999999999
d,D002197,0,100.0
d,D002198,0,84.21052631578947
d,D002199,0,65.625
d,D002200,0,79.21904761904761
d,D002201,0,4.8
d,D002202,0,69.6969696969697
d,D002203,1,41.37333333333333
d,D002204,0,68.75
d,D002205,0,74.66666666666667
d,D002206,0,73.30000000000001
d,D002207,0,40.0063829787234
d,D002208,0,90.03103448275863
d,D002209,0,81.42857142857143
d,D002210,0,84.83703703703704
d,D002211,0,50.108108108108105
d,D002212,0,84.18333333333334
d,D002213,0,45.875
d,D002214,0,87.71428571428572
d,D002215,0,31.181818181818173
d,D002216,0,88.60759493670885
d,D002217,0,91.45128205128204
d,D002218,0,86.66666666666667
d,D002219,1,28.75342465753424
d,D002220,0,89.37068965517241
d,D002221,0,39.44999999999999
d,D002222,0,52.913888888888884
d,D002223,0,16.36811594202898
d,D002224,0,83.78378378378379
d,D002225,0,93.0
d,D002226,0,71.42857142857143
d,D002227,0,73.19230769230771
d,D002228,0,100.0
d,D002229,0,84.90566037735849
d,D002230,0,3.37878787878787
d,D002231,0,82.67878787878787
d,D002232,0,56.599999999999994
d,D002233,0,87.37864077669903
d,D002234,0,72.72727272727273
d,D002235,1,55.54736842105263
d,D002236,0,97.51428571428572
d,D002237,0,85.29411764705883
d,D002238,1,11.76470588235294
d,D002239,0,78.34074074074074
d,D002240,1,83.9572192513369
d,D002241,0,16.03448275862069
d,D002242,0,64.48
d,D002243,0,72.54901960784314
d,D002244,0,80.48780487804879
d,D002245,0,86.04651162790698
d,D002246,0,90.89473684210526
d,D002247,0,34.57386363636364
d,D002248,0,60.92307692307693
d,D002249,0,57.14285714285714
d,D002250,0,83.92857142857143
d,D002251,0,100.0
d,D002252,1,59.583333333333336
d,D002253,0,61.76470588235294
d,D002254,0,71.42857142857143
d,D002255,0,75.0
d,D002256,0,62.857142857142854
d,D002257,0,59.95084745762712
d,D002258,0,81.58461538461539
d,D002259,0,91.42857142857143
d,D002260,0,61.494444444444454
d,D002261,1,56.64516129032258
d,D002262,0,84.21052631578947
d,D002263,0,85.9375
