stage,group,propensity_score,density
Unmatched,Treatment (Solar),0.2383493284909178,0.2433962264150944
Unmatched,Treatment (Solar),0.23945372808926776,0.24716981132075455
Unmatched,Treatment (Solar),0.24055812768761772,0.24716981132075455
Unmatched,Treatment (Solar),0.24166252728596774,0.24905660377358485
Unmatched,Treatment (Solar),0.2427669268843177,0.25283018867924545
Unmatched,Treatment (Solar),0.2438713264826677,0.25283018867924545
Unmatched,Treatment (Solar),0.24497572608101767,0.2584905660377359
Unmatched,Treatment (Solar),0.24608012567936763,0.26603773584905666
Unmatched,Treatment (Solar),0.24718452527771764,0.2735849056603774
Unmatched,Treatment (Solar),0.2482889248760676,0.28113207547169816
Unmatched,Treatment (Solar),0.24939332447441756,0.2867924528301886
Unmatched,Treatment (Solar),0.2504977240727676,0.29245283018867907
Unmatched,Treatment (Solar),0.25160212367111756,0.2999999999999998
Unmatched,Treatment (Solar),0.2527065232694675,0.3075471698113206
Unmatched,Treatment (Solar),0.2538109228678175,0.3132075471698115
Unmatched,Treatment (Solar),0.25491532246616744,0.3226415094339621
Unmatched,Treatment (Solar),0.2560197220645175,0.33018867924528283
Unmatched,Treatment (Solar),0.25712412166286747,0.3377358490566036
Unmatched,Treatment (Solar),0.2582285212612174,0.34528301886792434
Unmatched,Treatment (Solar),0.2593329208595674,0.3528301886792451
Unmatched,Treatment (Solar),0.26043732045791734,0.36037735849056585
Unmatched,Treatment (Solar),0.2615417200562674,0.3679245283018866
Unmatched,Treatment (Solar),0.26264611965461737,0.37735849056603765
Unmatched,Treatment (Solar),0.26375051925296733,0.3849056603773584
Unmatched,Treatment (Solar),0.2648549188513173,0.39622641509433976
Unmatched,Treatment (Solar),0.26595931844966725,0.4018867924528302
Unmatched,Treatment (Solar),0.2670637180480172,0.41132075471698126
Unmatched,Treatment (Solar),0.2681681176463673,0.418867924528302
Unmatched,Treatment (Solar),0.26927251724471724,0.4283018867924526
Unmatched,Treatment (Solar),0.2703769168430672,0.4377358490566037
Unmatched,Treatment (Solar),0.27148131644141715,0.44716981132075473
Unmatched,Treatment (Solar),0.2725857160397671,0.4566037735849058
Unmatched,Treatment (Solar),0.2736901156381172,0.46415094339622653
Unmatched,Treatment (Solar),0.27479451523646714,0.47358490566037714
Unmatched,Treatment (Solar),0.2758989148348171,0.4830188679245282
Unmatched,Treatment (Solar),0.27700331443316706,0.49433962264150955
Unmatched,Treatment (Solar),0.278107714031517,0.5018867924528303
Unmatched,Treatment (Solar),0.279212113629867,0.5132075471698112
Unmatched,Treatment (Solar),0.28031651322821705,0.5226415094339623
Unmatched,Treatment (Solar),0.281420912826567,0.5339622641509432
Unmatched,Treatment (Solar),0.28252531242491696,0.5415094339622639
Unmatched,Treatment (Solar),0.2836297120232669,0.5528301886792453
Unmatched,Treatment (Solar),0.2847341116216169,0.5641509433962262
Unmatched,Treatment (Solar),0.28583851121996695,0.5735849056603772
Unmatched,Treatment (Solar),0.2869429108183169,0.5849056603773586
Unmatched,Treatment (Solar),0.28804731041666687,0.5943396226415092
Unmatched,Treatment (Solar),0.2891517100150168,0.6037735849056602
Unmatched,Treatment (Solar),0.2902561096133668,0.6150943396226416
Unmatched,Treatment (Solar),0.29136050921171686,0.6264150943396225
Unmatched,Treatment (Solar),0.2924649088100668,0.6377358490566039
Unmatched,Treatment (Solar),0.2935693084084168,0.6490566037735848
Unmatched,Treatment (Solar),0.29467370800676673,0.6603773584905661
Unmatched,Treatment (Solar),0.2957781076051167,0.671698113207547
Unmatched,Treatment (Solar),0.29688250720346665,0.6811320754716981
Unmatched,Treatment (Solar),0.2979869068018167,0.6924528301886794
Unmatched,Treatment (Solar),0.2990913064001667,0.7037735849056603
Unmatched,Treatment (Solar),0.30019570599851664,0.7150943396226417
Unmatched,Treatment (Solar),0.3013001055968666,0.7264150943396226
Unmatched,Treatment (Solar),0.30240450519521656,0.7377358490566039
Unmatched,Treatment (Solar),0.3035089047935666,0.7490566037735849
Unmatched,Treatment (Solar),0.3046133043919166,0.7603773584905662
Unmatched,Treatment (Solar),0.30571770399026654,0.7716981132075471
Unmatched,Treatment (Solar),0.3068221035886165,0.7830188679245285
Unmatched,Treatment (Solar),0.30792650318696646,0.7943396226415094
Unmatched,Treatment (Solar),0.3090309027853164,0.8075471698113206
Unmatched,Treatment (Solar),0.3101353023836665,0.8188679245283019
Unmatched,Treatment (Solar),0.31123970198201645,0.8301886792452828
Unmatched,Treatment (Solar),0.3123441015803664,0.8433962264150945
Unmatched,Treatment (Solar),0.31344850117871637,0.8528301886792451
Unmatched,Treatment (Solar),0.3145529007770663,0.8641509433962264
Unmatched,Treatment (Solar),0.3156573003754164,0.8773584905660377
Unmatched,Treatment (Solar),0.31676169997376635,0.888679245283019
Unmatched,Treatment (Solar),0.3178660995721163,0.9018867924528302
Unmatched,Treatment (Solar),0.31897049917046627,0.9132075471698111
Unmatched,Treatment (Solar),0.32007489876881623,0.9245283018867925
Unmatched,Treatment (Solar),0.3211792983671663,0.9358490566037734
Unmatched,Treatment (Solar),0.32228369796551626,0.9471698113207547
Unmatched,Treatment (Solar),0.3233880975638662,0.9584905660377356
Unmatched,Treatment (Solar),0.3244924971622162,0.9716981132075473
Unmatched,Treatment (Solar),0.32559689676056613,0.9830188679245282
Unmatched,Treatment (Solar),0.3267012963589161,0.9943396226415095
Unmatched,Treatment (Solar),0.32780569595726616,1.0075471698113208
Unmatched,Treatment (Solar),0.3289100955556161,1.0169811320754718
Unmatched,Treatment (Solar),0.3300144951539661,1.0283018867924527
Unmatched,Treatment (Solar),0.33111889475231604,1.039622641509434
Unmatched,Treatment (Solar),0.332223294350666,1.050943396226415
Unmatched,Treatment (Solar),0.33332769394901607,1.0660377358490565
Unmatched,Treatment (Solar),0.334432093547366,1.0754716981132075
Unmatched,Treatment (Solar),0.335536493145716,1.0886792452830187
Unmatched,Treatment (Solar),0.33664089274406594,1.0962264150943395
Unmatched,Treatment (Solar),0.3377452923424159,1.1075471698113208
Unmatched,Treatment (Solar),0.338849691940766,1.120754716981132
Unmatched,Treatment (Solar),0.33995409153911593,1.132075471698113
Unmatched,Treatment (Solar),0.3410584911374659,1.1433962264150943
Unmatched,Treatment (Solar),0.34216289073581585,1.1547169811320752
Unmatched,Treatment (Solar),0.3432672903341658,1.1660377358490566
Unmatched,Treatment (Solar),0.34437168993251577,1.1735849056603773
Unmatched,Treatment (Solar),0.34547608953086584,1.1849056603773587
Unmatched,Treatment (Solar),0.3465804891292158,1.1962264150943396
Unmatched,Treatment (Solar),0.34768488872756576,1.2056603773584906
Unmatched,Treatment (Solar),0.3487892883259157,1.2169811320754715
Unmatched,Treatment (Solar),0.3498936879242658,1.228301886792453
Unmatched,Treatment (Solar),0.35099808752261574,1.237735849056604
Unmatched,Treatment (Solar),0.3521024871209657,1.2471698113207546
Unmatched,Treatment (Solar),0.35320688671931566,1.2566037735849056
Unmatched,Treatment (Solar),0.3543112863176656,1.2660377358490567
Unmatched,Treatment (Solar),0.3554156859160157,1.2754716981132077
Unmatched,Treatment (Solar),0.35652008551436565,1.2867924528301886
Unmatched,Treatment (Solar),0.3576244851127156,1.2962264150943397
Unmatched,Treatment (Solar),0.35872888471106557,1.3056603773584907
Unmatched,Treatment (Solar),0.3598332843094155,1.3132075471698115
Unmatched,Treatment (Solar),0.3609376839077655,1.322641509433962
Unmatched,Treatment (Solar),0.36204208350611555,1.3320754716981131
Unmatched,Treatment (Solar),0.3631464831044655,1.3396226415094339
Unmatched,Treatment (Solar),0.36425088270281547,1.3509433962264152
Unmatched,Treatment (Solar),0.36535528230116543,1.358490566037736
Unmatched,Treatment (Solar),0.3664596818995154,1.3660377358490567
Unmatched,Treatment (Solar),0.36756408149786546,1.3735849056603775
Unmatched,Treatment (Solar),0.3686684810962154,1.383018867924528
Unmatched,Treatment (Solar),0.3697728806945654,1.3905660377358489
Unmatched,Treatment (Solar),0.37087728029291533,1.3981132075471696
Unmatched,Treatment (Solar),0.3719816798912653,1.4056603773584904
Unmatched,Treatment (Solar),0.37308607948961536,1.4113207547169813
Unmatched,Treatment (Solar),0.3741904790879653,1.418867924528302
Unmatched,Treatment (Solar),0.3752948786863153,1.4283018867924526
Unmatched,Treatment (Solar),0.37639927828466524,1.4339622641509435
Unmatched,Treatment (Solar),0.3775036778830152,1.439622641509434
Unmatched,Treatment (Solar),0.37860807748136516,1.4471698113207547
Unmatched,Treatment (Solar),0.3797124770797152,1.4547169811320755
Unmatched,Treatment (Solar),0.3808168766780652,1.460377358490566
Unmatched,Treatment (Solar),0.38192127627641514,1.4679245283018867
Unmatched,Treatment (Solar),0.3830256758747651,1.4716981132075473
Unmatched,Treatment (Solar),0.38413007547311506,1.479245283018868
Unmatched,Treatment (Solar),0.38523447507146513,1.4849056603773585
Unmatched,Treatment (Solar),0.3863388746698151,1.490566037735849
Unmatched,Treatment (Solar),0.38744327426816505,1.4962264150943394
Unmatched,Treatment (Solar),0.388547673866515,1.5018867924528303
Unmatched,Treatment (Solar),0.38965207346486497,1.5075471698113208
Unmatched,Treatment (Solar),0.3907564730632149,1.511320754716981
Unmatched,Treatment (Solar),0.391860872661565,1.5169811320754718
Unmatched,Treatment (Solar),0.39296527225991496,1.520754716981132
Unmatched,Treatment (Solar),0.3940696718582649,1.5245283018867926
Unmatched,Treatment (Solar),0.3951740714566149,1.530188679245283
Unmatched,Treatment (Solar),0.39627847105496483,1.5339622641509432
Unmatched,Treatment (Solar),0.3973828706533149,1.5377358490566038
Unmatched,Treatment (Solar),0.39848727025166486,1.541509433962264
Unmatched,Treatment (Solar),0.3995916698500148,1.5452830188679245
Unmatched,Treatment (Solar),0.4006960694483648,1.5490566037735847
Unmatched,Treatment (Solar),0.40180046904671474,1.5528301886792453
Unmatched,Treatment (Solar),0.4029048686450648,1.5566037735849054
Unmatched,Treatment (Solar),0.40400926824341477,1.560377358490566
Unmatched,Treatment (Solar),0.4051136678417647,1.5622641509433963
Unmatched,Treatment (Solar),0.4062180674401147,1.5660377358490565
Unmatched,Treatment (Solar),0.40732246703846464,1.569811320754717
Unmatched,Treatment (Solar),0.4084268666368146,1.5735849056603772
Unmatched,Treatment (Solar),0.40953126623516467,1.5754716981132075
Unmatched,Treatment (Solar),0.41063566583351463,1.5792452830188677
Unmatched,Treatment (Solar),0.4117400654318646,1.5792452830188677
Unmatched,Treatment (Solar),0.41284446503021455,1.5830188679245283
Unmatched,Treatment (Solar),0.4139488646285645,1.5867924528301884
Unmatched,Treatment (Solar),0.4150532642269146,1.5867924528301884
Unmatched,Treatment (Solar),0.41615766382526453,1.590566037735849
Unmatched,Treatment (Solar),0.4172620634236145,1.590566037735849
Unmatched,Treatment (Solar),0.41836646302196445,1.5943396226415092
Unmatched,Treatment (Solar),0.4194708626203144,1.5943396226415092
Unmatched,Treatment (Solar),0.42057526221866437,1.5981132075471698
Unmatched,Treatment (Solar),0.42167966181701444,1.6
Unmatched,Treatment (Solar),0.4227840614153644,1.60188679245283
Unmatched,Treatment (Solar),0.42388846101371436,1.6037735849056602
Unmatched,Treatment (Solar),0.4249928606120643,1.6037735849056602
Unmatched,Treatment (Solar),0.4260972602104143,1.6056603773584905
Unmatched,Treatment (Solar),0.42720165980876434,1.6075471698113208
Unmatched,Treatment (Solar),0.4283060594071143,1.6094339622641507
Unmatched,Treatment (Solar),0.42941045900546426,1.611320754716981
Unmatched,Treatment (Solar),0.4305148586038142,1.611320754716981
Unmatched,Treatment (Solar),0.4316192582021642,1.6132075471698113
Unmatched,Treatment (Solar),0.43272365780051425,1.6150943396226416
Unmatched,Treatment (Solar),0.4338280573988642,1.6169811320754715
Unmatched,Treatment (Solar),0.43493245699721417,1.6188679245283017
Unmatched,Treatment (Solar),0.4360368565955641,1.6188679245283017
Unmatched,Treatment (Solar),0.4371412561939141,1.620754716981132
Unmatched,Treatment (Solar),0.43824565579226404,1.6226415094339623
Unmatched,Treatment (Solar),0.4393500553906141,1.6245283018867922
Unmatched,Treatment (Solar),0.4404544549889641,1.6264150943396225
Unmatched,Treatment (Solar),0.44155885458731403,1.6264150943396225
Unmatched,Treatment (Solar),0.442663254185664,1.6283018867924528
Unmatched,Treatment (Solar),0.44376765378401395,1.630188679245283
Unmatched,Treatment (Solar),0.444872053382364,1.632075471698113
Unmatched,Treatment (Solar),0.445976452980714,1.6339622641509433
Unmatched,Treatment (Solar),0.44708085257906394,1.6358490566037736
Unmatched,Treatment (Solar),0.4481852521774139,1.6358490566037736
Unmatched,Treatment (Solar),0.44928965177576385,1.6396226415094337
Unmatched,Treatment (Solar),0.4503940513741138,1.6396226415094337
Unmatched,Treatment (Solar),0.4514984509724639,1.6433962264150943
Unmatched,Treatment (Solar),0.45260285057081384,1.6433962264150943
Unmatched,Treatment (Solar),0.4537072501691638,1.647169811320755
Unmatched,Treatment (Solar),0.45481164976751376,1.647169811320755
Unmatched,Treatment (Solar),0.4559160493658637,1.650943396226415
Unmatched,Treatment (Solar),0.4570204489642138,1.6547169811320757
Unmatched,Treatment (Solar),0.45812484856256375,1.6566037735849055
Unmatched,Treatment (Solar),0.4592292481609137,1.6584905660377358
Unmatched,Treatment (Solar),0.46033364775926366,1.6622641509433964
Unmatched,Treatment (Solar),0.4614380473576136,1.6641509433962263
Unmatched,Treatment (Solar),0.4625424469559637,1.6679245283018869
Unmatched,Treatment (Solar),0.46364684655431365,1.671698113207547
Unmatched,Treatment (Solar),0.4647512461526636,1.6735849056603773
Unmatched,Treatment (Solar),0.46585564575101357,1.677358490566038
Unmatched,Treatment (Solar),0.46696004534936353,1.681132075471698
Unmatched,Treatment (Solar),0.4680644449477135,1.6849056603773587
Unmatched,Treatment (Solar),0.46916884454606356,1.6886792452830188
Unmatched,Treatment (Solar),0.4702732441444135,1.6924528301886794
Unmatched,Treatment (Solar),0.4713776437427635,1.6962264150943396
Unmatched,Treatment (Solar),0.47248204334111343,1.7000000000000002
Unmatched,Treatment (Solar),0.4735864429394634,1.7056603773584906
Unmatched,Treatment (Solar),0.47469084253781346,1.7094339622641508
Unmatched,Treatment (Solar),0.4757952421361634,1.7132075471698114
Unmatched,Treatment (Solar),0.4768996417345134,1.7188679245283018
Unmatched,Treatment (Solar),0.47800404133286334,1.7226415094339624
Unmatched,Treatment (Solar),0.4791084409312133,1.7301886792452832
Unmatched,Treatment (Solar),0.48021284052956337,1.7339622641509433
Unmatched,Treatment (Solar),0.4813172401279133,1.741509433962264
Unmatched,Treatment (Solar),0.4824216397262633,1.7471698113207546
Unmatched,Treatment (Solar),0.48352603932461324,1.7509433962264151
Unmatched,Treatment (Solar),0.4846304389229632,1.758490566037736
Unmatched,Treatment (Solar),0.48573483852131316,1.7641509433962264
Unmatched,Treatment (Solar),0.48683923811966323,1.771698113207547
Unmatched,Treatment (Solar),0.4879436377180132,1.7773584905660376
Unmatched,Treatment (Solar),0.48904803731636315,1.7849056603773583
Unmatched,Treatment (Solar),0.4901524369147131,1.792452830188679
Unmatched,Treatment (Solar),0.49125683651306307,1.7999999999999998
Unmatched,Treatment (Solar),0.49236123611141314,1.8075471698113206
Unmatched,Treatment (Solar),0.4934656357097631,1.8132075471698115
Unmatched,Treatment (Solar),0.49457003530811305,1.8207547169811322
Unmatched,Treatment (Solar),0.495674434906463,1.828301886792453
Unmatched,Treatment (Solar),0.49677883450481297,1.8377358490566036
Unmatched,Treatment (Solar),0.49788323410316293,1.8452830188679243
Unmatched,Treatment (Solar),0.498987633701513,1.8547169811320754
Unmatched,Treatment (Solar),0.500092033299863,1.8641509433962264
Unmatched,Treatment (Solar),0.5011964328982129,1.8735849056603775
Unmatched,Treatment (Solar),0.5023008324965629,1.8811320754716983
Unmatched,Treatment (Solar),0.5034052320949128,1.8905660377358489
Unmatched,Treatment (Solar),0.5045096316932629,1.9018867924528302
Unmatched,Treatment (Solar),0.5056140312916129,1.909433962264151
Unmatched,Treatment (Solar),0.5067184308899628,1.9207547169811319
Unmatched,Treatment (Solar),0.5078228304883128,1.930188679245283
Unmatched,Treatment (Solar),0.5089272300866627,1.939622641509434
Unmatched,Treatment (Solar),0.5100316296850128,1.9509433962264149
Unmatched,Treatment (Solar),0.5111360292833628,1.9622641509433962
Unmatched,Treatment (Solar),0.5122404288817127,1.9735849056603771
Unmatched,Treatment (Solar),0.5133448284800627,1.9849056603773585
Unmatched,Treatment (Solar),0.5144492280784126,1.9943396226415095
Unmatched,Treatment (Solar),0.5155536276767626,2.0056603773584905
Unmatched,Treatment (Solar),0.5166580272751127,2.0188679245283017
Unmatched,Treatment (Solar),0.5177624268734626,2.030188679245283
Unmatched,Treatment (Solar),0.5188668264718126,2.041509433962264
Unmatched,Treatment (Solar),0.5199712260701626,2.0528301886792453
Unmatched,Treatment (Solar),0.5210756256685125,2.0660377358490565
Unmatched,Treatment (Solar),0.5221800252668626,2.077358490566038
Unmatched,Treatment (Solar),0.5232844248652125,2.0924528301886793
Unmatched,Treatment (Solar),0.5243888244635625,2.1037735849056602
Unmatched,Treatment (Solar),0.5254932240619125,2.1169811320754715
Unmatched,Treatment (Solar),0.5265976236602624,2.128301886792453
Unmatched,Treatment (Solar),0.5277020232586124,2.1433962264150943
Unmatched,Treatment (Solar),0.5288064228569624,2.156603773584906
Unmatched,Treatment (Solar),0.5299108224553124,2.169811320754717
Unmatched,Treatment (Solar),0.5310152220536624,2.1830188679245284
Unmatched,Treatment (Solar),0.5321196216520123,2.19811320754717
Unmatched,Treatment (Solar),0.5332240212503623,2.209433962264151
Unmatched,Treatment (Solar),0.5343284208487123,2.2245283018867923
Unmatched,Treatment (Solar),0.5354328204470623,2.2377358490566035
Unmatched,Treatment (Solar),0.5365372200454123,2.252830188679245
Unmatched,Treatment (Solar),0.5376416196437622,2.2679245283018865
Unmatched,Treatment (Solar),0.5387460192421122,2.281132075471698
Unmatched,Treatment (Solar),0.5398504188404623,2.2962264150943397
Unmatched,Treatment (Solar),0.5409548184388122,2.309433962264151
Unmatched,Treatment (Solar),0.5420592180371622,2.3226415094339625
Unmatched,Treatment (Solar),0.5431636176355121,2.337735849056604
Unmatched,Treatment (Solar),0.5442680172338621,2.3528301886792455
Unmatched,Treatment (Solar),0.545372416832212,2.367924528301887
Unmatched,Treatment (Solar),0.5464768164305621,2.3830188679245285
Unmatched,Treatment (Solar),0.5475812160289121,2.39811320754717
Unmatched,Treatment (Solar),0.548685615627262,2.4113207547169813
Unmatched,Treatment (Solar),0.549790015225612,2.4264150943396228
Unmatched,Treatment (Solar),0.550894414823962,2.4433962264150946
Unmatched,Treatment (Solar),0.551998814422312,2.458490566037736
Unmatched,Treatment (Solar),0.553103214020662,2.4735849056603776
Unmatched,Treatment (Solar),0.5542076136190119,2.488679245283019
Unmatched,Treatment (Solar),0.5553120132173619,2.5037735849056606
Unmatched,Treatment (Solar),0.5564164128157119,2.516981132075472
Unmatched,Treatment (Solar),0.5575208124140618,2.5320754716981133
Unmatched,Treatment (Solar),0.5586252120124119,2.547169811320755
Unmatched,Treatment (Solar),0.5597296116107618,2.5622641509433963
Unmatched,Treatment (Solar),0.5608340112091118,2.577358490566038
Unmatched,Treatment (Solar),0.5619384108074618,2.5924528301886793
Unmatched,Treatment (Solar),0.5630428104058117,2.607547169811321
Unmatched,Treatment (Solar),0.5641472100041618,2.620754716981132
Unmatched,Treatment (Solar),0.5652516096025118,2.6358490566037736
Unmatched,Treatment (Solar),0.5663560092008617,2.650943396226415
Unmatched,Treatment (Solar),0.5674604087992117,2.6660377358490566
Unmatched,Treatment (Solar),0.5685648083975616,2.6792452830188678
Unmatched,Treatment (Solar),0.5696692079959117,2.6943396226415093
Unmatched,Treatment (Solar),0.5707736075942617,2.709433962264151
Unmatched,Treatment (Solar),0.5718780071926116,2.722641509433962
Unmatched,Treatment (Solar),0.5729824067909616,2.7358490566037736
Unmatched,Treatment (Solar),0.5740868063893115,2.750943396226415
Unmatched,Treatment (Solar),0.5751912059876615,2.7641509433962264
Unmatched,Treatment (Solar),0.5762956055860116,2.779245283018868
Unmatched,Treatment (Solar),0.5774000051843615,2.7924528301886795
Unmatched,Treatment (Solar),0.5785044047827115,2.8056603773584907
Unmatched,Treatment (Solar),0.5796088043810614,2.818867924528302
Unmatched,Treatment (Solar),0.5807132039794114,2.830188679245283
Unmatched,Treatment (Solar),0.5818176035777615,2.843396226415094
Unmatched,Treatment (Solar),0.5829220031761114,2.8584905660377355
Unmatched,Treatment (Solar),0.5840264027744614,2.869811320754717
Unmatched,Treatment (Solar),0.5851308023728113,2.8830188679245285
Unmatched,Treatment (Solar),0.5862352019711613,2.8943396226415095
Unmatched,Treatment (Solar),0.5873396015695114,2.9056603773584904
Unmatched,Treatment (Solar),0.5884440011678613,2.9169811320754717
Unmatched,Treatment (Solar),0.5895484007662113,2.930188679245283
Unmatched,Treatment (Solar),0.5906528003645612,2.9415094339622643
Unmatched,Treatment (Solar),0.5917571999629112,2.950943396226415
Unmatched,Treatment (Solar),0.5928615995612612,2.9622641509433962
Unmatched,Treatment (Solar),0.5939659991596112,2.9735849056603776
Unmatched,Treatment (Solar),0.5950703987579612,2.983018867924528
Unmatched,Treatment (Solar),0.5961747983563112,2.994339622641509
Unmatched,Treatment (Solar),0.5972791979546611,3.0037735849056606
Unmatched,Treatment (Solar),0.5983835975530111,3.013207547169811
Unmatched,Treatment (Solar),0.5994879971513611,3.024528301886792
Unmatched,Treatment (Solar),0.6005923967497111,3.0320754716981133
Unmatched,Treatment (Solar),0.6016967963480611,3.041509433962264
Unmatched,Treatment (Solar),0.602801195946411,3.049056603773585
Unmatched,Treatment (Solar),0.603905595544761,3.0566037735849054
Unmatched,Treatment (Solar),0.6050099951431109,3.0641509433962266
Unmatched,Treatment (Solar),0.606114394741461,3.071698113207547
Unmatched,Treatment (Solar),0.607218794339811,3.079245283018868
Unmatched,Treatment (Solar),0.6083231939381609,3.0849056603773586
Unmatched,Treatment (Solar),0.6094275935365109,3.0924528301886793
Unmatched,Treatment (Solar),0.6105319931348608,3.09811320754717
Unmatched,Treatment (Solar),0.6116363927332109,3.1037735849056602
Unmatched,Treatment (Solar),0.6127407923315609,3.109433962264151
Unmatched,Treatment (Solar),0.6138451919299108,3.1150943396226416
Unmatched,Treatment (Solar),0.6149495915282608,3.120754716981132
Unmatched,Treatment (Solar),0.6160539911266107,3.1245283018867926
Unmatched,Treatment (Solar),0.6171583907249608,3.130188679245283
Unmatched,Treatment (Solar),0.6182627903233108,3.132075471698113
Unmatched,Treatment (Solar),0.6193671899216607,3.1358490566037736
Unmatched,Treatment (Solar),0.6204715895200107,3.137735849056604
Unmatched,Treatment (Solar),0.6215759891183607,3.141509433962264
Unmatched,Treatment (Solar),0.6226803887167106,3.1433962264150943
Unmatched,Treatment (Solar),0.6237847883150607,3.1452830188679246
Unmatched,Treatment (Solar),0.6248891879134106,3.1471698113207545
Unmatched,Treatment (Solar),0.6259935875117606,3.1471698113207545
Unmatched,Treatment (Solar),0.6270979871101106,3.1471698113207545
Unmatched,Treatment (Solar),0.6282023867084605,3.1471698113207545
Unmatched,Treatment (Solar),0.6293067863068106,3.1471698113207545
Unmatched,Treatment (Solar),0.6304111859051605,3.1471698113207545
Unmatched,Treatment (Solar),0.6315155855035105,3.1452830188679246
Unmatched,Treatment (Solar),0.6326199851018605,3.1452830188679246
Unmatched,Treatment (Solar),0.6337243847002104,3.141509433962264
Unmatched,Treatment (Solar),0.6348287842985604,3.139622641509434
Unmatched,Treatment (Solar),0.6359331838969104,3.1358490566037736
Unmatched,Treatment (Solar),0.6370375834952604,3.1339622641509433
Unmatched,Treatment (Solar),0.6381419830936104,3.130188679245283
Unmatched,Treatment (Solar),0.6392463826919603,3.1245283018867926
Unmatched,Treatment (Solar),0.6403507822903103,3.120754716981132
Unmatched,Treatment (Solar),0.6414551818886604,3.1150943396226416
Unmatched,Treatment (Solar),0.6425595814870103,3.111320754716981
Unmatched,Treatment (Solar),0.6436639810853603,3.1056603773584905
Unmatched,Treatment (Solar),0.6447683806837102,3.09811320754717
Unmatched,Treatment (Solar),0.6458727802820602,3.0924528301886793
Unmatched,Treatment (Solar),0.6469771798804103,3.0830188679245283
Unmatched,Treatment (Solar),0.6480815794787602,3.077358490566038
Unmatched,Treatment (Solar),0.6491859790771102,3.069811320754717
Unmatched,Treatment (Solar),0.6502903786754601,3.060377358490566
Unmatched,Treatment (Solar),0.6513947782738101,3.0528301886792453
Unmatched,Treatment (Solar),0.65249917787216,3.043396226415094
Unmatched,Treatment (Solar),0.6536035774705101,3.0339622641509436
Unmatched,Treatment (Solar),0.6547079770688601,3.024528301886792
Unmatched,Treatment (Solar),0.65581237666721,3.013207547169811
Unmatched,Treatment (Solar),0.65691677626556,3.0018867924528303
Unmatched,Treatment (Solar),0.65802117586391,2.990566037735849
Unmatched,Treatment (Solar),0.65912557546226,2.981132075471698
Unmatched,Treatment (Solar),0.66022997506061,2.969811320754717
Unmatched,Treatment (Solar),0.66133437465896,2.956603773584906
Unmatched,Treatment (Solar),0.6624387742573099,2.9433962264150946
Unmatched,Treatment (Solar),0.6635431738556599,2.930188679245283
Unmatched,Treatment (Solar),0.6646475734540098,2.9150943396226414
Unmatched,Treatment (Solar),0.6657519730523599,2.90188679245283
Unmatched,Treatment (Solar),0.6668563726507098,2.8886792452830186
Unmatched,Treatment (Solar),0.6679607722490598,2.873584905660377
Unmatched,Treatment (Solar),0.6690651718474098,2.8584905660377355
Unmatched,Treatment (Solar),0.6701695714457597,2.843396226415094
Unmatched,Treatment (Solar),0.6712739710441098,2.8283018867924525
Unmatched,Treatment (Solar),0.6723783706424598,2.811320754716981
Unmatched,Treatment (Solar),0.6734827702408097,2.7943396226415094
Unmatched,Treatment (Solar),0.6745871698391597,2.779245283018868
Unmatched,Treatment (Solar),0.6756915694375096,2.7622641509433965
Unmatched,Treatment (Solar),0.6767959690358597,2.7433962264150944
Unmatched,Treatment (Solar),0.6779003686342097,2.7264150943396226
Unmatched,Treatment (Solar),0.6790047682325596,2.7075471698113205
Unmatched,Treatment (Solar),0.6801091678309096,2.688679245283019
Unmatched,Treatment (Solar),0.6812135674292595,2.6716981132075475
Unmatched,Treatment (Solar),0.6823179670276095,2.6547169811320757
Unmatched,Treatment (Solar),0.6834223666259596,2.6358490566037736
Unmatched,Treatment (Solar),0.6845267662243095,2.6150943396226416
Unmatched,Treatment (Solar),0.6856311658226595,2.5943396226415096
Unmatched,Treatment (Solar),0.6867355654210094,2.5735849056603772
Unmatched,Treatment (Solar),0.6878399650193594,2.5528301886792453
Unmatched,Treatment (Solar),0.6889443646177095,2.5320754716981133
Unmatched,Treatment (Solar),0.6900487642160594,2.513207547169811
Unmatched,Treatment (Solar),0.6911531638144094,2.4924528301886792
Unmatched,Treatment (Solar),0.6922575634127593,2.469811320754717
Unmatched,Treatment (Solar),0.6933619630111093,2.4490566037735846
Unmatched,Treatment (Solar),0.6944663626094593,2.4264150943396228
Unmatched,Treatment (Solar),0.6955707622078093,2.40377358490566
Unmatched,Treatment (Solar),0.6966751618061593,2.3811320754716983
Unmatched,Treatment (Solar),0.6977795614045093,2.360377358490566
Unmatched,Treatment (Solar),0.6988839610028592,2.337735849056604
Unmatched,Treatment (Solar),0.6999883606012092,2.3150943396226413
Unmatched,Treatment (Solar),0.7010927601995592,2.2924528301886795
Unmatched,Treatment (Solar),0.7021971597979092,2.2679245283018865
Unmatched,Treatment (Solar),0.7033015593962592,2.2452830188679247
Unmatched,Treatment (Solar),0.7044059589946091,2.220754716981132
Unmatched,Treatment (Solar),0.7055103585929591,2.2
Unmatched,Treatment (Solar),0.7066147581913091,2.1754716981132076
Unmatched,Treatment (Solar),0.7077191577896591,2.1528301886792454
Unmatched,Treatment (Solar),0.7088235573880091,2.128301886792453
Unmatched,Treatment (Solar),0.709927956986359,2.1037735849056602
Unmatched,Treatment (Solar),0.711032356584709,2.079245283018868
Unmatched,Treatment (Solar),0.7121367561830589,2.0566037735849054
Unmatched,Treatment (Solar),0.713241155781409,2.0320754716981133
Unmatched,Treatment (Solar),0.714345555379759,2.009433962264151
Unmatched,Treatment (Solar),0.7154499549781089,1.9849056603773585
Unmatched,Treatment (Solar),0.7165543545764589,1.9584905660377356
Unmatched,Treatment (Solar),0.7176587541748088,1.9339622641509435
Unmatched,Treatment (Solar),0.7187631537731589,1.909433962264151
Unmatched,Treatment (Solar),0.7198675533715089,1.8849056603773584
Unmatched,Treatment (Solar),0.7209719529698588,1.8622641509433961
Unmatched,Treatment (Solar),0.7220763525682088,1.8377358490566036
Unmatched,Treatment (Solar),0.7231807521665587,1.8132075471698115
Unmatched,Treatment (Solar),0.7242851517649088,1.788679245283019
Unmatched,Treatment (Solar),0.7253895513632588,1.7641509433962264
Unmatched,Treatment (Solar),0.7264939509616087,1.737735849056604
Unmatched,Treatment (Solar),0.7275983505599587,1.7132075471698114
Unmatched,Treatment (Solar),0.7287027501583087,1.6886792452830188
Unmatched,Treatment (Solar),0.7298071497566586,1.6679245283018869
Unmatched,Treatment (Solar),0.7309115493550087,1.641509433962264
Unmatched,Treatment (Solar),0.7320159489533586,1.6188679245283017
Unmatched,Treatment (Solar),0.7331203485517086,1.5924528301886793
Unmatched,Treatment (Solar),0.7342247481500586,1.5679245283018868
Unmatched,Treatment (Solar),0.7353291477484085,1.5433962264150942
Unmatched,Treatment (Solar),0.7364335473467586,1.5188679245283017
Unmatched,Treatment (Solar),0.7375379469451085,1.4981132075471697
Unmatched,Treatment (Solar),0.7386423465434585,1.4735849056603771
Unmatched,Treatment (Solar),0.7397467461418085,1.4509433962264149
Unmatched,Treatment (Solar),0.7408511457401584,1.4245283018867925
Unmatched,Treatment (Solar),0.7419555453385084,1.4018867924528302
Unmatched,Treatment (Solar),0.7430599449368585,1.3773584905660377
Unmatched,Treatment (Solar),0.7441643445352084,1.3547169811320754
Unmatched,Treatment (Solar),0.7452687441335584,1.3339622641509434
Unmatched,Treatment (Solar),0.7463731437319083,1.3113207547169812
Unmatched,Treatment (Solar),0.7474775433302583,1.288679245283019
Unmatched,Treatment (Solar),0.7485819429286084,1.2660377358490567
Unmatched,Treatment (Solar),0.7496863425269583,1.241509433962264
Unmatched,Treatment (Solar),0.7507907421253083,1.2188679245283018
Unmatched,Treatment (Solar),0.7518951417236582,1.1962264150943396
Unmatched,Treatment (Solar),0.7529995413220082,1.177358490566038
Unmatched,Treatment (Solar),0.7541039409203583,1.1547169811320752
Unmatched,Treatment (Solar),0.7552083405187082,1.1339622641509433
Unmatched,Treatment (Solar),0.7563127401170582,1.111320754716981
Unmatched,Treatment (Solar),0.7574171397154081,1.0886792452830187
Unmatched,Treatment (Solar),0.7585215393137581,1.0679245283018868
Unmatched,Treatment (Solar),0.7596259389121081,1.0471698113207548
Unmatched,Treatment (Solar),0.7607303385104581,1.0283018867924527
Unmatched,Treatment (Solar),0.7618347381088081,1.009433962264151
Unmatched,Treatment (Solar),0.762939137707158,0.9867924528301888
Unmatched,Treatment (Solar),0.764043537305508,0.9660377358490564
Unmatched,Treatment (Solar),0.765147936903858,0.9471698113207547
Unmatched,Treatment (Solar),0.766252336502208,0.9264150943396228
Unmatched,Treatment (Solar),0.767356736100558,0.9075471698113207
Unmatched,Treatment (Solar),0.768461135698908,0.888679245283019
Unmatched,Treatment (Solar),0.7695655352972579,0.8716981132075472
Unmatched,Treatment (Solar),0.7706699348956079,0.8528301886792451
Unmatched,Treatment (Solar),0.7717743344939578,0.8320754716981131
Unmatched,Treatment (Solar),0.7728787340923079,0.8132075471698115
Unmatched,Treatment (Solar),0.7739831336906579,0.7962264150943397
Unmatched,Treatment (Solar),0.7750875332890078,0.7773584905660376
Unmatched,Treatment (Solar),0.7761919328873578,0.7622641509433961
Unmatched,Treatment (Solar),0.7772963324857077,0.7452830188679247
Unmatched,Treatment (Solar),0.7784007320840578,0.7283018867924529
Unmatched,Treatment (Solar),0.7795051316824078,0.7113207547169811
Unmatched,Treatment (Solar),0.7806095312807577,0.6943396226415093
Unmatched,Treatment (Solar),0.7817139308791077,0.6773584905660375
Unmatched,Treatment (Solar),0.7828183304774576,0.662264150943396
Unmatched,Treatment (Solar),0.7839227300758077,0.6471698113207545
Unmatched,Treatment (Solar),0.7850271296741577,0.6301886792452831
Unmatched,Treatment (Solar),0.7861315292725076,0.6150943396226416
Unmatched,Treatment (Solar),0.7872359288708576,0.6018867924528299
Unmatched,Treatment (Solar),0.7883403284692075,0.5849056603773586
Unmatched,Treatment (Solar),0.7894447280675575,0.5698113207547171
Unmatched,Treatment (Solar),0.7905491276659076,0.5547169811320756
Unmatched,Treatment (Solar),0.7916535272642575,0.5433962264150942
Unmatched,Treatment (Solar),0.7927579268626075,0.530188679245283
Unmatched,Treatment (Solar),0.7938623264609574,0.5150943396226415
Unmatched,Treatment (Solar),0.7949667260593074,0.5018867924528303
Unmatched,Treatment (Solar),0.7960711256576575,0.48867924528301865
Unmatched,Treatment (Solar),0.7971755252560074,0.47547169811320744
Unmatched,Treatment (Solar),0.7982799248543574,0.46226415094339623
Unmatched,Treatment (Solar),0.7993843244527074,0.4509433962264149
Unmatched,Treatment (Solar),0.8004887240510573,0.439622641509434
Unmatched,Treatment (Solar),0.8015931236494073,0.4283018867924526
Unmatched,Treatment (Solar),0.8026975232477573,0.4150943396226414
Unmatched,Treatment (Solar),0.8038019228461073,0.4037735849056605
Unmatched,Treatment (Solar),0.8049063224444573,0.39245283018867916
Unmatched,Treatment (Solar),0.8060107220428072,0.38113207547169825
Unmatched,Treatment (Solar),0.8071151216411572,0.3698113207547169
Unmatched,Treatment (Solar),0.8082195212395072,0.36037735849056585
Unmatched,Treatment (Solar),0.8093239208378572,0.34905660377358494
Unmatched,Treatment (Solar),0.8104283204362072,0.3396226415094339
Unmatched,Treatment (Solar),0.8115327200345571,0.33207547169811313
Unmatched,Treatment (Solar),0.8126371196329071,0.3207547169811322
Unmatched,Treatment (Solar),0.8137415192312571,0.3113207547169812
Unmatched,Treatment (Solar),0.8148459188296071,0.2999999999999998
Unmatched,Treatment (Solar),0.8159503184279571,0.29245283018867907
Unmatched,Treatment (Solar),0.817054718026307,0.2849056603773583
Unmatched,Treatment (Solar),0.818159117624657,0.2754716981132077
Unmatched,Treatment (Solar),0.8192635172230069,0.26792452830188696
Unmatched,Treatment (Solar),0.820367916821357,0.2584905660377359
Unmatched,Treatment (Solar),0.821472316419707,0.2547169811320753
Unmatched,Treatment (Solar),0.8225767160180569,0.25094339622641515
Unmatched,Treatment (Solar),0.8236811156164069,0.24905660377358485
Unmatched,Treatment (Solar),0.8247855152147568,0.2452830188679247
Unmatched,Treatment (Solar),0.8258899148131069,0.2415094339622641
Unmatched,Treatment (Solar),0.8269943144114569,0.23773584905660394
Unmatched,Control (Non-Solar),0.014156210025871974,0.13773584905660385
Unmatched,Control (Non-Solar),0.01526060962422196,0.13773584905660385
Unmatched,Control (Non-Solar),0.01636500922257192,0.13773584905660385
Unmatched,Control (Non-Solar),0.017469408820921906,0.13773584905660385
Unmatched,Control (Non-Solar),0.018573808419271892,0.13773584905660385
Unmatched,Control (Non-Solar),0.01967820801762188,0.1433962264150943
Unmatched,Control (Non-Solar),0.020782607615971838,0.14716981132075446
Unmatched,Control (Non-Solar),0.021887007214321824,0.15094339622641506
Unmatched,Control (Non-Solar),0.02299140681267181,0.15660377358490551
Unmatched,Control (Non-Solar),0.02409580641102177,0.1603773584905661
Unmatched,Control (Non-Solar),0.025200206009371756,0.16415094339622627
Unmatched,Control (Non-Solar),0.026304605607721743,0.16981132075471672
Unmatched,Control (Non-Solar),0.02740900520607173,0.17358490566037732
Unmatched,Control (Non-Solar),0.028513404804421688,0.17735849056603747
Unmatched,Control (Non-Solar),0.029617804402771675,0.18113207547169807
Unmatched,Control (Non-Solar),0.03072220400112166,0.18679245283018853
Unmatched,Control (Non-Solar),0.03182660359947165,0.19245283018867898
Unmatched,Control (Non-Solar),0.03293100319782161,0.19622641509433958
Unmatched,Control (Non-Solar),0.03403540279617159,0.19811320754716988
Unmatched,Control (Non-Solar),0.03513980239452158,0.20000000000000018
Unmatched,Control (Non-Solar),0.036244201992871566,0.20188679245283003
Unmatched,Control (Non-Solar),0.037348601591221525,0.20188679245283003
Unmatched,Control (Non-Solar),0.03845300118957151,0.20377358490566033
Unmatched,Control (Non-Solar),0.05060139677142128,0.3132075471698115
Unmatched,Control (Non-Solar),0.05170579636977127,0.3169811320754716
Unmatched,Control (Non-Solar),0.052810195968121254,0.3188679245283019
Unmatched,Control (Non-Solar),0.05391459556647124,0.3226415094339621
Unmatched,Control (Non-Solar),0.0550189951648212,0.3226415094339621
Unmatched,Control (Non-Solar),0.056123394763171186,0.3245283018867924
Unmatched,Control (Non-Solar),0.05722779436152117,0.33018867924528283
Unmatched,Control (Non-Solar),0.05833219395987113,0.3377358490566036
Unmatched,Control (Non-Solar),0.05943659355822112,0.3433962264150945
Unmatched,Control (Non-Solar),0.060540993156571105,0.35094339622641524
Unmatched,Control (Non-Solar),0.06164539275492109,0.36037735849056585
Unmatched,Control (Non-Solar),0.06274979235327105,0.36603773584905674
Unmatched,Control (Non-Solar),0.06385419195162104,0.37547169811320735
Unmatched,Control (Non-Solar),0.06495859154997102,0.38113207547169825
Unmatched,Control (Non-Solar),0.06606299114832101,0.3830188679245281
Unmatched,Control (Non-Solar),0.06716739074667097,0.3867924528301887
Unmatched,Control (Non-Solar),0.06827179034502096,0.388679245283019
Unmatched,Control (Non-Solar),0.06937618994337094,0.39245283018867916
Unmatched,Control (Non-Solar),0.07048058954172093,0.39433962264150946
Unmatched,Control (Non-Solar),0.07821138673017078,0.5113207547169809
Unmatched,Control (Non-Solar),0.07931578632852077,0.5150943396226415
Unmatched,Control (Non-Solar),0.08042018592687072,0.520754716981132
Unmatched,Control (Non-Solar),0.08152458552522071,0.5226415094339623
Unmatched,Control (Non-Solar),0.0826289851235707,0.5283018867924527
Unmatched,Control (Non-Solar),0.08373338472192068,0.530188679245283
Unmatched,Control (Non-Solar),0.08483778432027064,0.5358490566037735
Unmatched,Control (Non-Solar),0.08594218391862063,0.5452830188679245
Unmatched,Control (Non-Solar),0.08704658351697062,0.5528301886792453
Unmatched,Control (Non-Solar),0.0881509831153206,0.5622641509433963
Unmatched,Control (Non-Solar),0.08925538271367056,0.5735849056603772
Unmatched,Control (Non-Solar),0.09035978231202055,0.5792452830188677
Unmatched,Control (Non-Solar),0.09146418191037053,0.581132075471698
Unmatched,Control (Non-Solar),0.09256858150872052,0.5867924528301884
Unmatched,Control (Non-Solar),0.09367298110707048,0.590566037735849
Unmatched,Control (Non-Solar),0.09477738070542047,0.5924528301886793
Unmatched,Control (Non-Solar),0.09588178030377045,0.5981132075471698
Unmatched,Control (Non-Solar),0.10250817789387032,0.7188679245283018
Unmatched,Control (Non-Solar),0.10361257749222028,0.7245283018867923
Unmatched,Control (Non-Solar),0.10471697709057029,0.7301886792452832
Unmatched,Control (Non-Solar),0.10582137668892025,0.732075471698113
Unmatched,Control (Non-Solar),0.10692577628727026,0.7377358490566039
Unmatched,Control (Non-Solar),0.10803017588562022,0.7415094339622641
Unmatched,Control (Non-Solar),0.10913457548397018,0.7490566037735849
Unmatched,Control (Non-Solar),0.1102389750823202,0.7603773584905662
Unmatched,Control (Non-Solar),0.11134337468067015,0.7716981132075471
Unmatched,Control (Non-Solar),0.11244777427902011,0.7811320754716982
Unmatched,Control (Non-Solar),0.11355217387737013,0.7849056603773583
Unmatched,Control (Non-Solar),0.11465657347572009,0.7886792452830189
Unmatched,Control (Non-Solar),0.1157609730740701,0.7924528301886791
Unmatched,Control (Non-Solar),0.11686537267242006,0.7962264150943397
Unmatched,Control (Non-Solar),0.11796977227077002,0.8018867924528301
Unmatched,Control (Non-Solar),0.12349177026251992,0.9226415094339622
Unmatched,Control (Non-Solar),0.12459616986086994,0.9264150943396228
Unmatched,Control (Non-Solar),0.1257005694592199,0.9320754716981132
Unmatched,Control (Non-Solar),0.12680496905756986,0.9339622641509435
Unmatched,Control (Non-Solar),0.12790936865591987,0.939622641509434
Unmatched,Control (Non-Solar),0.12901376825426983,0.9452830188679244
Unmatched,Control (Non-Solar),0.1301181678526198,0.949056603773585
Unmatched,Control (Non-Solar),0.1312225674509698,0.9603773584905659
Unmatched,Control (Non-Solar),0.13232696704931976,0.9679245283018867
Unmatched,Control (Non-Solar),0.13343136664766972,0.979245283018868
Unmatched,Control (Non-Solar),0.13453576624601973,0.9867924528301888
Unmatched,Control (Non-Solar),0.1356401658443697,0.990566037735849
Unmatched,Control (Non-Solar),0.1367445654427197,0.9962264150943394
Unmatched,Control (Non-Solar),0.13784896504106967,1.0
Unmatched,Control (Non-Solar),0.13895336463941962,1.0056603773584905
Unmatched,Control (Non-Solar),0.14005776423776964,1.0075471698113208
Unmatched,Control (Non-Solar),0.1466841618278695,1.130188679245283
Unmatched,Control (Non-Solar),0.14778856142621946,1.1339622641509433
Unmatched,Control (Non-Solar),0.14889296102456948,1.1377358490566039
Unmatched,Control (Non-Solar),0.14999736062291943,1.1433962264150943
Unmatched,Control (Non-Solar),0.1511017602212694,1.1452830188679246
Unmatched,Control (Non-Solar),0.1522061598196194,1.150943396226415
Unmatched,Control (Non-Solar),0.15331055941796937,1.1566037735849055
Unmatched,Control (Non-Solar),0.15441495901631938,1.1660377358490566
Unmatched,Control (Non-Solar),0.15551935861466934,1.1754716981132076
Unmatched,Control (Non-Solar),0.1566237582130193,1.1830188679245284
Unmatched,Control (Non-Solar),0.1577281578113693,1.1943396226415093
Unmatched,Control (Non-Solar),0.15883255740971927,1.1962264150943396
Unmatched,Control (Non-Solar),0.15993695700806923,1.20188679245283
Unmatched,Control (Non-Solar),0.16104135660641924,1.2056603773584906
Unmatched,Control (Non-Solar),0.1621457562047692,1.2094339622641508
Unmatched,Control (Non-Solar),0.16325015580311922,1.2132075471698114
Unmatched,Control (Non-Solar),0.16435455540146918,1.2150943396226417
Unmatched,Control (Non-Solar),0.172085352589919,1.3320754716981131
Unmatched,Control (Non-Solar),0.173189752188269,1.3358490566037737
Unmatched,Control (Non-Solar),0.17429415178661897,1.3396226415094339
Unmatched,Control (Non-Solar),0.175398551384969,1.3415094339622642
Unmatched,Control (Non-Solar),0.17650295098331895,1.3452830188679243
Unmatched,Control (Non-Solar),0.1776073505816689,1.3471698113207546
Unmatched,Control (Non-Solar),0.17871175018001892,1.3547169811320754
Unmatched,Control (Non-Solar),0.17981614977836888,1.3603773584905658
Unmatched,Control (Non-Solar),0.18092054937671884,1.3679245283018866
Unmatched,Control (Non-Solar),0.18202494897506885,1.3773584905660377
Unmatched,Control (Non-Solar),0.1831293485734188,1.3849056603773584
Unmatched,Control (Non-Solar),0.18423374817176882,1.3924528301886792
Unmatched,Control (Non-Solar),0.18533814777011878,1.4
Unmatched,Control (Non-Solar),0.18644254736846874,1.4018867924528302
Unmatched,Control (Non-Solar),0.18754694696681876,1.4056603773584904
Unmatched,Control (Non-Solar),0.18865134656516871,1.4056603773584904
Unmatched,Control (Non-Solar),0.18975574616351867,1.409433962264151
Unmatched,Control (Non-Solar),0.1908601457618687,1.4113207547169813
Unmatched,Control (Non-Solar),0.20300854134371846,1.5264150943396224
Unmatched,Control (Non-Solar),0.20411294094206842,1.5264150943396224
Unmatched,Control (Non-Solar),0.20521734054041843,1.530188679245283
Unmatched,Control (Non-Solar),0.2063217401387684,1.530188679245283
Unmatched,Control (Non-Solar),0.20742613973711835,1.5320754716981133
Unmatched,Control (Non-Solar),0.20853053933546836,1.5339622641509432
Unmatched,Control (Non-Solar),0.20963493893381832,1.539622641509434
Unmatched,Control (Non-Solar),0.21073933853216828,1.5452830188679245
Unmatched,Control (Non-Solar),0.2118437381305183,1.5490566037735847
Unmatched,Control (Non-Solar),0.21294813772886825,1.5566037735849054
Unmatched,Control (Non-Solar),0.21405253732721827,1.560377358490566
Unmatched,Control (Non-Solar),0.21515693692556823,1.5679245283018868
Unmatched,Control (Non-Solar),0.21626133652391819,1.571698113207547
Unmatched,Control (Non-Solar),0.2173657361222682,1.5773584905660378
Unmatched,Control (Non-Solar),0.21847013572061816,1.5830188679245283
Unmatched,Control (Non-Solar),0.21957453531896812,1.5867924528301884
Unmatched,Control (Non-Solar),0.22067893491731813,1.5924528301886793
Unmatched,Control (Non-Solar),0.2217833345156681,1.5924528301886793
Unmatched,Control (Non-Solar),0.2228877341140181,1.5943396226415092
Unmatched,Control (Non-Solar),0.22399213371236806,1.5962264150943395
Unmatched,Control (Non-Solar),0.22509653331071802,1.5962264150943395
Unmatched,Control (Non-Solar),0.22620093290906804,1.5962264150943395
Unmatched,Control (Non-Solar),0.24166252728596774,1.70188679245283
Unmatched,Control (Non-Solar),0.2427669268843177,1.70188679245283
Unmatched,Control (Non-Solar),0.2438713264826677,1.70188679245283
Unmatched,Control (Non-Solar),0.24497572608101767,1.70188679245283
Unmatched,Control (Non-Solar),0.24608012567936763,1.7037735849056603
Unmatched,Control (Non-Solar),0.24718452527771764,1.7056603773584906
Unmatched,Control (Non-Solar),0.2482889248760676,1.7094339622641508
Unmatched,Control (Non-Solar),0.24939332447441756,1.7150943396226417
Unmatched,Control (Non-Solar),0.2504977240727676,1.7188679245283018
Unmatched,Control (Non-Solar),0.25160212367111756,1.7226415094339624
Unmatched,Control (Non-Solar),0.2527065232694675,1.728301886792453
Unmatched,Control (Non-Solar),0.2538109228678175,1.732075471698113
Unmatched,Control (Non-Solar),0.25491532246616744,1.7358490566037736
Unmatched,Control (Non-Solar),0.2560197220645175,1.741509433962264
Unmatched,Control (Non-Solar),0.25712412166286747,1.7452830188679247
Unmatched,Control (Non-Solar),0.2582285212612174,1.7490566037735849
Unmatched,Control (Non-Solar),0.2593329208595674,1.7547169811320753
Unmatched,Control (Non-Solar),0.26043732045791734,1.758490566037736
Unmatched,Control (Non-Solar),0.2615417200562674,1.762264150943396
Unmatched,Control (Non-Solar),0.26264611965461737,1.7641509433962264
Unmatched,Control (Non-Solar),0.26375051925296733,1.7660377358490567
Unmatched,Control (Non-Solar),0.2648549188513173,1.7660377358490567
Unmatched,Control (Non-Solar),0.26595931844966725,1.7660377358490567
Unmatched,Control (Non-Solar),0.2670637180480172,1.7660377358490567
Unmatched,Control (Non-Solar),0.2836297120232669,1.869811320754717
Unmatched,Control (Non-Solar),0.2847341116216169,1.8716981132075472
Unmatched,Control (Non-Solar),0.28583851121996695,1.8716981132075472
Unmatched,Control (Non-Solar),0.2869429108183169,1.8735849056603775
Unmatched,Control (Non-Solar),0.28804731041666687,1.8754716981132074
Unmatched,Control (Non-Solar),0.2891517100150168,1.879245283018868
Unmatched,Control (Non-Solar),0.2902561096133668,1.883018867924528
Unmatched,Control (Non-Solar),0.29136050921171686,1.8867924528301887
Unmatched,Control (Non-Solar),0.2924649088100668,1.8924528301886792
Unmatched,Control (Non-Solar),0.2935693084084168,1.8981132075471696
Unmatched,Control (Non-Solar),0.29467370800676673,1.9018867924528302
Unmatched,Control (Non-Solar),0.2957781076051167,1.9056603773584904
Unmatched,Control (Non-Solar),0.29688250720346665,1.9113207547169813
Unmatched,Control (Non-Solar),0.2979869068018167,1.9169811320754717
Unmatched,Control (Non-Solar),0.2990913064001667,1.9207547169811319
Unmatched,Control (Non-Solar),0.30019570599851664,1.9264150943396228
Unmatched,Control (Non-Solar),0.3013001055968666,1.9320754716981132
Unmatched,Control (Non-Solar),0.30240450519521656,1.9339622641509435
Unmatched,Control (Non-Solar),0.3035089047935666,1.9339622641509435
Unmatched,Control (Non-Solar),0.3046133043919166,1.9377358490566037
Unmatched,Control (Non-Solar),0.30571770399026654,1.9377358490566037
Unmatched,Control (Non-Solar),0.3068221035886165,1.9377358490566037
Unmatched,Control (Non-Solar),0.3233880975638662,2.043396226415094
Unmatched,Control (Non-Solar),0.3244924971622162,2.0452830188679245
Unmatched,Control (Non-Solar),0.32559689676056613,2.0452830188679245
Unmatched,Control (Non-Solar),0.3267012963589161,2.0452830188679245
Unmatched,Control (Non-Solar),0.32780569595726616,2.047169811320755
Unmatched,Control (Non-Solar),0.3289100955556161,2.050943396226415
Unmatched,Control (Non-Solar),0.3300144951539661,2.0566037735849054
Unmatched,Control (Non-Solar),0.33111889475231604,2.060377358490566
Unmatched,Control (Non-Solar),0.332223294350666,2.0641509433962266
Unmatched,Control (Non-Solar),0.33332769394901607,2.0698113207547166
Unmatched,Control (Non-Solar),0.334432093547366,2.0735849056603772
Unmatched,Control (Non-Solar),0.335536493145716,2.077358490566038
Unmatched,Control (Non-Solar),0.33664089274406594,2.081132075471698
Unmatched,Control (Non-Solar),0.3377452923424159,2.084905660377358
Unmatched,Control (Non-Solar),0.338849691940766,2.0886792452830187
Unmatched,Control (Non-Solar),0.33995409153911593,2.0943396226415096
Unmatched,Control (Non-Solar),0.3410584911374659,2.0999999999999996
Unmatched,Control (Non-Solar),0.34216289073581585,2.1037735849056602
Unmatched,Control (Non-Solar),0.3432672903341658,2.107547169811321
Unmatched,Control (Non-Solar),0.34437168993251577,2.107547169811321
Unmatched,Control (Non-Solar),0.34547608953086584,2.107547169811321
Unmatched,Control (Non-Solar),0.3465804891292158,2.107547169811321
Unmatched,Control (Non-Solar),0.34768488872756576,2.107547169811321
Unmatched,Control (Non-Solar),0.37087728029291533,2.192452830188679
Unmatched,Control (Non-Solar),0.3719816798912653,2.190566037735849
Unmatched,Control (Non-Solar),0.37308607948961536,2.188679245283019
Unmatched,Control (Non-Solar),0.3741904790879653,2.188679245283019
Unmatched,Control (Non-Solar),0.3752948786863153,2.190566037735849
Unmatched,Control (Non-Solar),0.37639927828466524,2.192452830188679
Unmatched,Control (Non-Solar),0.3775036778830152,2.192452830188679
Unmatched,Control (Non-Solar),0.37860807748136516,2.1943396226415093
Unmatched,Control (Non-Solar),0.3797124770797152,2.1962264150943396
Unmatched,Control (Non-Solar),0.3808168766780652,2.1962264150943396
Unmatched,Control (Non-Solar),0.38192127627641514,2.1962264150943396
Unmatched,Control (Non-Solar),0.3830256758747651,2.2
Unmatched,Control (Non-Solar),0.38413007547311506,2.2
Unmatched,Control (Non-Solar),0.38523447507146513,2.2
Unmatched,Control (Non-Solar),0.3863388746698151,2.2
Unmatched,Control (Non-Solar),0.38744327426816505,2.2
Unmatched,Control (Non-Solar),0.388547673866515,2.2
Unmatched,Control (Non-Solar),0.38965207346486497,2.2018867924528305
Unmatched,Control (Non-Solar),0.3907564730632149,2.2018867924528305
Unmatched,Control (Non-Solar),0.391860872661565,2.2018867924528305
Unmatched,Control (Non-Solar),0.39296527225991496,2.2018867924528305
Unmatched,Control (Non-Solar),0.3940696718582649,2.2
Unmatched,Control (Non-Solar),0.3951740714566149,2.2
Unmatched,Control (Non-Solar),0.39627847105496483,2.2
Unmatched,Control (Non-Solar),0.3973828706533149,2.2
Unmatched,Control (Non-Solar),0.39848727025166486,2.2
Unmatched,Control (Non-Solar),0.3995916698500148,2.2
Unmatched,Control (Non-Solar),0.4006960694483648,2.19811320754717
Unmatched,Control (Non-Solar),0.40180046904671474,2.2
Unmatched,Control (Non-Solar),0.4029048686450648,2.2075471698113205
Unmatched,Control (Non-Solar),0.42720165980876434,2.128301886792453
Unmatched,Control (Non-Solar),0.4283060594071143,2.128301886792453
Unmatched,Control (Non-Solar),0.42941045900546426,2.1264150943396225
Unmatched,Control (Non-Solar),0.4305148586038142,2.1264150943396225
Unmatched,Control (Non-Solar),0.4316192582021642,2.1264150943396225
Unmatched,Control (Non-Solar),0.43272365780051425,2.1226415094339623
Unmatched,Control (Non-Solar),0.4338280573988642,2.1188679245283017
Unmatched,Control (Non-Solar),0.43493245699721417,2.115094339622641
Unmatched,Control (Non-Solar),0.4360368565955641,2.109433962264151
Unmatched,Control (Non-Solar),0.4371412561939141,2.1056603773584905
Unmatched,Control (Non-Solar),0.43824565579226404,2.10188679245283
Unmatched,Control (Non-Solar),0.4393500553906141,2.09811320754717
Unmatched,Control (Non-Solar),0.4404544549889641,2.090566037735849
Unmatched,Control (Non-Solar),0.44155885458731403,2.0867924528301884
Unmatched,Control (Non-Solar),0.442663254185664,2.0830188679245283
Unmatched,Control (Non-Solar),0.44376765378401395,2.077358490566038
Unmatched,Control (Non-Solar),0.444872053382364,2.071698113207547
Unmatched,Control (Non-Solar),0.445976452980714,2.0660377358490565
Unmatched,Control (Non-Solar),0.44708085257906394,2.0660377358490565
Unmatched,Control (Non-Solar),0.4481852521774139,2.0641509433962266
Unmatched,Control (Non-Solar),0.44928965177576385,2.0622641509433963
Unmatched,Control (Non-Solar),0.4503940513741138,2.0622641509433963
Unmatched,Control (Non-Solar),0.4514984509724639,2.060377358490566
Unmatched,Control (Non-Solar),0.46364684655431365,1.949056603773585
Unmatched,Control (Non-Solar),0.4647512461526636,1.9452830188679244
Unmatched,Control (Non-Solar),0.46585564575101357,1.9433962264150941
Unmatched,Control (Non-Solar),0.46696004534936353,1.9433962264150941
Unmatched,Control (Non-Solar),0.4680644449477135,1.939622641509434
Unmatched,Control (Non-Solar),0.46916884454606356,1.9377358490566037
Unmatched,Control (Non-Solar),0.4702732441444135,1.9320754716981132
Unmatched,Control (Non-Solar),0.4713776437427635,1.9245283018867925
Unmatched,Control (Non-Solar),0.47248204334111343,1.9169811320754717
Unmatched,Control (Non-Solar),0.4735864429394634,1.909433962264151
Unmatched,Control (Non-Solar),0.47469084253781346,1.9018867924528302
Unmatched,Control (Non-Solar),0.4757952421361634,1.8943396226415095
Unmatched,Control (Non-Solar),0.4768996417345134,1.8867924528301887
Unmatched,Control (Non-Solar),0.47800404133286334,1.883018867924528
Unmatched,Control (Non-Solar),0.4791084409312133,1.8811320754716983
Unmatched,Control (Non-Solar),0.48021284052956337,1.8773584905660377
Unmatched,Control (Non-Solar),0.4813172401279133,1.8754716981132074
Unmatched,Control (Non-Solar),0.4824216397262633,1.8716981132075472
Unmatched,Control (Non-Solar),0.48352603932461324,1.869811320754717
Unmatched,Control (Non-Solar),0.49236123611141314,1.7528301886792454
Unmatched,Control (Non-Solar),0.4934656357097631,1.7490566037735849
Unmatched,Control (Non-Solar),0.49457003530811305,1.7471698113207546
Unmatched,Control (Non-Solar),0.495674434906463,1.7433962264150944
Unmatched,Control (Non-Solar),0.49677883450481297,1.741509433962264
Unmatched,Control (Non-Solar),0.49788323410316293,1.737735849056604
Unmatched,Control (Non-Solar),0.498987633701513,1.7339622641509433
Unmatched,Control (Non-Solar),0.500092033299863,1.7245283018867923
Unmatched,Control (Non-Solar),0.5011964328982129,1.7169811320754715
Unmatched,Control (Non-Solar),0.5023008324965629,1.7094339622641508
Unmatched,Control (Non-Solar),0.5034052320949128,1.7000000000000002
Unmatched,Control (Non-Solar),0.5045096316932629,1.6924528301886794
Unmatched,Control (Non-Solar),0.5056140312916129,1.6867924528301885
Unmatched,Control (Non-Solar),0.5067184308899628,1.6830188679245284
Unmatched,Control (Non-Solar),0.5078228304883128,1.681132075471698
Unmatched,Control (Non-Solar),0.5089272300866627,1.677358490566038
Unmatched,Control (Non-Solar),0.5100316296850128,1.6735849056603773
Unmatched,Control (Non-Solar),0.5111360292833628,1.6698113207547172
Unmatched,Control (Non-Solar),0.5188668264718126,1.5547169811320756
Unmatched,Control (Non-Solar),0.5199712260701626,1.550943396226415
Unmatched,Control (Non-Solar),0.5210756256685125,1.5471698113207548
Unmatched,Control (Non-Solar),0.5221800252668626,1.5433962264150942
Unmatched,Control (Non-Solar),0.5232844248652125,1.541509433962264
Unmatched,Control (Non-Solar),0.5243888244635625,1.5358490566037735
Unmatched,Control (Non-Solar),0.5254932240619125,1.5320754716981133
Unmatched,Control (Non-Solar),0.5265976236602624,1.5245283018867926
Unmatched,Control (Non-Solar),0.5277020232586124,1.5169811320754718
Unmatched,Control (Non-Solar),0.5288064228569624,1.5075471698113208
Unmatched,Control (Non-Solar),0.5299108224553124,1.4981132075471697
Unmatched,Control (Non-Solar),0.5310152220536624,1.490566037735849
Unmatched,Control (Non-Solar),0.5321196216520123,1.4867924528301888
Unmatched,Control (Non-Solar),0.5332240212503623,1.4830188679245282
Unmatched,Control (Non-Solar),0.5343284208487123,1.479245283018868
Unmatched,Control (Non-Solar),0.5354328204470623,1.4754716981132074
Unmatched,Control (Non-Solar),0.5365372200454123,1.4735849056603771
Unmatched,Control (Non-Solar),0.5376416196437622,1.469811320754717
Unmatched,Control (Non-Solar),0.545372416832212,1.3547169811320754
Unmatched,Control (Non-Solar),0.5464768164305621,1.3509433962264152
Unmatched,Control (Non-Solar),0.5475812160289121,1.349056603773585
Unmatched,Control (Non-Solar),0.548685615627262,1.3452830188679243
Unmatched,Control (Non-Solar),0.549790015225612,1.3433962264150945
Unmatched,Control (Non-Solar),0.550894414823962,1.3396226415094339
Unmatched,Control (Non-Solar),0.551998814422312,1.3377358490566036
Unmatched,Control (Non-Solar),0.553103214020662,1.3301886792452828
Unmatched,Control (Non-Solar),0.5542076136190119,1.3207547169811322
Unmatched,Control (Non-Solar),0.5553120132173619,1.3132075471698115
Unmatched,Control (Non-Solar),0.5564164128157119,1.3056603773584907
Unmatched,Control (Non-Solar),0.5575208124140618,1.29811320754717
Unmatched,Control (Non-Solar),0.5586252120124119,1.2905660377358492
Unmatched,Control (Non-Solar),0.5597296116107618,1.2849056603773583
Unmatched,Control (Non-Solar),0.5608340112091118,1.2830188679245285
Unmatched,Control (Non-Solar),0.5619384108074618,1.2792452830188679
Unmatched,Control (Non-Solar),0.5630428104058117,1.2773584905660376
Unmatched,Control (Non-Solar),0.5641472100041618,1.2735849056603774
Unmatched,Control (Non-Solar),0.5652516096025118,1.271698113207547
Unmatched,Control (Non-Solar),0.5751912059876615,1.1584905660377358
Unmatched,Control (Non-Solar),0.5762956055860116,1.1547169811320752
Unmatched,Control (Non-Solar),0.5774000051843615,1.1528301886792454
Unmatched,Control (Non-Solar),0.5785044047827115,1.150943396226415
Unmatched,Control (Non-Solar),0.5796088043810614,1.1471698113207545
Unmatched,Control (Non-Solar),0.5807132039794114,1.1471698113207545
Unmatched,Control (Non-Solar),0.5818176035777615,1.141509433962264
Unmatched,Control (Non-Solar),0.5829220031761114,1.1339622641509433
Unmatched,Control (Non-Solar),0.5840264027744614,1.1283018867924528
Unmatched,Control (Non-Solar),0.5851308023728113,1.120754716981132
Unmatched,Control (Non-Solar),0.5862352019711613,1.1150943396226416
Unmatched,Control (Non-Solar),0.5873396015695114,1.1094339622641507
Unmatched,Control (Non-Solar),0.5884440011678613,1.1037735849056602
Unmatched,Control (Non-Solar),0.5895484007662113,1.0981132075471698
Unmatched,Control (Non-Solar),0.5906528003645612,1.090566037735849
Unmatched,Control (Non-Solar),0.5917571999629112,1.0867924528301884
Unmatched,Control (Non-Solar),0.5928615995612612,1.0867924528301884
Unmatched,Control (Non-Solar),0.5939659991596112,1.0830188679245283
Unmatched,Control (Non-Solar),0.5950703987579612,1.081132075471698
Unmatched,Control (Non-Solar),0.5961747983563112,1.081132075471698
Unmatched,Control (Non-Solar),0.6105319931348608,0.9716981132075473
Unmatched,Control (Non-Solar),0.6116363927332109,0.9716981132075473
Unmatched,Control (Non-Solar),0.6127407923315609,0.9679245283018867
Unmatched,Control (Non-Solar),0.6138451919299108,0.9679245283018867
Unmatched,Control (Non-Solar),0.6149495915282608,0.9679245283018867
Unmatched,Control (Non-Solar),0.6160539911266107,0.9641509433962265
Unmatched,Control (Non-Solar),0.6171583907249608,0.9584905660377356
Unmatched,Control (Non-Solar),0.6182627903233108,0.9547169811320755
Unmatched,Control (Non-Solar),0.6193671899216607,0.9509433962264149
Unmatched,Control (Non-Solar),0.6204715895200107,0.9433962264150941
Unmatched,Control (Non-Solar),0.6215759891183607,0.939622641509434
Unmatched,Control (Non-Solar),0.6226803887167106,0.9358490566037734
Unmatched,Control (Non-Solar),0.6237847883150607,0.9320754716981132
Unmatched,Control (Non-Solar),0.6248891879134106,0.9245283018867925
Unmatched,Control (Non-Solar),0.6259935875117606,0.9207547169811319
Unmatched,Control (Non-Solar),0.6270979871101106,0.9169811320754717
Unmatched,Control (Non-Solar),0.6282023867084605,0.9132075471698111
Unmatched,Control (Non-Solar),0.6293067863068106,0.9075471698113207
Unmatched,Control (Non-Solar),0.6304111859051605,0.9056603773584904
Unmatched,Control (Non-Solar),0.6315155855035105,0.9056603773584904
Unmatched,Control (Non-Solar),0.6326199851018605,0.9056603773584904
Unmatched,Control (Non-Solar),0.6337243847002104,0.9056603773584904
Unmatched,Control (Non-Solar),0.65249917787216,0.8018867924528301
Unmatched,Control (Non-Solar),0.6536035774705101,0.8018867924528301
Unmatched,Control (Non-Solar),0.6547079770688601,0.8018867924528301
Unmatched,Control (Non-Solar),0.65581237666721,0.8018867924528301
Unmatched,Control (Non-Solar),0.65691677626556,0.8018867924528301
Unmatched,Control (Non-Solar),0.65802117586391,0.79811320754717
Unmatched,Control (Non-Solar),0.65912557546226,0.7943396226415094
Unmatched,Control (Non-Solar),0.66022997506061,0.7905660377358492
Unmatched,Control (Non-Solar),0.66133437465896,0.7867924528301886
Unmatched,Control (Non-Solar),0.6624387742573099,0.7830188679245285
Unmatched,Control (Non-Solar),0.6635431738556599,0.7792452830188679
Unmatched,Control (Non-Solar),0.6646475734540098,0.7754716981132077
Unmatched,Control (Non-Solar),0.6657519730523599,0.7716981132075471
Unmatched,Control (Non-Solar),0.6668563726507098,0.767924528301887
Unmatched,Control (Non-Solar),0.6679607722490598,0.7641509433962264
Unmatched,Control (Non-Solar),0.6690651718474098,0.7603773584905662
Unmatched,Control (Non-Solar),0.6701695714457597,0.7528301886792454
Unmatched,Control (Non-Solar),0.6712739710441098,0.7490566037735849
Unmatched,Control (Non-Solar),0.6723783706424598,0.7452830188679247
Unmatched,Control (Non-Solar),0.6734827702408097,0.7433962264150944
Unmatched,Control (Non-Solar),0.6745871698391597,0.7433962264150944
Unmatched,Control (Non-Solar),0.6756915694375096,0.7433962264150944
Unmatched,Control (Non-Solar),0.6767959690358597,0.7433962264150944
Unmatched,Control (Non-Solar),0.6779003686342097,0.7415094339622641
Unmatched,Control (Non-Solar),0.6955707622078093,0.641509433962264
Unmatched,Control (Non-Solar),0.6966751618061593,0.641509433962264
Unmatched,Control (Non-Solar),0.6977795614045093,0.6396226415094337
Unmatched,Control (Non-Solar),0.6988839610028592,0.6396226415094337
Unmatched,Control (Non-Solar),0.6999883606012092,0.6396226415094337
Unmatched,Control (Non-Solar),0.7010927601995592,0.6377358490566039
Unmatched,Control (Non-Solar),0.7021971597979092,0.632075471698113
Unmatched,Control (Non-Solar),0.7033015593962592,0.6283018867924528
Unmatched,Control (Non-Solar),0.7044059589946091,0.6226415094339623
Unmatched,Control (Non-Solar),0.7055103585929591,0.6188679245283017
Unmatched,Control (Non-Solar),0.7066147581913091,0.6150943396226416
Unmatched,Control (Non-Solar),0.7077191577896591,0.611320754716981
Unmatched,Control (Non-Solar),0.7088235573880091,0.6056603773584905
Unmatched,Control (Non-Solar),0.709927956986359,0.6000000000000001
Unmatched,Control (Non-Solar),0.711032356584709,0.5962264150943395
Unmatched,Control (Non-Solar),0.7121367561830589,0.5924528301886793
Unmatched,Control (Non-Solar),0.713241155781409,0.5886792452830187
Unmatched,Control (Non-Solar),0.714345555379759,0.5830188679245283
Unmatched,Control (Non-Solar),0.7154499549781089,0.5792452830188677
Unmatched,Control (Non-Solar),0.7165543545764589,0.5792452830188677
Unmatched,Control (Non-Solar),0.7176587541748088,0.5792452830188677
Unmatched,Control (Non-Solar),0.7187631537731589,0.5754716981132075
Unmatched,Control (Non-Solar),0.7198675533715089,0.5754716981132075
Unmatched,Control (Non-Solar),0.7364335473467586,0.469811320754717
Unmatched,Control (Non-Solar),0.7375379469451085,0.469811320754717
Unmatched,Control (Non-Solar),0.7386423465434585,0.469811320754717
Unmatched,Control (Non-Solar),0.7397467461418085,0.469811320754717
Unmatched,Control (Non-Solar),0.7408511457401584,0.4660377358490564
Unmatched,Control (Non-Solar),0.7419555453385084,0.46415094339622653
Unmatched,Control (Non-Solar),0.7430599449368585,0.46037735849056594
Unmatched,Control (Non-Solar),0.7441643445352084,0.4547169811320755
Unmatched,Control (Non-Solar),0.7452687441335584,0.44905660377358503
Unmatched,Control (Non-Solar),0.7463731437319083,0.44528301886792443
Unmatched,Control (Non-Solar),0.7474775433302583,0.4415094339622643
Unmatched,Control (Non-Solar),0.7485819429286084,0.4358490566037734
Unmatched,Control (Non-Solar),0.7496863425269583,0.4301886792452829
Unmatched,Control (Non-Solar),0.7507907421253083,0.42641509433962277
Unmatched,Control (Non-Solar),0.7518951417236582,0.42264150943396217
Unmatched,Control (Non-Solar),0.7529995413220082,0.4169811320754717
Unmatched,Control (Non-Solar),0.7541039409203583,0.41132075471698126
Unmatched,Control (Non-Solar),0.7552083405187082,0.40754716981132066
Unmatched,Control (Non-Solar),0.7563127401170582,0.40754716981132066
Unmatched,Control (Non-Solar),0.7574171397154081,0.40566037735849036
Unmatched,Control (Non-Solar),0.7585215393137581,0.4037735849056605
Unmatched,Control (Non-Solar),0.7596259389121081,0.4037735849056605
Unmatched,Control (Non-Solar),0.7607303385104581,0.4037735849056605
Unmatched,Control (Non-Solar),0.7772963324857077,0.2999999999999998
Unmatched,Control (Non-Solar),0.7784007320840578,0.2999999999999998
Unmatched,Control (Non-Solar),0.7795051316824078,0.29811320754716997
Unmatched,Control (Non-Solar),0.7806095312807577,0.29811320754716997
Unmatched,Control (Non-Solar),0.7817139308791077,0.29811320754716997
Unmatched,Control (Non-Solar),0.7828183304774576,0.29245283018867907
Unmatched,Control (Non-Solar),0.7839227300758077,0.2886792452830189
Unmatched,Control (Non-Solar),0.7850271296741577,0.2849056603773583
Unmatched,Control (Non-Solar),0.7861315292725076,0.28113207547169816
Unmatched,Control (Non-Solar),0.7872359288708576,0.27735849056603756
Unmatched,Control (Non-Solar),0.7883403284692075,0.2716981132075471
Unmatched,Control (Non-Solar),0.7894447280675575,0.26792452830188696
Unmatched,Control (Non-Solar),0.7905491276659076,0.26226415094339606
Unmatched,Control (Non-Solar),0.7916535272642575,0.2584905660377359
Unmatched,Control (Non-Solar),0.7927579268626075,0.2547169811320753
Unmatched,Control (Non-Solar),0.7938623264609574,0.25094339622641515
Unmatched,Control (Non-Solar),0.7949667260593074,0.24716981132075455
Unmatched,Control (Non-Solar),0.7960711256576575,0.2433962264150944
Unmatched,Control (Non-Solar),0.7971755252560074,0.2396226415094338
Unmatched,Control (Non-Solar),0.7982799248543574,0.23773584905660394
Unmatched,Control (Non-Solar),0.7993843244527074,0.23773584905660394
Unmatched,Control (Non-Solar),0.8004887240510573,0.23773584905660394
Unmatched,Control (Non-Solar),0.8015931236494073,0.23773584905660394
Unmatched,Control (Non-Solar),0.8026975232477573,0.23773584905660394
Unmatched,Control (Non-Solar),0.8225767160180569,0.1433962264150943
Unmatched,Control (Non-Solar),0.8236811156164069,0.1433962264150943
Unmatched,Control (Non-Solar),0.8247855152147568,0.14716981132075446
Unmatched,Control (Non-Solar),0.8258899148131069,0.14716981132075446
Unmatched,Control (Non-Solar),0.8269943144114569,0.14716981132075446
Unmatched,Control (Non-Solar),0.8280987140098068,0.1433962264150943
Unmatched,Control (Non-Solar),0.8292031136081568,0.1396226415094337
Unmatched,Control (Non-Solar),0.8303075132065068,0.13773584905660385
Unmatched,Control (Non-Solar),0.8314119128048568,0.13584905660377355
Unmatched,Control (Non-Solar),0.8325163124032068,0.13584905660377355
Unmatched,Control (Non-Solar),0.8336207120015567,0.13584905660377355
Unmatched,Control (Non-Solar),0.8347251115999067,0.13773584905660385
Unmatched,Control (Non-Solar),0.8358295111982567,0.1396226415094337
Matched,Treatment (Solar),0.2147909404461037,0.16603773584905657
Matched,Treatment (Solar),0.21589604497133674,0.16792452830188687
Matched,Treatment (Solar),0.2170011494965698,0.16792452830188687
Matched,Treatment (Solar),0.21810625402180284,0.17169811320754702
Matched,Treatment (Solar),0.21921135854703588,0.17358490566037732
Matched,Treatment (Solar),0.22031646307226893,0.17358490566037732
Matched,Treatment (Solar),0.22142156759750198,0.18113207547169807
Matched,Treatment (Solar),0.22252667212273503,0.18679245283018853
Matched,Treatment (Solar),0.22363177664796807,0.19433962264150928
Matched,Treatment (Solar),0.22473688117320112,0.20188679245283003
Matched,Treatment (Solar),0.22584198569843417,0.20754716981132093
Matched,Treatment (Solar),0.2269470902236672,0.21509433962264168
Matched,Treatment (Solar),0.22805219474890026,0.22264150943396244
Matched,Treatment (Solar),0.2291572992741333,0.2301886792452832
Matched,Treatment (Solar),0.23026240379936636,0.2396226415094338
Matched,Treatment (Solar),0.2313675083245994,0.24716981132075455
Matched,Treatment (Solar),0.23247261284983245,0.2547169811320753
Matched,Treatment (Solar),0.2335777173750655,0.26415094339622636
Matched,Treatment (Solar),0.23468282190029854,0.2716981132075471
Matched,Treatment (Solar),0.2357879264255316,0.28113207547169816
Matched,Treatment (Solar),0.23689303095076464,0.2886792452830189
Matched,Treatment (Solar),0.23799813547599769,0.29811320754716997
Matched,Treatment (Solar),0.23910324000123073,0.3094339622641509
Matched,Treatment (Solar),0.24020834452646378,0.3169811320754716
Matched,Treatment (Solar),0.24131344905169683,0.328301886792453
Matched,Treatment (Solar),0.2424185535769301,0.3377358490566036
Matched,Treatment (Solar),0.24352365810216314,0.34716981132075464
Matched,Treatment (Solar),0.2446287626273962,0.358490566037736
Matched,Treatment (Solar),0.24573386715262924,0.3698113207547169
Matched,Treatment (Solar),0.24683897167786228,0.38113207547169825
Matched,Treatment (Solar),0.24794407620309533,0.39433962264150946
Matched,Treatment (Solar),0.24904918072832838,0.4037735849056605
Matched,Treatment (Solar),0.2501542852535614,0.4169811320754717
Matched,Treatment (Solar),0.2512593897787945,0.4283018867924526
Matched,Treatment (Solar),0.2523644943040275,0.439622641509434
Matched,Treatment (Solar),0.25346959882926057,0.4528301886792452
Matched,Treatment (Solar),0.2545747033544936,0.4660377358490564
Matched,Treatment (Solar),0.25567980787972666,0.47924528301886804
Matched,Treatment (Solar),0.2567849124049597,0.49245283018867925
Matched,Treatment (Solar),0.25789001693019276,0.5075471698113208
Matched,Treatment (Solar),0.2589951214554258,0.520754716981132
Matched,Treatment (Solar),0.26010022598065885,0.5320754716981133
Matched,Treatment (Solar),0.2612053305058919,0.5471698113207548
Matched,Treatment (Solar),0.26231043503112494,0.5641509433962262
Matched,Treatment (Solar),0.263415539556358,0.5792452830188677
Matched,Treatment (Solar),0.26452064408159104,0.5924528301886793
Matched,Treatment (Solar),0.2656257486068241,0.6075471698113208
Matched,Treatment (Solar),0.26673085313205713,0.6245283018867922
Matched,Treatment (Solar),0.2678359576572902,0.6396226415094337
Matched,Treatment (Solar),0.2689410621825232,0.6547169811320752
Matched,Treatment (Solar),0.2700461667077563,0.671698113207547
Matched,Treatment (Solar),0.2711512712329893,0.6886792452830188
Matched,Treatment (Solar),0.27225637575822237,0.7056603773584906
Matched,Treatment (Solar),0.2733614802834554,0.7226415094339624
Matched,Treatment (Solar),0.27446658480868846,0.7396226415094338
Matched,Treatment (Solar),0.2755716893339215,0.7547169811320753
Matched,Treatment (Solar),0.27667679385915456,0.7735849056603774
Matched,Treatment (Solar),0.2777818983843876,0.7924528301886791
Matched,Treatment (Solar),0.27888700290962065,0.8094339622641509
Matched,Treatment (Solar),0.2799921074348537,0.828301886792453
Matched,Treatment (Solar),0.28109721196008675,0.8490566037735849
Matched,Treatment (Solar),0.2822023164853198,0.8660377358490567
Matched,Treatment (Solar),0.28330742101055284,0.8830188679245281
Matched,Treatment (Solar),0.2844125255357859,0.9037735849056605
Matched,Treatment (Solar),0.28551763006101893,0.9226415094339622
Matched,Treatment (Solar),0.286622734586252,0.9415094339622643
Matched,Treatment (Solar),0.28772783911148525,0.9622641509433962
Matched,Treatment (Solar),0.2888329436367183,0.9811320754716979
Matched,Treatment (Solar),0.28993804816195134,1.0018867924528303
Matched,Treatment (Solar),0.2910431526871844,1.020754716981132
Matched,Treatment (Solar),0.29214825721241744,1.039622641509434
Matched,Treatment (Solar),0.2932533617376505,1.0622641509433963
Matched,Treatment (Solar),0.29435846626288353,1.081132075471698
Matched,Treatment (Solar),0.2954635707881166,1.1037735849056602
Matched,Treatment (Solar),0.29656867531334963,1.1245283018867922
Matched,Treatment (Solar),0.2976737798385827,1.1471698113207545
Matched,Treatment (Solar),0.2987788843638157,1.1641509433962263
Matched,Treatment (Solar),0.29988398888904877,1.1849056603773587
Matched,Treatment (Solar),0.3009890934142818,1.207547169811321
Matched,Treatment (Solar),0.30209419793951486,1.228301886792453
Matched,Treatment (Solar),0.3031993024647479,1.2509433962264151
Matched,Treatment (Solar),0.30430440698998096,1.271698113207547
Matched,Treatment (Solar),0.305409511515214,1.292452830188679
Matched,Treatment (Solar),0.30651461604044705,1.3113207547169812
Matched,Treatment (Solar),0.3076197205656801,1.3339622641509434
Matched,Treatment (Solar),0.30872482509091315,1.3566037735849057
Matched,Treatment (Solar),0.3098299296161462,1.379245283018868
Matched,Treatment (Solar),0.31093503414137924,1.3981132075471696
Matched,Treatment (Solar),0.3120401386666123,1.4207547169811319
Matched,Treatment (Solar),0.31314524319184533,1.4433962264150941
Matched,Treatment (Solar),0.3142503477170784,1.4622641509433962
Matched,Treatment (Solar),0.31535545224231143,1.4830188679245282
Matched,Treatment (Solar),0.3164605567675445,1.5056603773584905
Matched,Treatment (Solar),0.3175656612927775,1.5264150943396224
Matched,Treatment (Solar),0.31867076581801057,1.5471698113207548
Matched,Treatment (Solar),0.3197758703432436,1.569811320754717
Matched,Treatment (Solar),0.32088097486847666,1.5924528301886793
Matched,Treatment (Solar),0.3219860793937097,1.6094339622641507
Matched,Treatment (Solar),0.32309118391894276,1.630188679245283
Matched,Treatment (Solar),0.3241962884441758,1.650943396226415
Matched,Treatment (Solar),0.32530139296940885,1.6735849056603773
Matched,Treatment (Solar),0.3264064974946419,1.6924528301886794
Matched,Treatment (Solar),0.32751160201987495,1.7132075471698114
Matched,Treatment (Solar),0.328616706545108,1.7339622641509433
Matched,Treatment (Solar),0.32972181107034104,1.7528301886792454
Matched,Treatment (Solar),0.3308269155955741,1.771698113207547
Matched,Treatment (Solar),0.33193202012080714,1.7905660377358492
Matched,Treatment (Solar),0.3330371246460404,1.8132075471698115
Matched,Treatment (Solar),0.33414222917127345,1.8301886792452828
Matched,Treatment (Solar),0.3352473336965065,1.849056603773585
Matched,Treatment (Solar),0.33635243822173955,1.8679245283018866
Matched,Treatment (Solar),0.3374575427469726,1.8867924528301887
Matched,Treatment (Solar),0.33856264727220564,1.9037735849056605
Matched,Treatment (Solar),0.3396677517974387,1.9226415094339622
Matched,Treatment (Solar),0.34077285632267174,1.939622641509434
Matched,Treatment (Solar),0.3418779608479048,1.9584905660377356
Matched,Treatment (Solar),0.34298306537313783,1.9754716981132074
Matched,Treatment (Solar),0.3440881698983709,1.9924528301886792
Matched,Treatment (Solar),0.3451932744236039,2.0075471698113208
Matched,Treatment (Solar),0.34629837894883697,2.0245283018867926
Matched,Treatment (Solar),0.34740348347407,2.039622641509434
Matched,Treatment (Solar),0.34850858799930307,2.0566037735849054
Matched,Treatment (Solar),0.3496136925245361,2.071698113207547
Matched,Treatment (Solar),0.35071879704976916,2.0867924528301884
Matched,Treatment (Solar),0.3518239015750022,2.10188679245283
Matched,Treatment (Solar),0.35292900610023525,2.115094339622641
Matched,Treatment (Solar),0.3540341106254683,2.128301886792453
Matched,Treatment (Solar),0.35513921515070135,2.1415094339622645
Matched,Treatment (Solar),0.3562443196759344,2.1547169811320757
Matched,Treatment (Solar),0.35734942420116744,2.169811320754717
Matched,Treatment (Solar),0.3584545287264005,2.1830188679245284
Matched,Treatment (Solar),0.35955963325163354,2.1962264150943396
Matched,Treatment (Solar),0.3606647377768666,2.2075471698113205
Matched,Treatment (Solar),0.36176984230209963,2.216981132075472
Matched,Treatment (Solar),0.3628749468273327,2.228301886792453
Matched,Treatment (Solar),0.3639800513525657,2.239622641509434
Matched,Treatment (Solar),0.3650851558777988,2.250943396226415
Matched,Treatment (Solar),0.3661902604030318,2.260377358490566
Matched,Treatment (Solar),0.36729536492826487,2.271698113207547
Matched,Treatment (Solar),0.3684004694534979,2.281132075471698
Matched,Treatment (Solar),0.36950557397873096,2.288679245283019
Matched,Treatment (Solar),0.370610678503964,2.2981132075471695
Matched,Treatment (Solar),0.37171578302919706,2.3056603773584907
Matched,Treatment (Solar),0.3728208875544301,2.3150943396226413
Matched,Treatment (Solar),0.37392599207966315,2.3207547169811322
Matched,Treatment (Solar),0.3750310966048962,2.3283018867924525
Matched,Treatment (Solar),0.37613620113012924,2.3358490566037737
Matched,Treatment (Solar),0.3772413056553623,2.341509433962264
Matched,Treatment (Solar),0.37834641018059556,2.3471698113207546
Matched,Treatment (Solar),0.3794515147058286,2.3547169811320754
Matched,Treatment (Solar),0.38055661923106165,2.360377358490566
Matched,Treatment (Solar),0.3816617237562947,2.3660377358490567
Matched,Treatment (Solar),0.38276682828152775,2.369811320754717
Matched,Treatment (Solar),0.3838719328067608,2.373584905660377
Matched,Treatment (Solar),0.38497703733199384,2.379245283018868
Matched,Treatment (Solar),0.3860821418572269,2.3830188679245285
Matched,Treatment (Solar),0.38718724638245994,2.3867924528301887
Matched,Treatment (Solar),0.388292350907693,2.3886792452830186
Matched,Treatment (Solar),0.38939745543292603,2.392452830188679
Matched,Treatment (Solar),0.3905025599581591,2.3943396226415095
Matched,Treatment (Solar),0.3916076644833921,2.39811320754717
Matched,Treatment (Solar),0.3927127690086252,2.40188679245283
Matched,Treatment (Solar),0.3938178735338582,2.40188679245283
Matched,Treatment (Solar),0.39492297805909127,2.40377358490566
Matched,Treatment (Solar),0.3960280825843243,2.4056603773584904
Matched,Treatment (Solar),0.39713318710955736,2.4075471698113207
Matched,Treatment (Solar),0.3982382916347904,2.4075471698113207
Matched,Treatment (Solar),0.39934339616002346,2.4075471698113207
Matched,Treatment (Solar),0.4004485006852565,2.4075471698113207
Matched,Treatment (Solar),0.40155360521048955,2.4075471698113207
Matched,Treatment (Solar),0.4026587097357226,2.4075471698113207
Matched,Treatment (Solar),0.40376381426095564,2.4075471698113207
Matched,Treatment (Solar),0.4048689187861887,2.4075471698113207
Matched,Treatment (Solar),0.40597402331142174,2.4075471698113207
Matched,Treatment (Solar),0.4070791278366548,2.4075471698113207
Matched,Treatment (Solar),0.40818423236188783,2.4075471698113207
Matched,Treatment (Solar),0.4092893368871209,2.4056603773584904
Matched,Treatment (Solar),0.4103944414123539,2.40377358490566
Matched,Treatment (Solar),0.411499545937587,2.40377358490566
Matched,Treatment (Solar),0.41260465046282,2.40188679245283
Matched,Treatment (Solar),0.41370975498805307,2.4
Matched,Treatment (Solar),0.4148148595132861,2.39811320754717
Matched,Treatment (Solar),0.41591996403851916,2.3962264150943398
Matched,Treatment (Solar),0.4170250685637522,2.3943396226415095
Matched,Treatment (Solar),0.41813017308898526,2.3943396226415095
Matched,Treatment (Solar),0.4192352776142183,2.392452830188679
Matched,Treatment (Solar),0.42034038213945135,2.390566037735849
Matched,Treatment (Solar),0.4214454866646844,2.3886792452830186
Matched,Treatment (Solar),0.42255059118991745,2.3867924528301887
Matched,Treatment (Solar),0.4236556957151507,2.3849056603773584
Matched,Treatment (Solar),0.42476080024038376,2.3830188679245285
Matched,Treatment (Solar),0.4258659047656168,2.3811320754716983
Matched,Treatment (Solar),0.42697100929084986,2.379245283018868
Matched,Treatment (Solar),0.4280761138160829,2.3773584905660377
Matched,Treatment (Solar),0.42918121834131595,2.3754716981132074
Matched,Treatment (Solar),0.430286322866549,2.373584905660377
Matched,Treatment (Solar),0.43139142739178205,2.371698113207547
Matched,Treatment (Solar),0.4324965319170151,2.369811320754717
Matched,Treatment (Solar),0.43360163644224814,2.367924528301887
Matched,Treatment (Solar),0.4347067409674812,2.3660377358490567
Matched,Treatment (Solar),0.43581184549271423,2.3660377358490567
Matched,Treatment (Solar),0.4369169500179473,2.3641509433962264
Matched,Treatment (Solar),0.43802205454318033,2.362264150943396
Matched,Treatment (Solar),0.4391271590684134,2.360377358490566
Matched,Treatment (Solar),0.4402322635936464,2.3584905660377355
Matched,Treatment (Solar),0.44133736811887947,2.3584905660377355
Matched,Treatment (Solar),0.4424424726441125,2.3584905660377355
Matched,Treatment (Solar),0.44354757716934556,2.3584905660377355
Matched,Treatment (Solar),0.4446526816945786,2.3547169811320754
Matched,Treatment (Solar),0.44575778621981166,2.3547169811320754
Matched,Treatment (Solar),0.4468628907450447,2.3547169811320754
Matched,Treatment (Solar),0.44796799527027775,2.3547169811320754
Matched,Treatment (Solar),0.4490730997955108,2.3547169811320754
Matched,Treatment (Solar),0.45017820432074385,2.3547169811320754
Matched,Treatment (Solar),0.4512833088459769,2.3547169811320754
Matched,Treatment (Solar),0.45238841337120994,2.3547169811320754
Matched,Treatment (Solar),0.453493517896443,2.3547169811320754
Matched,Treatment (Solar),0.45459862242167604,2.3547169811320754
Matched,Treatment (Solar),0.4557037269469091,2.3547169811320754
Matched,Treatment (Solar),0.45680883147214213,2.3547169811320754
Matched,Treatment (Solar),0.4579139359973752,2.3584905660377355
Matched,Treatment (Solar),0.4590190405226082,2.3584905660377355
Matched,Treatment (Solar),0.46012414504784127,2.3584905660377355
Matched,Treatment (Solar),0.4612292495730743,2.360377358490566
Matched,Treatment (Solar),0.46233435409830737,2.362264150943396
Matched,Treatment (Solar),0.4634394586235404,2.3641509433962264
Matched,Treatment (Solar),0.46454456314877346,2.3660377358490567
Matched,Treatment (Solar),0.4656496676740065,2.367924528301887
Matched,Treatment (Solar),0.46675477219923955,2.367924528301887
Matched,Treatment (Solar),0.4678598767244728,2.371698113207547
Matched,Treatment (Solar),0.46896498124970587,2.3754716981132074
Matched,Treatment (Solar),0.4700700857749389,2.3773584905660377
Matched,Treatment (Solar),0.47117519030017196,2.379245283018868
Matched,Treatment (Solar),0.472280294825405,2.3811320754716983
Matched,Treatment (Solar),0.47338539935063806,2.3849056603773584
Matched,Treatment (Solar),0.4744905038758711,2.3886792452830186
Matched,Treatment (Solar),0.47559560840110415,2.392452830188679
Matched,Treatment (Solar),0.4767007129263372,2.3943396226415095
Matched,Treatment (Solar),0.47780581745157025,2.39811320754717
Matched,Treatment (Solar),0.4789109219768033,2.40188679245283
Matched,Treatment (Solar),0.48001602650203634,2.4056603773584904
Matched,Treatment (Solar),0.4811211310272694,2.409433962264151
Matched,Treatment (Solar),0.48222623555250244,2.4132075471698116
Matched,Treatment (Solar),0.4833313400777355,2.4169811320754717
Matched,Treatment (Solar),0.48443644460296853,2.420754716981132
Matched,Treatment (Solar),0.4855415491282016,2.4245283018867925
Matched,Treatment (Solar),0.4866466536534346,2.428301886792453
Matched,Treatment (Solar),0.48775175817866767,2.4320754716981132
Matched,Treatment (Solar),0.4888568627039007,2.4358490566037734
Matched,Treatment (Solar),0.48996196722913377,2.4415094339622643
Matched,Treatment (Solar),0.4910670717543668,2.4452830188679244
Matched,Treatment (Solar),0.49217217627959986,2.4490566037735846
Matched,Treatment (Solar),0.4932772808048329,2.456603773584906
Matched,Treatment (Solar),0.49438238533006595,2.460377358490566
Matched,Treatment (Solar),0.495487489855299,2.464150943396226
Matched,Treatment (Solar),0.49659259438053205,2.4679245283018867
Matched,Treatment (Solar),0.4976976989057651,2.4735849056603776
Matched,Treatment (Solar),0.49880280343099814,2.4792452830188676
Matched,Treatment (Solar),0.4999079079562312,2.483018867924528
Matched,Treatment (Solar),0.5010130124814642,2.486792452830189
Matched,Treatment (Solar),0.5021181170066973,2.494339622641509
Matched,Treatment (Solar),0.5032232215319303,2.4981132075471697
Matched,Treatment (Solar),0.5043283260571634,2.5018867924528303
Matched,Treatment (Solar),0.5054334305823964,2.5056603773584905
Matched,Treatment (Solar),0.5065385351076295,2.5094339622641506
Matched,Treatment (Solar),0.5076436396328625,2.516981132075472
Matched,Treatment (Solar),0.5087487441580956,2.520754716981132
Matched,Treatment (Solar),0.5098538486833286,2.524528301886792
Matched,Treatment (Solar),0.5109589532085617,2.5283018867924527
Matched,Treatment (Solar),0.5120640577337947,2.5339622641509436
Matched,Treatment (Solar),0.513169162259028,2.5377358490566038
Matched,Treatment (Solar),0.514274266784261,2.543396226415094
Matched,Treatment (Solar),0.5153793713094941,2.547169811320755
Matched,Treatment (Solar),0.5164844758347271,2.5528301886792453
Matched,Treatment (Solar),0.5175895803599602,2.5566037735849054
Matched,Treatment (Solar),0.5186946848851932,2.560377358490566
Matched,Treatment (Solar),0.5197997894104263,2.5641509433962266
Matched,Treatment (Solar),0.5209048939356593,2.5679245283018868
Matched,Treatment (Solar),0.5220099984608924,2.5698113207547166
Matched,Treatment (Solar),0.5231151029861254,2.5735849056603772
Matched,Treatment (Solar),0.5242202075113584,2.577358490566038
Matched,Treatment (Solar),0.5253253120365915,2.581132075471698
Matched,Treatment (Solar),0.5264304165618245,2.584905660377358
Matched,Treatment (Solar),0.5275355210870576,2.5867924528301884
Matched,Treatment (Solar),0.5286406256122906,2.5886792452830187
Matched,Treatment (Solar),0.5297457301375237,2.5924528301886793
Matched,Treatment (Solar),0.5308508346627567,2.5943396226415096
Matched,Treatment (Solar),0.5319559391879898,2.59811320754717
Matched,Treatment (Solar),0.5330610437132228,2.5999999999999996
Matched,Treatment (Solar),0.5341661482384559,2.60188679245283
Matched,Treatment (Solar),0.5352712527636889,2.6037735849056602
Matched,Treatment (Solar),0.536376357288922,2.6056603773584905
Matched,Treatment (Solar),0.537481461814155,2.607547169811321
Matched,Treatment (Solar),0.5385865663393881,2.607547169811321
Matched,Treatment (Solar),0.5396916708646211,2.607547169811321
Matched,Treatment (Solar),0.5407967753898542,2.609433962264151
Matched,Treatment (Solar),0.5419018799150872,2.611320754716981
Matched,Treatment (Solar),0.5430069844403203,2.611320754716981
Matched,Treatment (Solar),0.5441120889655533,2.611320754716981
Matched,Treatment (Solar),0.5452171934907863,2.611320754716981
Matched,Treatment (Solar),0.5463222980160194,2.611320754716981
Matched,Treatment (Solar),0.5474274025412524,2.607547169811321
Matched,Treatment (Solar),0.5485325070664855,2.607547169811321
Matched,Treatment (Solar),0.5496376115917185,2.607547169811321
Matched,Treatment (Solar),0.5507427161169516,2.6056603773584905
Matched,Treatment (Solar),0.5518478206421846,2.6037735849056602
Matched,Treatment (Solar),0.5529529251674177,2.60188679245283
Matched,Treatment (Solar),0.5540580296926507,2.60188679245283
Matched,Treatment (Solar),0.5551631342178838,2.59811320754717
Matched,Treatment (Solar),0.5562682387431168,2.5962264150943395
Matched,Treatment (Solar),0.5573733432683499,2.5924528301886793
Matched,Treatment (Solar),0.5584784477935831,2.5886792452830187
Matched,Treatment (Solar),0.5595835523188162,2.5867924528301884
Matched,Treatment (Solar),0.5606886568440492,2.5830188679245283
Matched,Treatment (Solar),0.5617937613692823,2.579245283018868
Matched,Treatment (Solar),0.5628988658945153,2.5754716981132075
Matched,Treatment (Solar),0.5640039704197484,2.5698113207547166
Matched,Treatment (Solar),0.5651090749449814,2.5660377358490565
Matched,Treatment (Solar),0.5662141794702145,2.560377358490566
Matched,Treatment (Solar),0.5673192839954475,2.5566037735849054
Matched,Treatment (Solar),0.5684243885206806,2.549056603773585
Matched,Treatment (Solar),0.5695294930459136,2.543396226415094
Matched,Treatment (Solar),0.5706345975711467,2.5377358490566038
Matched,Treatment (Solar),0.5717397020963797,2.5320754716981133
Matched,Treatment (Solar),0.5728448066216127,2.5264150943396224
Matched,Treatment (Solar),0.5739499111468458,2.518867924528302
Matched,Treatment (Solar),0.5750550156720788,2.511320754716981
Matched,Treatment (Solar),0.5761601201973119,2.5056603773584905
Matched,Treatment (Solar),0.5772652247225449,2.4962264150943394
Matched,Treatment (Solar),0.578370329247778,2.488679245283019
Matched,Treatment (Solar),0.579475433773011,2.481132075471698
Matched,Treatment (Solar),0.5805805382982441,2.4716981132075473
Matched,Treatment (Solar),0.5816856428234771,2.464150943396226
Matched,Treatment (Solar),0.5827907473487102,2.4547169811320755
Matched,Treatment (Solar),0.5838958518739432,2.4471698113207547
Matched,Treatment (Solar),0.5850009563991763,2.4377358490566037
Matched,Treatment (Solar),0.5861060609244093,2.4264150943396228
Matched,Treatment (Solar),0.5872111654496424,2.4169811320754717
Matched,Treatment (Solar),0.5883162699748754,2.4056603773584904
Matched,Treatment (Solar),0.5894213745001085,2.39811320754717
Matched,Treatment (Solar),0.5905264790253415,2.3867924528301887
Matched,Treatment (Solar),0.5916315835505745,2.3773584905660377
Matched,Treatment (Solar),0.5927366880758076,2.3660377358490567
Matched,Treatment (Solar),0.5938417926010406,2.3547169811320754
Matched,Treatment (Solar),0.5949468971262737,2.341509433962264
Matched,Treatment (Solar),0.5960520016515067,2.330188679245283
Matched,Treatment (Solar),0.5971571061767398,2.3207547169811322
Matched,Treatment (Solar),0.5982622107019728,2.309433962264151
Matched,Treatment (Solar),0.5993673152272059,2.2981132075471695
Matched,Treatment (Solar),0.6004724197524389,2.2849056603773583
Matched,Treatment (Solar),0.601577524277672,2.271698113207547
Matched,Treatment (Solar),0.602682628802905,2.258490566037736
Matched,Treatment (Solar),0.6037877333281383,2.247169811320755
Matched,Treatment (Solar),0.6048928378533713,2.2339622641509433
Matched,Treatment (Solar),0.6059979423786044,2.222641509433962
Matched,Treatment (Solar),0.6071030469038374,2.2075471698113205
Matched,Treatment (Solar),0.6082081514290705,2.1962264150943396
Matched,Treatment (Solar),0.6093132559543035,2.181132075471698
Matched,Treatment (Solar),0.6104183604795366,2.167924528301887
Matched,Treatment (Solar),0.6115234650047696,2.1528301886792454
Matched,Treatment (Solar),0.6126285695300027,2.139622641509434
Matched,Treatment (Solar),0.6137336740552357,2.128301886792453
Matched,Treatment (Solar),0.6148387785804688,2.1132075471698113
Matched,Treatment (Solar),0.6159438831057018,2.0999999999999996
Matched,Treatment (Solar),0.6170489876309349,2.084905660377358
Matched,Treatment (Solar),0.6181540921561679,2.071698113207547
Matched,Treatment (Solar),0.619259196681401,2.0566037735849054
Matched,Treatment (Solar),0.620364301206634,2.043396226415094
Matched,Treatment (Solar),0.621469405731867,2.0283018867924527
Matched,Treatment (Solar),0.6225745102571001,2.0150943396226415
Matched,Treatment (Solar),0.6236796147823331,2.0
Matched,Treatment (Solar),0.6247847193075662,1.9849056603773585
Matched,Treatment (Solar),0.6258898238327992,1.969811320754717
Matched,Treatment (Solar),0.6269949283580323,1.9547169811320755
Matched,Treatment (Solar),0.6281000328832653,1.9415094339622643
Matched,Treatment (Solar),0.6292051374084984,1.9264150943396228
Matched,Treatment (Solar),0.6303102419337314,1.9113207547169813
Matched,Treatment (Solar),0.6314153464589645,1.8962264150943398
Matched,Treatment (Solar),0.6325204509841975,1.8811320754716983
Matched,Treatment (Solar),0.6336255555094306,1.8660377358490567
Matched,Treatment (Solar),0.6347306600346636,1.8509433962264152
Matched,Treatment (Solar),0.6358357645598967,1.8377358490566036
Matched,Treatment (Solar),0.6369408690851297,1.8245283018867924
Matched,Treatment (Solar),0.6380459736103627,1.8094339622641509
Matched,Treatment (Solar),0.6391510781355958,1.7943396226415094
Matched,Treatment (Solar),0.6402561826608288,1.7792452830188679
Matched,Treatment (Solar),0.6413612871860619,1.7641509433962264
Matched,Treatment (Solar),0.6424663917112949,1.7490566037735849
Matched,Treatment (Solar),0.643571496236528,1.7339622641509433
Matched,Treatment (Solar),0.644676600761761,1.7226415094339624
Matched,Treatment (Solar),0.6457817052869941,1.707547169811321
Matched,Treatment (Solar),0.6468868098122271,1.6943396226415093
Matched,Treatment (Solar),0.6479919143374602,1.6792452830188678
Matched,Treatment (Solar),0.6490970188626934,1.6641509433962263
Matched,Treatment (Solar),0.6502021233879265,1.6490566037735848
Matched,Treatment (Solar),0.6513072279131595,1.6358490566037736
Matched,Treatment (Solar),0.6524123324383926,1.6226415094339623
Matched,Treatment (Solar),0.6535174369636256,1.6094339622641507
Matched,Treatment (Solar),0.6546225414888587,1.5943396226415092
Matched,Treatment (Solar),0.6557276460140917,1.5792452830188677
Matched,Treatment (Solar),0.6568327505393248,1.5679245283018868
Matched,Treatment (Solar),0.6579378550645578,1.5528301886792453
Matched,Treatment (Solar),0.6590429595897909,1.539622641509434
Matched,Treatment (Solar),0.6601480641150239,1.5264150943396224
Matched,Treatment (Solar),0.661253168640257,1.5132075471698112
Matched,Treatment (Solar),0.66235827316549,1.5018867924528303
Matched,Treatment (Solar),0.663463377690723,1.4867924528301888
Matched,Treatment (Solar),0.6645684822159561,1.4735849056603771
Matched,Treatment (Solar),0.6656735867411891,1.460377358490566
Matched,Treatment (Solar),0.6667786912664222,1.4471698113207547
Matched,Treatment (Solar),0.6678837957916552,1.4358490566037734
Matched,Treatment (Solar),0.6689889003168883,1.4245283018867925
Matched,Treatment (Solar),0.6700940048421213,1.409433962264151
Matched,Treatment (Solar),0.6711991093673544,1.3981132075471696
Matched,Treatment (Solar),0.6723042138925874,1.3849056603773584
Matched,Treatment (Solar),0.6734093184178205,1.3735849056603775
Matched,Treatment (Solar),0.6745144229430535,1.3622641509433961
Matched,Treatment (Solar),0.6756195274682866,1.3509433962264152
Matched,Treatment (Solar),0.6767246319935196,1.3377358490566036
Matched,Treatment (Solar),0.6778297365187527,1.3264150943396227
Matched,Treatment (Solar),0.6789348410439857,1.3150943396226413
Matched,Treatment (Solar),0.6800399455692188,1.3037735849056604
Matched,Treatment (Solar),0.6811450500944518,1.292452830188679
Matched,Treatment (Solar),0.6822501546196849,1.2811320754716982
Matched,Treatment (Solar),0.6833552591449179,1.2698113207547168
Matched,Treatment (Solar),0.684460363670151,1.2603773584905662
Matched,Treatment (Solar),0.685565468195384,1.2490566037735849
Matched,Treatment (Solar),0.686670572720617,1.237735849056604
Matched,Treatment (Solar),0.6877756772458501,1.2264150943396226
Matched,Treatment (Solar),0.6888807817710831,1.2150943396226417
Matched,Treatment (Solar),0.6899858862963162,1.2056603773584906
Matched,Treatment (Solar),0.6910909908215492,1.1943396226415093
Matched,Treatment (Solar),0.6921960953467823,1.1849056603773587
Matched,Treatment (Solar),0.6933011998720153,1.1754716981132076
Matched,Treatment (Solar),0.6944063043972486,1.1641509433962263
Matched,Treatment (Solar),0.6955114089224816,1.1547169811320752
Matched,Treatment (Solar),0.6966165134477147,1.1433962264150943
Matched,Treatment (Solar),0.6977216179729477,1.1358490566037736
Matched,Treatment (Solar),0.6988267224981808,1.1245283018867922
Matched,Treatment (Solar),0.6999318270234138,1.1169811320754715
Matched,Treatment (Solar),0.7010369315486469,1.1056603773584905
Matched,Treatment (Solar),0.7021420360738799,1.0962264150943395
Matched,Treatment (Solar),0.703247140599113,1.0886792452830187
Matched,Treatment (Solar),0.704352245124346,1.0773584905660378
Matched,Treatment (Solar),0.7054573496495791,1.069811320754717
Matched,Treatment (Solar),0.7065624541748121,1.0584905660377357
Matched,Treatment (Solar),0.7076675587000452,1.050943396226415
Matched,Treatment (Solar),0.7087726632252782,1.0433962264150942
Matched,Treatment (Solar),0.7098777677505113,1.0339622641509432
Matched,Treatment (Solar),0.7109828722757443,1.0245283018867926
Matched,Treatment (Solar),0.7120879768009774,1.0150943396226415
Matched,Treatment (Solar),0.7131930813262104,1.0075471698113208
Matched,Treatment (Solar),0.7142981858514434,1.0
Matched,Treatment (Solar),0.7154032903766765,0.9924528301886792
Matched,Treatment (Solar),0.7165083949019095,0.9830188679245282
Matched,Treatment (Solar),0.7176134994271426,0.9735849056603771
Matched,Treatment (Solar),0.7187186039523756,0.9660377358490564
Matched,Treatment (Solar),0.7198237084776087,0.9566037735849058
Matched,Treatment (Solar),0.7209288130028417,0.949056603773585
Matched,Treatment (Solar),0.7220339175280748,0.9415094339622643
Matched,Treatment (Solar),0.7231390220533078,0.9339622641509435
Matched,Treatment (Solar),0.7242441265785409,0.9264150943396228
Matched,Treatment (Solar),0.7253492311037739,0.918867924528302
Matched,Treatment (Solar),0.726454335629007,0.9075471698113207
Matched,Treatment (Solar),0.72755944015424,0.8999999999999999
Matched,Treatment (Solar),0.7286645446794731,0.8924528301886792
Matched,Treatment (Solar),0.7297696492047061,0.8849056603773584
Matched,Treatment (Solar),0.7308747537299392,0.8773584905660377
Matched,Treatment (Solar),0.7319798582551722,0.8698113207547169
Matched,Treatment (Solar),0.7330849627804052,0.8622641509433961
Matched,Treatment (Solar),0.7341900673056383,0.8547169811320754
Matched,Treatment (Solar),0.7352951718308713,0.8471698113207546
Matched,Treatment (Solar),0.7364002763561044,0.8396226415094339
Matched,Treatment (Solar),0.7375053808813374,0.8320754716981131
Matched,Treatment (Solar),0.7386104854065705,0.8245283018867924
Matched,Treatment (Solar),0.7397155899318038,0.8169811320754716
Matched,Treatment (Solar),0.7408206944570368,0.8094339622641509
Matched,Treatment (Solar),0.7419257989822698,0.8018867924528301
Matched,Treatment (Solar),0.7430309035075029,0.7943396226415094
Matched,Treatment (Solar),0.7441360080327359,0.7867924528301886
Matched,Treatment (Solar),0.745241112557969,0.7792452830188679
Matched,Treatment (Solar),0.746346217083202,0.7716981132075471
Matched,Treatment (Solar),0.7474513216084351,0.7641509433962264
Matched,Treatment (Solar),0.7485564261336681,0.7566037735849056
Matched,Treatment (Solar),0.7496615306589012,0.7490566037735849
Matched,Treatment (Solar),0.7507666351841342,0.7415094339622641
Matched,Treatment (Solar),0.7518717397093673,0.7339622641509433
Matched,Treatment (Solar),0.7529768442346003,0.7264150943396226
Matched,Treatment (Solar),0.7540819487598334,0.7188679245283018
Matched,Treatment (Solar),0.7551870532850664,0.7132075471698114
Matched,Treatment (Solar),0.7562921578102995,0.7056603773584906
Matched,Treatment (Solar),0.7573972623355325,0.6981132075471699
Matched,Treatment (Solar),0.7585023668607656,0.6905660377358491
Matched,Treatment (Solar),0.7596074713859986,0.6830188679245284
Matched,Treatment (Solar),0.7607125759112316,0.6754716981132076
Matched,Treatment (Solar),0.7618176804364647,0.6660377358490566
Matched,Treatment (Solar),0.7629227849616977,0.6603773584905661
Matched,Treatment (Solar),0.7640278894869308,0.6528301886792454
Matched,Treatment (Solar),0.7651329940121638,0.6452830188679246
Matched,Treatment (Solar),0.7662380985373969,0.6377358490566039
Matched,Treatment (Solar),0.7673432030626299,0.6301886792452831
Matched,Treatment (Solar),0.768448307587863,0.6226415094339623
Matched,Treatment (Solar),0.769553412113096,0.6150943396226416
Matched,Treatment (Solar),0.7706585166383291,0.6075471698113208
Matched,Treatment (Solar),0.7717636211635623,0.6000000000000001
Matched,Treatment (Solar),0.7728687256887952,0.5924528301886793
Matched,Treatment (Solar),0.7739738302140284,0.5849056603773586
Matched,Treatment (Solar),0.7750789347392613,0.5773584905660378
Matched,Treatment (Solar),0.7761840392644945,0.5698113207547171
Matched,Treatment (Solar),0.7772891437897274,0.5622641509433963
Matched,Treatment (Solar),0.7783942483149606,0.5547169811320756
Matched,Treatment (Solar),0.7794993528401934,0.5471698113207548
Matched,Treatment (Solar),0.7806044573654267,0.5396226415094341
Matched,Treatment (Solar),0.7817095618906595,0.5320754716981133
Matched,Treatment (Solar),0.7828146664158928,0.5245283018867926
Matched,Treatment (Solar),0.7839197709411256,0.5169811320754718
Matched,Treatment (Solar),0.7850248754663589,0.509433962264151
Matched,Treatment (Solar),0.7861299799915917,0.5037735849056602
Matched,Treatment (Solar),0.787235084516825,0.4962264150943394
Matched,Treatment (Solar),0.7883401890420578,0.49056603773584895
Matched,Treatment (Solar),0.7894452935672911,0.4811320754716979
Matched,Treatment (Solar),0.7905503980925239,0.47547169811320744
Matched,Treatment (Solar),0.7916555026177572,0.4679245283018867
Matched,Treatment (Solar),0.79276060714299,0.46037735849056594
Matched,Treatment (Solar),0.7938657116682233,0.4528301886792452
Matched,Treatment (Solar),0.7949708161934561,0.44528301886792443
Matched,Treatment (Solar),0.7960759207186894,0.4377358490566037
Matched,Treatment (Solar),0.7971810252439222,0.4301886792452829
Matched,Treatment (Solar),0.7982861297691555,0.42264150943396217
Matched,Treatment (Solar),0.7993912342943883,0.4150943396226414
Matched,Treatment (Solar),0.8004963388196216,0.40943396226415096
Matched,Treatment (Solar),0.8016014433448544,0.4037735849056605
Matched,Treatment (Solar),0.8027065478700877,0.39433962264150946
Matched,Treatment (Solar),0.8038116523953205,0.388679245283019
Matched,Treatment (Solar),0.8049167569205538,0.38113207547169825
Matched,Treatment (Solar),0.8060218614457866,0.3735849056603775
Matched,Treatment (Solar),0.8071269659710198,0.3679245283018866
Matched,Treatment (Solar),0.8082320704962531,0.36037735849056585
Matched,Treatment (Solar),0.8093371750214859,0.3528301886792451
Matched,Treatment (Solar),0.8104422795467192,0.34716981132075464
Matched,Treatment (Solar),0.811547384071952,0.3415094339622642
Matched,Treatment (Solar),0.8126524885971853,0.33396226415094343
Matched,Treatment (Solar),0.8137575931224181,0.3264150943396227
Matched,Treatment (Solar),0.8148626976476514,0.3188679245283019
Matched,Treatment (Solar),0.8159678021728842,0.3132075471698115
Matched,Treatment (Solar),0.8170729066981175,0.3075471698113206
Matched,Treatment (Solar),0.8181780112233503,0.3018867924528301
Matched,Treatment (Solar),0.8192831157485836,0.29433962264150937
Matched,Treatment (Solar),0.8203882202738164,0.2886792452830189
Matched,Treatment (Solar),0.8214933247990497,0.28301886792452846
Matched,Treatment (Solar),0.8225984293242825,0.2754716981132077
Matched,Treatment (Solar),0.8237035338495158,0.26792452830188696
Matched,Treatment (Solar),0.8248086383747486,0.26415094339622636
Matched,Treatment (Solar),0.8259137428999819,0.2584905660377359
Matched,Treatment (Solar),0.8270188474252147,0.25283018867924545
Matched,Treatment (Solar),0.828123951950448,0.24716981132075455
Matched,Treatment (Solar),0.8292290564756808,0.2396226415094338
Matched,Treatment (Solar),0.8303341610009141,0.23396226415094334
Matched,Treatment (Solar),0.8314392655261469,0.2283018867924529
Matched,Treatment (Solar),0.8325443700513802,0.2245283018867923
Matched,Treatment (Solar),0.833649474576613,0.21698113207547154
Matched,Treatment (Solar),0.8347545791018463,0.21320754716981138
Matched,Treatment (Solar),0.8358596836270791,0.20754716981132093
Matched,Treatment (Solar),0.8369647881523123,0.20188679245283003
Matched,Treatment (Solar),0.8380698926775452,0.19811320754716988
Matched,Treatment (Solar),0.8391749972027784,0.19245283018867898
Matched,Treatment (Solar),0.8402801017280113,0.18679245283018853
Matched,Treatment (Solar),0.8413852062532445,0.18113207547169807
Matched,Treatment (Solar),0.8424903107784774,0.17735849056603747
Matched,Treatment (Solar),0.8435954153037106,0.17358490566037732
Matched,Treatment (Solar),0.8447005198289435,0.16792452830188687
Matched,Treatment (Solar),0.8458056243541767,0.16603773584905657
Matched,Treatment (Solar),0.8469107288794095,0.16603773584905657
Matched,Treatment (Solar),0.8480158334046428,0.16603773584905657
Matched,Treatment (Solar),0.8491209379298756,0.16603773584905657
Matched,Control (Non-Solar),0.16948165491154854,0.14716981132075446
Matched,Control (Non-Solar),0.1705867594367816,0.14905660377358476
Matched,Control (Non-Solar),0.17169186396201463,0.15094339622641506
Matched,Control (Non-Solar),0.17279696848724768,0.15094339622641506
Matched,Control (Non-Solar),0.17390207301248073,0.15283018867924536
Matched,Control (Non-Solar),0.17500717753771378,0.15471698113207522
Matched,Control (Non-Solar),0.17611228206294682,0.1584905660377358
Matched,Control (Non-Solar),0.17721738658817987,0.16415094339622627
Matched,Control (Non-Solar),0.17832249111341292,0.16981132075471672
Matched,Control (Non-Solar),0.17942759563864596,0.17547169811320762
Matched,Control (Non-Solar),0.180532700163879,0.18113207547169807
Matched,Control (Non-Solar),0.18163780468911206,0.18867924528301883
Matched,Control (Non-Solar),0.1827429092143451,0.19245283018867898
Matched,Control (Non-Solar),0.18384801373957815,0.20000000000000018
Matched,Control (Non-Solar),0.1849531182648112,0.20566037735849063
Matched,Control (Non-Solar),0.18605822279004425,0.21132075471698109
Matched,Control (Non-Solar),0.1871633273152773,0.21509433962264168
Matched,Control (Non-Solar),0.18826843184051034,0.21509433962264168
Matched,Control (Non-Solar),0.1893735363657434,0.21886792452830184
Matched,Control (Non-Solar),0.19047864089097644,0.22075471698113214
Matched,Control (Non-Solar),0.19158374541620948,0.2245283018867923
Matched,Control (Non-Solar),0.20042458161807408,0.3415094339622642
Matched,Control (Non-Solar),0.20152968614330713,0.34528301886792434
Matched,Control (Non-Solar),0.20263479066854018,0.35094339622641524
Matched,Control (Non-Solar),0.20373989519377322,0.3547169811320754
Matched,Control (Non-Solar),0.20484499971900627,0.358490566037736
Matched,Control (Non-Solar),0.20595010424423932,0.36226415094339615
Matched,Control (Non-Solar),0.20705520876947237,0.3716981132075472
Matched,Control (Non-Solar),0.2081603132947054,0.3830188679245281
Matched,Control (Non-Solar),0.20926541781993846,0.39433962264150946
Matched,Control (Non-Solar),0.2103705223451715,0.4018867924528302
Matched,Control (Non-Solar),0.21147562687040455,0.4037735849056605
Matched,Control (Non-Solar),0.2125807313956376,0.40943396226415096
Matched,Control (Non-Solar),0.21368583592087065,0.4150943396226414
Matched,Control (Non-Solar),0.2147909404461037,0.418867924528302
Matched,Control (Non-Solar),0.21589604497133674,0.42452830188679247
Matched,Control (Non-Solar),0.2170011494965698,0.4301886792452829
Matched,Control (Non-Solar),0.22031646307226893,0.5490566037735847
Matched,Control (Non-Solar),0.22142156759750198,0.5528301886792453
Matched,Control (Non-Solar),0.22252667212273503,0.560377358490566
Matched,Control (Non-Solar),0.22363177664796807,0.5660377358490565
Matched,Control (Non-Solar),0.22473688117320112,0.5716981132075469
Matched,Control (Non-Solar),0.22584198569843417,0.5792452830188677
Matched,Control (Non-Solar),0.2269470902236672,0.5867924528301884
Matched,Control (Non-Solar),0.22805219474890026,0.5981132075471698
Matched,Control (Non-Solar),0.2291572992741333,0.6037735849056602
Matched,Control (Non-Solar),0.23026240379936636,0.611320754716981
Matched,Control (Non-Solar),0.2313675083245994,0.6188679245283017
Matched,Control (Non-Solar),0.23247261284983245,0.6226415094339623
Matched,Control (Non-Solar),0.2335777173750655,0.6301886792452831
Matched,Control (Non-Solar),0.23468282190029854,0.6377358490566039
Matched,Control (Non-Solar),0.23689303095076464,0.7622641509433961
Matched,Control (Non-Solar),0.23799813547599769,0.7698113207547168
Matched,Control (Non-Solar),0.23910324000123073,0.7754716981132077
Matched,Control (Non-Solar),0.24020834452646378,0.7849056603773583
Matched,Control (Non-Solar),0.24131344905169683,0.7924528301886791
Matched,Control (Non-Solar),0.2424185535769301,0.8018867924528301
Matched,Control (Non-Solar),0.24352365810216314,0.8056603773584907
Matched,Control (Non-Solar),0.2446287626273962,0.8132075471698115
Matched,Control (Non-Solar),0.24573386715262924,0.8207547169811322
Matched,Control (Non-Solar),0.24683897167786228,0.828301886792453
Matched,Control (Non-Solar),0.24794407620309533,0.8358490566037737
Matched,Control (Non-Solar),0.24904918072832838,0.8452830188679243
Matched,Control (Non-Solar),0.2501542852535614,0.8528301886792451
Matched,Control (Non-Solar),0.2512593897787945,0.9773584905660377
Matched,Control (Non-Solar),0.2523644943040275,0.9849056603773585
Matched,Control (Non-Solar),0.25346959882926057,0.9943396226415095
Matched,Control (Non-Solar),0.2545747033544936,1.0018867924528303
Matched,Control (Non-Solar),0.25567980787972666,1.011320754716981
Matched,Control (Non-Solar),0.2567849124049597,1.0188679245283017
Matched,Control (Non-Solar),0.25789001693019276,1.0226415094339623
Matched,Control (Non-Solar),0.2589951214554258,1.0283018867924527
Matched,Control (Non-Solar),0.26010022598065885,1.0377358490566038
Matched,Control (Non-Solar),0.2612053305058919,1.0452830188679245
Matched,Control (Non-Solar),0.26231043503112494,1.0547169811320756
Matched,Control (Non-Solar),0.263415539556358,1.0641509433962262
Matched,Control (Non-Solar),0.26452064408159104,1.1943396226415093
Matched,Control (Non-Solar),0.2656257486068241,1.20188679245283
Matched,Control (Non-Solar),0.26673085313205713,1.211320754716981
Matched,Control (Non-Solar),0.2678359576572902,1.2188679245283018
Matched,Control (Non-Solar),0.2689410621825232,1.228301886792453
Matched,Control (Non-Solar),0.2700461667077563,1.237735849056604
Matched,Control (Non-Solar),0.2711512712329893,1.237735849056604
Matched,Control (Non-Solar),0.27225637575822237,1.2433962264150944
Matched,Control (Non-Solar),0.2733614802834554,1.2528301886792454
Matched,Control (Non-Solar),0.27446658480868846,1.262264150943396
Matched,Control (Non-Solar),0.2755716893339215,1.271698113207547
Matched,Control (Non-Solar),0.27667679385915456,1.2811320754716982
Matched,Control (Non-Solar),0.2777818983843876,1.4113207547169813
Matched,Control (Non-Solar),0.27888700290962065,1.418867924528302
Matched,Control (Non-Solar),0.2799921074348537,1.4283018867924526
Matched,Control (Non-Solar),0.28109721196008675,1.4377358490566037
Matched,Control (Non-Solar),0.2822023164853198,1.4471698113207547
Matched,Control (Non-Solar),0.28330742101055284,1.4528301886792452
Matched,Control (Non-Solar),0.2844125255357859,1.4547169811320755
Matched,Control (Non-Solar),0.28551763006101893,1.4641509433962265
Matched,Control (Non-Solar),0.286622734586252,1.4716981132075473
Matched,Control (Non-Solar),0.28772783911148525,1.481132075471698
Matched,Control (Non-Solar),0.2888329436367183,1.490566037735849
Matched,Control (Non-Solar),0.28993804816195134,1.5
Matched,Control (Non-Solar),0.2910431526871844,1.6264150943396225
Matched,Control (Non-Solar),0.29214825721241744,1.632075471698113
Matched,Control (Non-Solar),0.2932533617376505,1.641509433962264
Matched,Control (Non-Solar),0.29435846626288353,1.650943396226415
Matched,Control (Non-Solar),0.2954635707881166,1.6584905660377358
Matched,Control (Non-Solar),0.29656867531334963,1.6679245283018869
Matched,Control (Non-Solar),0.2976737798385827,1.6698113207547172
Matched,Control (Non-Solar),0.2987788843638157,1.677358490566038
Matched,Control (Non-Solar),0.29988398888904877,1.6849056603773587
Matched,Control (Non-Solar),0.3009890934142818,1.6943396226415093
Matched,Control (Non-Solar),0.30209419793951486,1.70188679245283
Matched,Control (Non-Solar),0.3031993024647479,1.711320754716981
Matched,Control (Non-Solar),0.305409511515214,1.8396226415094339
Matched,Control (Non-Solar),0.30651461604044705,1.8452830188679243
Matched,Control (Non-Solar),0.3076197205656801,1.852830188679245
Matched,Control (Non-Solar),0.30872482509091315,1.8603773584905658
Matched,Control (Non-Solar),0.3098299296161462,1.8660377358490567
Matched,Control (Non-Solar),0.31093503414137924,1.8735849056603775
Matched,Control (Non-Solar),0.3120401386666123,1.8849056603773584
Matched,Control (Non-Solar),0.31314524319184533,1.8905660377358489
Matched,Control (Non-Solar),0.3142503477170784,1.8981132075471696
Matched,Control (Non-Solar),0.31535545224231143,1.9037735849056605
Matched,Control (Non-Solar),0.3164605567675445,1.9113207547169813
Matched,Control (Non-Solar),0.3175656612927775,1.9169811320754717
Matched,Control (Non-Solar),0.31867076581801057,1.9245283018867925
Matched,Control (Non-Solar),0.3219860793937097,2.047169811320755
Matched,Control (Non-Solar),0.32309118391894276,2.0528301886792453
Matched,Control (Non-Solar),0.3241962884441758,2.0566037735849054
Matched,Control (Non-Solar),0.32530139296940885,2.0622641509433963
Matched,Control (Non-Solar),0.3264064974946419,2.0679245283018868
Matched,Control (Non-Solar),0.32751160201987495,2.071698113207547
Matched,Control (Non-Solar),0.328616706545108,2.077358490566038
Matched,Control (Non-Solar),0.32972181107034104,2.0867924528301884
Matched,Control (Non-Solar),0.3308269155955741,2.09811320754717
Matched,Control (Non-Solar),0.33193202012080714,2.107547169811321
Matched,Control (Non-Solar),0.3330371246460404,2.1132075471698113
Matched,Control (Non-Solar),0.33414222917127345,2.1188679245283017
Matched,Control (Non-Solar),0.3352473336965065,2.1226415094339623
Matched,Control (Non-Solar),0.33635243822173955,2.128301886792453
Matched,Control (Non-Solar),0.3374575427469726,2.130188679245283
Matched,Control (Non-Solar),0.33856264727220564,2.1358490566037736
Matched,Control (Non-Solar),0.34629837894883697,2.249056603773585
Matched,Control (Non-Solar),0.34740348347407,2.252830188679245
Matched,Control (Non-Solar),0.34850858799930307,2.252830188679245
Matched,Control (Non-Solar),0.3496136925245361,2.2566037735849056
Matched,Control (Non-Solar),0.35071879704976916,2.258490566037736
Matched,Control (Non-Solar),0.3518239015750022,2.260377358490566
Matched,Control (Non-Solar),0.35292900610023525,2.2641509433962264
Matched,Control (Non-Solar),0.3540341106254683,2.2679245283018865
Matched,Control (Non-Solar),0.35513921515070135,2.2735849056603774
Matched,Control (Non-Solar),0.3562443196759344,2.281132075471698
Matched,Control (Non-Solar),0.35734942420116744,2.2849056603773583
Matched,Control (Non-Solar),0.3584545287264005,2.290566037735849
Matched,Control (Non-Solar),0.35955963325163354,2.2962264150943397
Matched,Control (Non-Solar),0.3606647377768666,2.30188679245283
Matched,Control (Non-Solar),0.36176984230209963,2.3056603773584907
Matched,Control (Non-Solar),0.3628749468273327,2.309433962264151
Matched,Control (Non-Solar),0.3639800513525657,2.313207547169811
Matched,Control (Non-Solar),0.3650851558777988,2.318867924528302
Matched,Control (Non-Solar),0.3661902604030318,2.3207547169811322
Matched,Control (Non-Solar),0.36729536492826487,2.3226415094339625
Matched,Control (Non-Solar),0.3684004694534979,2.3245283018867924
Matched,Control (Non-Solar),0.39713318710955736,2.422641509433962
Matched,Control (Non-Solar),0.3982382916347904,2.4245283018867925
Matched,Control (Non-Solar),0.39934339616002346,2.4245283018867925
Matched,Control (Non-Solar),0.4004485006852565,2.428301886792453
Matched,Control (Non-Solar),0.40155360521048955,2.430188679245283
Matched,Control (Non-Solar),0.4026587097357226,2.4320754716981132
Matched,Control (Non-Solar),0.40376381426095564,2.433962264150943
Matched,Control (Non-Solar),0.4048689187861887,2.4358490566037734
Matched,Control (Non-Solar),0.40597402331142174,2.4358490566037734
Matched,Control (Non-Solar),0.4070791278366548,2.4377358490566037
Matched,Control (Non-Solar),0.40818423236188783,2.439622641509434
Matched,Control (Non-Solar),0.4092893368871209,2.4433962264150946
Matched,Control (Non-Solar),0.4103944414123539,2.4471698113207547
Matched,Control (Non-Solar),0.411499545937587,2.450943396226415
Matched,Control (Non-Solar),0.41260465046282,2.4547169811320755
Matched,Control (Non-Solar),0.41370975498805307,2.458490566037736
Matched,Control (Non-Solar),0.4148148595132861,2.460377358490566
Matched,Control (Non-Solar),0.41591996403851916,2.4622641509433962
Matched,Control (Non-Solar),0.4170250685637522,2.4622641509433962
Matched,Control (Non-Solar),0.41813017308898526,2.4622641509433962
Matched,Control (Non-Solar),0.4192352776142183,2.4622641509433962
Matched,Control (Non-Solar),0.4347067409674812,2.5679245283018868
Matched,Control (Non-Solar),0.43581184549271423,2.571698113207547
Matched,Control (Non-Solar),0.4369169500179473,2.571698113207547
Matched,Control (Non-Solar),0.43802205454318033,2.5735849056603772
Matched,Control (Non-Solar),0.4391271590684134,2.5754716981132075
Matched,Control (Non-Solar),0.4402322635936464,2.577358490566038
Matched,Control (Non-Solar),0.44133736811887947,2.5830188679245283
Matched,Control (Non-Solar),0.4424424726441125,2.5886792452830187
Matched,Control (Non-Solar),0.44354757716934556,2.5943396226415096
Matched,Control (Non-Solar),0.4446526816945786,2.5999999999999996
Matched,Control (Non-Solar),0.44575778621981166,2.607547169811321
Matched,Control (Non-Solar),0.4468628907450447,2.611320754716981
Matched,Control (Non-Solar),0.44796799527027775,2.6169811320754715
Matched,Control (Non-Solar),0.4490730997955108,2.6226415094339623
Matched,Control (Non-Solar),0.45017820432074385,2.628301886792453
Matched,Control (Non-Solar),0.4512833088459769,2.6358490566037736
Matched,Control (Non-Solar),0.45238841337120994,2.6358490566037736
Matched,Control (Non-Solar),0.453493517896443,2.639622641509434
Matched,Control (Non-Solar),0.45459862242167604,2.639622641509434
Matched,Control (Non-Solar),0.4557037269469091,2.6415094339622645
Matched,Control (Non-Solar),0.45680883147214213,2.6433962264150943
Matched,Control (Non-Solar),0.472280294825405,2.747169811320755
Matched,Control (Non-Solar),0.47338539935063806,2.747169811320755
Matched,Control (Non-Solar),0.4744905038758711,2.747169811320755
Matched,Control (Non-Solar),0.47559560840110415,2.747169811320755
Matched,Control (Non-Solar),0.4767007129263372,2.7452830188679247
Matched,Control (Non-Solar),0.47780581745157025,2.747169811320755
Matched,Control (Non-Solar),0.4789109219768033,2.750943396226415
Matched,Control (Non-Solar),0.48001602650203634,2.752830188679245
Matched,Control (Non-Solar),0.4811211310272694,2.7566037735849056
Matched,Control (Non-Solar),0.48222623555250244,2.760377358490566
Matched,Control (Non-Solar),0.4833313400777355,2.760377358490566
Matched,Control (Non-Solar),0.48443644460296853,2.7641509433962264
Matched,Control (Non-Solar),0.4855415491282016,2.7641509433962264
Matched,Control (Non-Solar),0.4866466536534346,2.7660377358490567
Matched,Control (Non-Solar),0.48775175817866767,2.7679245283018865
Matched,Control (Non-Solar),0.4888568627039007,2.769811320754717
Matched,Control (Non-Solar),0.48996196722913377,2.769811320754717
Matched,Control (Non-Solar),0.4910670717543668,2.769811320754717
Matched,Control (Non-Solar),0.49217217627959986,2.769811320754717
Matched,Control (Non-Solar),0.4932772808048329,2.769811320754717
Matched,Control (Non-Solar),0.49438238533006595,2.769811320754717
Matched,Control (Non-Solar),0.495487489855299,2.769811320754717
Matched,Control (Non-Solar),0.49659259438053205,2.769811320754717
Matched,Control (Non-Solar),0.4976976989057651,2.769811320754717
Matched,Control (Non-Solar),0.49880280343099814,2.7679245283018865
Matched,Control (Non-Solar),0.4999079079562312,2.7660377358490567
Matched,Control (Non-Solar),0.5010130124814642,2.7660377358490567
Matched,Control (Non-Solar),0.5021181170066973,2.7679245283018865
Matched,Control (Non-Solar),0.5032232215319303,2.769811320754717
Matched,Control (Non-Solar),0.5043283260571634,2.771698113207547
Matched,Control (Non-Solar),0.5209048939356593,2.667924528301887
Matched,Control (Non-Solar),0.5220099984608924,2.6641509433962263
Matched,Control (Non-Solar),0.5231151029861254,2.662264150943396
Matched,Control (Non-Solar),0.5242202075113584,2.658490566037736
Matched,Control (Non-Solar),0.5253253120365915,2.656603773584906
Matched,Control (Non-Solar),0.5264304165618245,2.6528301886792454
Matched,Control (Non-Solar),0.5275355210870576,2.6471698113207545
Matched,Control (Non-Solar),0.5286406256122906,2.639622641509434
Matched,Control (Non-Solar),0.5297457301375237,2.6358490566037736
Matched,Control (Non-Solar),0.5308508346627567,2.6339622641509433
Matched,Control (Non-Solar),0.5319559391879898,2.628301886792453
Matched,Control (Non-Solar),0.5330610437132228,2.620754716981132
Matched,Control (Non-Solar),0.5341661482384559,2.60188679245283
Matched,Control (Non-Solar),0.5352712527636889,2.581132075471698
Matched,Control (Non-Solar),0.536376357288922,2.584905660377358
Matched,Control (Non-Solar),0.537481461814155,2.584905660377358
Matched,Control (Non-Solar),0.5385865663393881,2.584905660377358
Matched,Control (Non-Solar),0.5441120889655533,2.464150943396226
Matched,Control (Non-Solar),0.5452171934907863,2.458490566037736
Matched,Control (Non-Solar),0.5463222980160194,2.450943396226415
Matched,Control (Non-Solar),0.5474274025412524,2.4471698113207547
Matched,Control (Non-Solar),0.5485325070664855,2.4415094339622643
Matched,Control (Non-Solar),0.5496376115917185,2.433962264150943
Matched,Control (Non-Solar),0.5507427161169516,2.428301886792453
Matched,Control (Non-Solar),0.5518478206421846,2.4169811320754717
Matched,Control (Non-Solar),0.5529529251674177,2.4056603773584904
Matched,Control (Non-Solar),0.5540580296926507,2.40188679245283
Matched,Control (Non-Solar),0.5551631342178838,2.3962264150943398
Matched,Control (Non-Solar),0.5562682387431168,2.390566037735849
Matched,Control (Non-Solar),0.5573733432683499,2.3849056603773584
Matched,Control (Non-Solar),0.5584784477935831,2.379245283018868
Matched,Control (Non-Solar),0.5595835523188162,2.373584905660377
Matched,Control (Non-Solar),0.5617937613692823,2.2547169811320753
Matched,Control (Non-Solar),0.5628988658945153,2.247169811320755
Matched,Control (Non-Solar),0.5640039704197484,2.239622641509434
Matched,Control (Non-Solar),0.5651090749449814,2.2339622641509433
Matched,Control (Non-Solar),0.5662141794702145,2.228301886792453
Matched,Control (Non-Solar),0.5673192839954475,2.220754716981132
Matched,Control (Non-Solar),0.5684243885206806,2.2150943396226417
Matched,Control (Non-Solar),0.5695294930459136,2.2018867924528305
Matched,Control (Non-Solar),0.5706345975711467,2.1943396226415093
Matched,Control (Non-Solar),0.5717397020963797,2.190566037735849
Matched,Control (Non-Solar),0.5728448066216127,2.1830188679245284
Matched,Control (Non-Solar),0.5739499111468458,2.1773584905660375
Matched,Control (Non-Solar),0.5750550156720788,2.169811320754717
Matched,Control (Non-Solar),0.5761601201973119,2.1641509433962263
Matched,Control (Non-Solar),0.578370329247778,2.039622641509434
Matched,Control (Non-Solar),0.579475433773011,2.033962264150943
Matched,Control (Non-Solar),0.5805805382982441,2.0245283018867926
Matched,Control (Non-Solar),0.5816856428234771,2.0188679245283017
Matched,Control (Non-Solar),0.5827907473487102,2.013207547169811
Matched,Control (Non-Solar),0.5838958518739432,2.0056603773584905
Matched,Control (Non-Solar),0.5850009563991763,1.9981132075471697
Matched,Control (Non-Solar),0.5861060609244093,1.9886792452830186
Matched,Control (Non-Solar),0.5872111654496424,1.981132075471698
Matched,Control (Non-Solar),0.5883162699748754,1.9735849056603771
Matched,Control (Non-Solar),0.5894213745001085,1.9679245283018867
Matched,Control (Non-Solar),0.5905264790253415,1.9622641509433962
Matched,Control (Non-Solar),0.5916315835505745,1.9547169811320755
Matched,Control (Non-Solar),0.5927366880758076,1.9471698113207547
Matched,Control (Non-Solar),0.5938417926010406,1.8301886792452828
Matched,Control (Non-Solar),0.5949468971262737,1.8245283018867924
Matched,Control (Non-Solar),0.5960520016515067,1.818867924528302
Matched,Control (Non-Solar),0.5971571061767398,1.8113207547169812
Matched,Control (Non-Solar),0.5982622107019728,1.8056603773584907
Matched,Control (Non-Solar),0.5993673152272059,1.79811320754717
Matched,Control (Non-Solar),0.6004724197524389,1.792452830188679
Matched,Control (Non-Solar),0.601577524277672,1.7811320754716982
Matched,Control (Non-Solar),0.602682628802905,1.771698113207547
Matched,Control (Non-Solar),0.6037877333281383,1.7660377358490567
Matched,Control (Non-Solar),0.6048928378533713,1.7603773584905662
Matched,Control (Non-Solar),0.6059979423786044,1.7528301886792454
Matched,Control (Non-Solar),0.6071030469038374,1.7452830188679247
Matched,Control (Non-Solar),0.6082081514290705,1.7396226415094338
Matched,Control (Non-Solar),0.6115234650047696,1.6132075471698113
Matched,Control (Non-Solar),0.6126285695300027,1.6075471698113208
Matched,Control (Non-Solar),0.6137336740552357,1.6
Matched,Control (Non-Solar),0.6148387785804688,1.5962264150943395
Matched,Control (Non-Solar),0.6159438831057018,1.5886792452830187
Matched,Control (Non-Solar),0.6170489876309349,1.5830188679245283
Matched,Control (Non-Solar),0.6181540921561679,1.5735849056603772
Matched,Control (Non-Solar),0.619259196681401,1.5622641509433963
Matched,Control (Non-Solar),0.620364301206634,1.5566037735849054
Matched,Control (Non-Solar),0.621469405731867,1.550943396226415
Matched,Control (Non-Solar),0.6225745102571001,1.5452830188679245
Matched,Control (Non-Solar),0.6236796147823331,1.5377358490566038
Matched,Control (Non-Solar),0.6247847193075662,1.5320754716981133
Matched,Control (Non-Solar),0.6258898238327992,1.5264150943396224
Matched,Control (Non-Solar),0.6292051374084984,1.4075471698113207
Matched,Control (Non-Solar),0.6303102419337314,1.4
Matched,Control (Non-Solar),0.6314153464589645,1.3943396226415095
Matched,Control (Non-Solar),0.6325204509841975,1.3905660377358489
Matched,Control (Non-Solar),0.6336255555094306,1.3849056603773584
Matched,Control (Non-Solar),0.6347306600346636,1.379245283018868
Matched,Control (Non-Solar),0.6358357645598967,1.3754716981132074
Matched,Control (Non-Solar),0.6369408690851297,1.3641509433962264
Matched,Control (Non-Solar),0.6380459736103627,1.352830188679245
Matched,Control (Non-Solar),0.6391510781355958,1.3433962264150945
Matched,Control (Non-Solar),0.6402561826608288,1.3396226415094339
Matched,Control (Non-Solar),0.6413612871860619,1.3339622641509434
Matched,Control (Non-Solar),0.6424663917112949,1.328301886792453
Matched,Control (Non-Solar),0.643571496236528,1.3245283018867924
Matched,Control (Non-Solar),0.644676600761761,1.318867924528302
Matched,Control (Non-Solar),0.6457817052869941,1.3132075471698115
Matched,Control (Non-Solar),0.6502021233879265,1.1962264150943396
Matched,Control (Non-Solar),0.6513072279131595,1.1924528301886794
Matched,Control (Non-Solar),0.6524123324383926,1.1867924528301885
Matched,Control (Non-Solar),0.6535174369636256,1.1830188679245284
Matched,Control (Non-Solar),0.6546225414888587,1.1792452830188678
Matched,Control (Non-Solar),0.6557276460140917,1.1735849056603773
Matched,Control (Non-Solar),0.6568327505393248,1.1679245283018869
Matched,Control (Non-Solar),0.6579378550645578,1.1584905660377358
Matched,Control (Non-Solar),0.6590429595897909,1.1490566037735848
Matched,Control (Non-Solar),0.6601480641150239,1.1396226415094337
Matched,Control (Non-Solar),0.661253168640257,1.130188679245283
Matched,Control (Non-Solar),0.66235827316549,1.1283018867924528
Matched,Control (Non-Solar),0.663463377690723,1.1226415094339623
Matched,Control (Non-Solar),0.6645684822159561,1.1188679245283017
Matched,Control (Non-Solar),0.6656735867411891,1.1150943396226416
Matched,Control (Non-Solar),0.6667786912664222,1.111320754716981
Matched,Control (Non-Solar),0.6734093184178205,0.9924528301886792
Matched,Control (Non-Solar),0.6745144229430535,0.9886792452830186
Matched,Control (Non-Solar),0.6756195274682866,0.9849056603773585
Matched,Control (Non-Solar),0.6767246319935196,0.9811320754716979
Matched,Control (Non-Solar),0.6778297365187527,0.979245283018868
Matched,Control (Non-Solar),0.6789348410439857,0.9735849056603771
Matched,Control (Non-Solar),0.6800399455692188,0.969811320754717
Matched,Control (Non-Solar),0.6811450500944518,0.9603773584905659
Matched,Control (Non-Solar),0.6822501546196849,0.9528301886792452
Matched,Control (Non-Solar),0.6833552591449179,0.9433962264150941
Matched,Control (Non-Solar),0.684460363670151,0.9358490566037734
Matched,Control (Non-Solar),0.685565468195384,0.9264150943396228
Matched,Control (Non-Solar),0.686670572720617,0.9226415094339622
Matched,Control (Non-Solar),0.6877756772458501,0.918867924528302
Matched,Control (Non-Solar),0.6888807817710831,0.9169811320754717
Matched,Control (Non-Solar),0.6899858862963162,0.9113207547169813
Matched,Control (Non-Solar),0.6910909908215492,0.909433962264151
Matched,Control (Non-Solar),0.6921960953467823,0.9056603773584904
Matched,Control (Non-Solar),0.6999318270234138,0.7905660377358492
Matched,Control (Non-Solar),0.7010369315486469,0.7849056603773583
Matched,Control (Non-Solar),0.7021420360738799,0.7830188679245285
Matched,Control (Non-Solar),0.703247140599113,0.7792452830188679
Matched,Control (Non-Solar),0.704352245124346,0.7773584905660376
Matched,Control (Non-Solar),0.7054573496495791,0.7716981132075471
Matched,Control (Non-Solar),0.7065624541748121,0.7660377358490567
Matched,Control (Non-Solar),0.7076675587000452,0.7584905660377359
Matched,Control (Non-Solar),0.7087726632252782,0.7509433962264151
Matched,Control (Non-Solar),0.7098777677505113,0.7415094339622641
Matched,Control (Non-Solar),0.7109828722757443,0.7339622641509433
Matched,Control (Non-Solar),0.7120879768009774,0.7264150943396226
Matched,Control (Non-Solar),0.7131930813262104,0.7226415094339624
Matched,Control (Non-Solar),0.7142981858514434,0.7188679245283018
Matched,Control (Non-Solar),0.7154032903766765,0.7169811320754715
Matched,Control (Non-Solar),0.7165083949019095,0.7132075471698114
Matched,Control (Non-Solar),0.7176134994271426,0.7094339622641508
Matched,Control (Non-Solar),0.7187186039523756,0.7056603773584906
Matched,Control (Non-Solar),0.726454335629007,0.5924528301886793
Matched,Control (Non-Solar),0.72755944015424,0.5886792452830187
Matched,Control (Non-Solar),0.7286645446794731,0.5867924528301884
Matched,Control (Non-Solar),0.7297696492047061,0.5830188679245283
Matched,Control (Non-Solar),0.7308747537299392,0.581132075471698
Matched,Control (Non-Solar),0.7319798582551722,0.5773584905660378
Matched,Control (Non-Solar),0.7330849627804052,0.5754716981132075
Matched,Control (Non-Solar),0.7341900673056383,0.5679245283018868
Matched,Control (Non-Solar),0.7352951718308713,0.5584905660377357
Matched,Control (Non-Solar),0.7364002763561044,0.550943396226415
Matched,Control (Non-Solar),0.7375053808813374,0.5433962264150942
Matched,Control (Non-Solar),0.7386104854065705,0.5358490566037735
Matched,Control (Non-Solar),0.7397155899318038,0.5283018867924527
Matched,Control (Non-Solar),0.7408206944570368,0.5226415094339623
Matched,Control (Non-Solar),0.7419257989822698,0.520754716981132
Matched,Control (Non-Solar),0.7430309035075029,0.5169811320754718
Matched,Control (Non-Solar),0.7441360080327359,0.5150943396226415
Matched,Control (Non-Solar),0.745241112557969,0.5113207547169809
Matched,Control (Non-Solar),0.746346217083202,0.5075471698113208
Matched,Control (Non-Solar),0.7562921578102995,0.39245283018867916
Matched,Control (Non-Solar),0.7573972623355325,0.39056603773584886
Matched,Control (Non-Solar),0.7585023668607656,0.3867924528301887
Matched,Control (Non-Solar),0.7596074713859986,0.3867924528301887
Matched,Control (Non-Solar),0.7607125759112316,0.3830188679245281
Matched,Control (Non-Solar),0.7618176804364647,0.38113207547169825
Matched,Control (Non-Solar),0.7629227849616977,0.3735849056603775
Matched,Control (Non-Solar),0.7640278894869308,0.3679245283018866
Matched,Control (Non-Solar),0.7651329940121638,0.36037735849056585
Matched,Control (Non-Solar),0.7662380985373969,0.3528301886792451
Matched,Control (Non-Solar),0.7673432030626299,0.34528301886792434
Matched,Control (Non-Solar),0.768448307587863,0.3377358490566036
Matched,Control (Non-Solar),0.769553412113096,0.33396226415094343
Matched,Control (Non-Solar),0.7706585166383291,0.3264150943396227
Matched,Control (Non-Solar),0.7717636211635623,0.3245283018867924
Matched,Control (Non-Solar),0.7728687256887952,0.3207547169811322
Matched,Control (Non-Solar),0.7739738302140284,0.3207547169811322
Matched,Control (Non-Solar),0.7750789347392613,0.3188679245283019
Matched,Control (Non-Solar),0.7761840392644945,0.31509433962264133
Matched,Control (Non-Solar),0.7894452935672911,0.20566037735849063
Matched,Control (Non-Solar),0.7905503980925239,0.20377358490566033
Matched,Control (Non-Solar),0.7916555026177572,0.20188679245283003
Matched,Control (Non-Solar),0.79276060714299,0.20188679245283003
Matched,Control (Non-Solar),0.7938657116682233,0.20188679245283003
Matched,Control (Non-Solar),0.7949708161934561,0.19811320754716988
Matched,Control (Non-Solar),0.7960759207186894,0.19245283018867898
Matched,Control (Non-Solar),0.7971810252439222,0.18867924528301883
Matched,Control (Non-Solar),0.7982861297691555,0.18490566037735823
Matched,Control (Non-Solar),0.7993912342943883,0.17735849056603747
Matched,Control (Non-Solar),0.8004963388196216,0.17358490566037732
Matched,Control (Non-Solar),0.8016014433448544,0.16981132075471672
Matched,Control (Non-Solar),0.8027065478700877,0.16603773584905657
Matched,Control (Non-Solar),0.8038116523953205,0.1603773584905661
Matched,Control (Non-Solar),0.8049167569205538,0.15660377358490551
Matched,Control (Non-Solar),0.8060218614457866,0.15283018867924536
Matched,Control (Non-Solar),0.8071269659710198,0.15283018867924536
Matched,Control (Non-Solar),0.8082320704962531,0.15283018867924536
Matched,Control (Non-Solar),0.8093371750214859,0.15283018867924536
Matched,Control (Non-Solar),0.8104422795467192,0.15094339622641506
